machine_id,machine_name,category,criticality,power_kw,design_life_days,installation_date,observation_date,machine_age_days,avg_ops_hours_per_day,total_runtime_hours,avg_temperature_c,avg_vibration_mmps,avg_current_ratio,breakdown_count,days_since_last_maint,last_maintenance_date,maintenance_cost_inr,health_score,rul_days,maintenance_priority
BLW-MFG-0001,Welding Robot,Manufacturing,Medium,18,2920,2020-02-21,2026-01-01,2292,16.4,29074.0,71.0,2.68,0.885,2,52,2025-11-10,103121.0,62.7,963,Medium
BLW-MFG-0001,Welding Robot,Manufacturing,Medium,18,2920,2020-02-21,2026-01-16,2307,16.4,29320.0,63.0,4.27,0.902,8,44,2025-12-03,90621.0,47.5,929,High
BLW-MFG-0001,Welding Robot,Manufacturing,Medium,18,2920,2020-02-21,2026-01-31,2322,16.4,29566.0,61.0,2.48,0.854,0,15,2026-01-16,18586.0,66.7,988,Medium
BLW-MFG-0001,Welding Robot,Manufacturing,Medium,18,2920,2020-02-21,2026-02-15,2337,16.4,29812.0,60.7,2.04,0.866,3,258,2025-06-02,92293.0,57.5,1014,High
BLW-MFG-0001,Welding Robot,Manufacturing,Medium,18,2920,2020-02-21,2026-03-02,2352,16.4,30058.0,85.8,2.8,0.847,8,101,2025-11-21,108823.0,39.8,787,High
BLW-MFG-0001,Welding Robot,Manufacturing,Medium,18,2920,2020-02-21,2026-03-17,2367,16.4,30304.0,70.3,2.01,0.883,8,214,2025-08-15,36964.0,46.5,968,High
BLW-MFG-0001,Welding Robot,Manufacturing,Medium,18,2920,2020-02-21,2026-04-01,2382,16.4,30550.0,62.6,4.77,0.849,4,3,2026-03-29,115027.0,53.6,940,Medium
BLW-MFG-0001,Welding Robot,Manufacturing,Medium,18,2920,2020-02-21,2026-04-16,2397,16.4,30796.0,55.9,3.34,0.659,2,357,2025-04-24,66279.0,52.3,1034,High
BLW-MFG-0001,Welding Robot,Manufacturing,Medium,18,2920,2020-02-21,2026-05-01,2412,16.4,31042.0,80.3,3.35,0.848,4,79,2026-02-11,36220.0,49.8,783,High
BLW-MFG-0001,Welding Robot,Manufacturing,Medium,18,2920,2020-02-21,2026-05-16,2427,16.4,31288.0,63.6,2.84,0.971,5,52,2026-03-25,18448.0,58.0,917,Medium
BLW-MFG-0002,Welding Robot,Manufacturing,Medium,18,2920,2022-01-05,2026-01-01,1608,17.9,25361.0,68.9,2.45,0.752,0,235,2025-05-11,82753.0,67.6,1225,High
BLW-MFG-0002,Welding Robot,Manufacturing,Medium,18,2920,2022-01-05,2026-01-16,1623,17.9,25629.5,77.0,2.09,0.794,6,40,2025-12-07,85046.0,59.6,1135,Medium
BLW-MFG-0002,Welding Robot,Manufacturing,Medium,18,2920,2022-01-05,2026-01-31,1638,17.9,25898.0,60.8,2.73,0.719,5,295,2025-04-11,32882.0,56.6,1229,High
BLW-MFG-0002,Welding Robot,Manufacturing,Medium,18,2920,2022-01-05,2026-02-15,1653,17.9,26166.5,83.7,2.89,0.935,1,23,2026-01-23,100883.0,64.1,979,Medium
BLW-MFG-0002,Welding Robot,Manufacturing,Medium,18,2920,2022-01-05,2026-03-02,1668,17.9,26435.0,72.5,4.38,0.836,4,40,2026-01-21,129021.0,60.0,862,Medium
BLW-MFG-0002,Welding Robot,Manufacturing,Medium,18,2920,2022-01-05,2026-03-17,1683,17.9,26703.5,78.9,3.13,0.815,1,194,2025-09-04,45306.0,60.1,933,High
BLW-MFG-0002,Welding Robot,Manufacturing,Medium,18,2920,2022-01-05,2026-04-01,1698,17.9,26972.0,67.2,3.42,0.998,5,83,2026-01-08,58676.0,58.9,1043,Medium
BLW-MFG-0002,Welding Robot,Manufacturing,Medium,18,2920,2022-01-05,2026-04-16,1713,17.9,27240.5,64.6,3.97,0.888,3,343,2025-05-08,43712.0,54.7,1116,High
BLW-MFG-0002,Welding Robot,Manufacturing,Medium,18,2920,2022-01-05,2026-05-01,1728,17.9,27509.0,72.6,4.07,0.79,1,311,2025-06-24,97072.0,55.9,1010,High
BLW-MFG-0002,Welding Robot,Manufacturing,Medium,18,2920,2022-01-05,2026-05-16,1743,17.9,27777.5,54.6,3.52,0.891,8,125,2026-01-11,28693.0,55.7,1107,Medium
BLW-LOC-0003,Brake System,Locomotive,Critical,12,2920,2021-07-06,2026-01-01,1791,19.9,31792.0,56.8,3.0,0.809,8,112,2025-09-11,104269.0,52.4,1002,Medium
BLW-LOC-0003,Brake System,Locomotive,Critical,12,2920,2021-07-06,2026-01-16,1806,19.9,32090.5,84.9,5.81,0.876,0,117,2025-09-21,124161.0,49.9,661,High
BLW-LOC-0003,Brake System,Locomotive,Critical,12,2920,2021-07-06,2026-01-31,1821,19.9,32389.0,50.8,3.57,0.867,5,205,2025-07-10,43822.0,58.4,984,High
BLW-LOC-0003,Brake System,Locomotive,Critical,12,2920,2021-07-06,2026-02-15,1836,19.9,32687.5,84.9,3.61,0.725,3,290,2025-05-01,132073.0,47.6,816,High
BLW-LOC-0003,Brake System,Locomotive,Critical,12,2920,2021-07-06,2026-03-02,1851,19.9,32986.0,93.1,2.61,1.038,5,108,2025-11-14,100039.0,45.0,789,High
BLW-LOC-0003,Brake System,Locomotive,Critical,12,2920,2021-07-06,2026-03-17,1866,19.9,33284.5,114.9,2.56,0.807,6,329,2025-04-22,71534.0,32.7,557,High
BLW-LOC-0003,Brake System,Locomotive,Critical,12,2920,2021-07-06,2026-04-01,1881,19.9,33583.0,59.5,3.88,0.753,4,71,2026-01-20,40761.0,60.0,935,Medium
BLW-LOC-0003,Brake System,Locomotive,Critical,12,2920,2021-07-06,2026-04-16,1896,19.9,33881.5,106.8,2.91,0.846,8,275,2025-07-15,43098.0,31.9,568,High
BLW-LOC-0003,Brake System,Locomotive,Critical,12,2920,2021-07-06,2026-05-01,1911,19.9,34180.0,87.8,5.47,0.697,6,298,2025-07-07,62913.0,33.8,626,High
BLW-LOC-0003,Brake System,Locomotive,Critical,12,2920,2021-07-06,2026-05-16,1926,19.9,34478.5,96.9,2.47,0.737,3,70,2026-03-07,78881.0,51.4,768,Medium
BLW-MFG-0004,CNC Turning Center,Manufacturing,High,22,3650,2024-03-27,2026-01-01,796,6.7,3909.0,68.0,3.11,0.752,2,348,2025-01-18,66213.0,74.9,1855,High
BLW-MFG-0004,CNC Turning Center,Manufacturing,High,22,3650,2024-03-27,2026-01-16,811,6.7,4009.5,57.2,4.53,0.872,1,197,2025-07-03,60335.0,77.7,1868,High
BLW-MFG-0004,CNC Turning Center,Manufacturing,High,22,3650,2024-03-27,2026-01-31,826,6.7,4110.0,54.9,3.61,0.946,7,270,2025-05-06,41455.0,68.1,1919,High
BLW-MFG-0004,CNC Turning Center,Manufacturing,High,22,3650,2024-03-27,2026-02-15,841,6.7,4210.5,72.4,3.69,1.025,8,5,2026-02-10,103641.0,69.4,1622,Medium
BLW-MFG-0004,CNC Turning Center,Manufacturing,High,22,3650,2024-03-27,2026-03-02,856,6.7,4311.0,57.5,2.27,0.832,1,349,2025-03-18,133294.0,82.5,2015,High
BLW-MFG-0004,CNC Turning Center,Manufacturing,High,22,3650,2024-03-27,2026-03-17,871,6.7,4411.5,78.9,3.06,0.99,4,328,2025-04-23,54325.0,66.9,1931,High
BLW-MFG-0004,CNC Turning Center,Manufacturing,High,22,3650,2024-03-27,2026-04-01,886,6.7,4512.0,77.3,2.33,0.743,4,222,2025-08-22,27933.0,73.7,1755,High
BLW-MFG-0004,CNC Turning Center,Manufacturing,High,22,3650,2024-03-27,2026-04-16,901,6.7,4612.5,79.2,3.58,0.848,0,134,2025-12-03,145924.0,76.9,1562,Medium
BLW-MFG-0004,CNC Turning Center,Manufacturing,High,22,3650,2024-03-27,2026-05-01,916,6.7,4713.0,66.0,3.97,0.881,2,259,2025-08-15,137331.0,73.3,1796,High
BLW-MFG-0004,CNC Turning Center,Manufacturing,High,22,3650,2024-03-27,2026-05-16,931,6.7,4813.5,76.8,2.45,0.88,4,327,2025-06-23,78611.0,70.0,1669,High
BLW-MFG-0005,Paint Booth Ventilation,Manufacturing,Low,15,2555,2020-11-09,2026-01-01,2030,11.2,17017.0,69.3,3.3,0.928,8,0,2026-01-01,91847.0,55.3,832,Medium
BLW-MFG-0005,Paint Booth Ventilation,Manufacturing,Low,15,2555,2020-11-09,2026-01-16,2045,11.2,17185.0,54.5,3.31,0.876,7,9,2026-01-07,21221.0,59.8,1148,Medium
BLW-MFG-0005,Paint Booth Ventilation,Manufacturing,Low,15,2555,2020-11-09,2026-01-31,2060,11.2,17353.0,73.5,3.92,0.925,5,157,2025-08-27,39721.0,52.2,837,Medium
BLW-MFG-0005,Paint Booth Ventilation,Manufacturing,Low,15,2555,2020-11-09,2026-02-15,2075,11.2,17521.0,76.5,2.25,0.811,3,290,2025-05-01,142308.0,54.3,930,High
BLW-MFG-0005,Paint Booth Ventilation,Manufacturing,Low,15,2555,2020-11-09,2026-03-02,2090,11.2,17689.0,96.0,1.32,0.909,1,248,2025-06-27,123323.0,50.3,798,High
BLW-MFG-0005,Paint Booth Ventilation,Manufacturing,Low,15,2555,2020-11-09,2026-03-17,2105,11.2,17857.0,82.1,3.11,0.737,8,64,2026-01-12,23617.0,46.4,844,High
BLW-MFG-0005,Paint Booth Ventilation,Manufacturing,Low,15,2555,2020-11-09,2026-04-01,2120,11.2,18025.0,61.0,3.29,0.855,7,281,2025-06-24,28943.0,50.1,1059,High
BLW-MFG-0005,Paint Booth Ventilation,Manufacturing,Low,15,2555,2020-11-09,2026-04-16,2135,11.2,18193.0,78.2,1.33,0.874,8,310,2025-06-10,66355.0,44.5,938,High
BLW-MFG-0005,Paint Booth Ventilation,Manufacturing,Low,15,2555,2020-11-09,2026-05-01,2150,11.2,18361.0,61.9,3.1,0.91,3,276,2025-07-29,114513.0,60.0,923,High
BLW-MFG-0005,Paint Booth Ventilation,Manufacturing,Low,15,2555,2020-11-09,2026-05-16,2165,11.2,18529.0,68.2,2.82,0.8,3,365,2025-05-16,50199.0,57.3,972,High
BLW-LOC-0006,Cooling System,Locomotive,High,18,3285,2022-06-16,2026-01-01,1446,18.6,22470.0,59.1,4.6,1.105,3,115,2025-09-08,14284.0,67.8,1210,Medium
BLW-LOC-0006,Cooling System,Locomotive,High,18,3285,2022-06-16,2026-01-16,1461,18.6,22749.0,71.5,5.07,0.77,0,301,2025-03-21,85319.0,61.1,1236,High
BLW-LOC-0006,Cooling System,Locomotive,High,18,3285,2022-06-16,2026-01-31,1476,18.6,23028.0,65.7,3.53,0.471,3,3,2026-01-28,15294.0,68.8,1315,Medium
BLW-LOC-0006,Cooling System,Locomotive,High,18,3285,2022-06-16,2026-02-15,1491,18.6,23307.0,61.7,5.61,0.693,0,117,2025-10-21,14773.0,67.2,1253,Medium
BLW-LOC-0006,Cooling System,Locomotive,High,18,3285,2022-06-16,2026-03-02,1506,18.6,23586.0,102.8,1.98,1.01,0,169,2025-09-14,15274.0,60.8,1057,Medium
BLW-LOC-0006,Cooling System,Locomotive,High,18,3285,2022-06-16,2026-03-17,1521,18.6,23865.0,88.9,3.99,0.803,3,142,2025-10-26,102002.0,55.9,1058,Medium
BLW-LOC-0006,Cooling System,Locomotive,High,18,3285,2022-06-16,2026-04-01,1536,18.6,24144.0,84.5,4.59,1.07,3,276,2025-06-29,24185.0,50.2,1193,High
BLW-LOC-0006,Cooling System,Locomotive,High,18,3285,2022-06-16,2026-04-16,1551,18.6,24423.0,54.3,3.67,0.956,7,124,2025-12-13,118770.0,62.0,1304,Medium
BLW-LOC-0006,Cooling System,Locomotive,High,18,3285,2022-06-16,2026-05-01,1566,18.6,24702.0,81.3,3.31,0.819,6,97,2026-01-24,18677.0,58.0,1198,Medium
BLW-LOC-0006,Cooling System,Locomotive,High,18,3285,2022-06-16,2026-05-16,1581,18.6,24981.0,74.8,5.03,0.932,6,181,2025-11-16,66419.0,53.0,1151,High
BLW-LOC-0007,Axle Bearing Assembly,Locomotive,Critical,0,4015,2024-11-04,2026-01-01,574,16.2,8388.0,65.6,2.83,0.94,1,31,2025-12-01,63380.0,88.1,2073,Low
BLW-LOC-0007,Axle Bearing Assembly,Locomotive,Critical,0,4015,2024-11-04,2026-01-16,589,16.2,8631.0,80.6,5.08,0.784,5,55,2025-11-22,41055.0,67.3,1636,Medium
BLW-LOC-0007,Axle Bearing Assembly,Locomotive,Critical,0,4015,2024-11-04,2026-01-31,604,16.2,8874.0,76.3,4.92,0.959,3,274,2025-05-02,70049.0,67.5,1851,High
BLW-LOC-0007,Axle Bearing Assembly,Locomotive,Critical,0,4015,2024-11-04,2026-02-15,619,16.2,9117.0,80.7,4.47,0.828,6,93,2025-11-14,45389.0,65.9,1686,Medium
BLW-LOC-0007,Axle Bearing Assembly,Locomotive,Critical,0,4015,2024-11-04,2026-03-02,634,16.2,9360.0,82.7,4.41,0.772,3,38,2026-01-23,69254.0,74.9,1621,Low
BLW-LOC-0007,Axle Bearing Assembly,Locomotive,Critical,0,4015,2024-11-04,2026-03-17,649,16.2,9603.0,63.8,5.14,0.97,8,50,2026-01-26,12335.0,68.7,1878,Medium
BLW-LOC-0007,Axle Bearing Assembly,Locomotive,Critical,0,4015,2024-11-04,2026-04-01,664,16.2,9846.0,82.6,2.72,0.889,8,7,2026-03-25,145504.0,67.7,1901,Medium
BLW-LOC-0007,Axle Bearing Assembly,Locomotive,Critical,0,4015,2024-11-04,2026-04-16,679,16.2,10089.0,81.4,2.86,0.846,3,85,2026-01-21,63930.0,76.2,1810,Low
BLW-LOC-0007,Axle Bearing Assembly,Locomotive,Critical,0,4015,2024-11-04,2026-05-01,694,16.2,10332.0,72.1,4.19,0.919,7,109,2026-01-12,130374.0,66.7,1773,Medium
BLW-LOC-0007,Axle Bearing Assembly,Locomotive,Critical,0,4015,2024-11-04,2026-05-16,709,16.2,10575.0,88.7,2.21,0.726,0,84,2026-02-21,59951.0,79.0,1843,Low
BLW-LOC-0008,Brake System,Locomotive,Critical,12,2920,2021-06-27,2026-01-01,1800,19.0,31995.0,82.7,5.27,0.953,4,216,2025-05-30,106006.0,41.6,686,High
BLW-LOC-0008,Brake System,Locomotive,Critical,12,2920,2021-06-27,2026-01-16,1815,19.0,32280.0,63.8,3.53,0.82,8,338,2025-02-12,109169.0,44.6,899,High
BLW-LOC-0008,Brake System,Locomotive,Critical,12,2920,2021-06-27,2026-01-31,1830,19.0,32565.0,87.4,5.44,0.847,2,97,2025-10-26,48023.0,47.0,670,High
BLW-LOC-0008,Brake System,Locomotive,Critical,12,2920,2021-06-27,2026-02-15,1845,19.0,32850.0,74.4,3.92,0.867,0,296,2025-04-25,111682.0,54.4,842,High
BLW-LOC-0008,Brake System,Locomotive,Critical,12,2920,2021-06-27,2026-03-02,1860,19.0,33135.0,81.6,4.3,1.044,0,160,2025-09-23,13289.0,55.4,873,Medium
BLW-LOC-0008,Brake System,Locomotive,Critical,12,2920,2021-06-27,2026-03-17,1875,19.0,33420.0,70.5,4.8,0.897,7,257,2025-07-03,138311.0,44.9,771,High
BLW-LOC-0008,Brake System,Locomotive,Critical,12,2920,2021-06-27,2026-04-01,1890,19.0,33705.0,70.2,3.08,0.625,8,80,2026-01-11,13248.0,49.2,877,High
BLW-LOC-0008,Brake System,Locomotive,Critical,12,2920,2021-06-27,2026-04-16,1905,19.0,33990.0,85.9,4.26,1.11,8,41,2026-03-06,128445.0,42.7,677,High
BLW-LOC-0008,Brake System,Locomotive,Critical,12,2920,2021-06-27,2026-05-01,1920,19.0,34275.0,70.9,4.49,0.732,1,304,2025-07-01,14854.0,54.6,913,High
BLW-LOC-0008,Brake System,Locomotive,Critical,12,2920,2021-06-27,2026-05-16,1935,19.0,34560.0,78.2,1.89,1.057,3,206,2025-10-22,22384.0,55.4,1006,High
BLW-MFG-0009,Material Handling Crane,Manufacturing,Critical,75,7300,2023-03-31,2026-01-01,1158,14.3,14669.0,45.9,2.26,0.821,6,336,2025-01-30,89632.0,73.5,3799,High
BLW-MFG-0009,Material Handling Crane,Manufacturing,Critical,75,7300,2023-03-31,2026-01-16,1173,14.3,14883.5,73.3,1.89,0.811,8,161,2025-08-08,140532.0,70.3,3695,Medium
BLW-MFG-0009,Material Handling Crane,Manufacturing,Critical,75,7300,2023-03-31,2026-01-31,1188,14.3,15098.0,75.1,1.89,0.677,3,342,2025-02-23,108848.0,75.3,3711,High
BLW-MFG-0009,Material Handling Crane,Manufacturing,Critical,75,7300,2023-03-31,2026-02-15,1203,14.3,15312.5,58.4,4.35,0.847,3,135,2025-10-03,62389.0,79.9,3608,Medium
BLW-MFG-0009,Material Handling Crane,Manufacturing,Critical,75,7300,2023-03-31,2026-03-02,1218,14.3,15527.0,92.9,4.58,0.815,4,234,2025-07-11,50846.0,61.2,2911,High
BLW-MFG-0009,Material Handling Crane,Manufacturing,Critical,75,7300,2023-03-31,2026-03-17,1233,14.3,15741.5,85.4,2.18,0.914,1,4,2026-03-13,71451.0,83.3,3129,Low
BLW-MFG-0009,Material Handling Crane,Manufacturing,Critical,75,7300,2023-03-31,2026-04-01,1248,14.3,15956.0,55.6,1.26,0.823,1,37,2026-02-23,82957.0,92.6,4318,Low
BLW-MFG-0009,Material Handling Crane,Manufacturing,Critical,75,7300,2023-03-31,2026-04-16,1263,14.3,16170.5,71.5,4.62,0.717,8,135,2025-12-02,24206.0,61.2,3203,Medium
BLW-MFG-0009,Material Handling Crane,Manufacturing,Critical,75,7300,2023-03-31,2026-05-01,1278,14.3,16385.0,76.0,3.17,0.653,5,35,2026-03-27,132494.0,74.3,3182,Low
BLW-MFG-0009,Material Handling Crane,Manufacturing,Critical,75,7300,2023-03-31,2026-05-16,1293,14.3,16599.5,80.2,3.58,0.771,5,145,2025-12-22,27873.0,67.7,3073,Medium
BLW-LOC-0010,Air Compressor,Locomotive,High,22,3650,2023-06-06,2026-01-01,1091,19.8,20352.0,77.1,4.65,0.732,8,4,2025-12-28,101840.0,58.5,1324,Medium
BLW-LOC-0010,Air Compressor,Locomotive,High,22,3650,2023-06-06,2026-01-16,1106,19.8,20649.0,66.9,3.42,0.731,8,153,2025-08-16,140105.0,60.6,1471,Medium
BLW-LOC-0010,Air Compressor,Locomotive,High,22,3650,2023-06-06,2026-01-31,1121,19.8,20946.0,109.1,3.64,0.776,1,68,2025-11-24,43348.0,59.1,1155,Medium
BLW-LOC-0010,Air Compressor,Locomotive,High,22,3650,2023-06-06,2026-02-15,1136,19.8,21243.0,77.1,4.39,0.956,1,283,2025-05-08,27540.0,62.6,1398,High
BLW-LOC-0010,Air Compressor,Locomotive,High,22,3650,2023-06-06,2026-03-02,1151,19.8,21540.0,77.1,0.94,0.688,4,309,2025-04-27,35541.0,66.5,1735,High
BLW-LOC-0010,Air Compressor,Locomotive,High,22,3650,2023-06-06,2026-03-17,1166,19.8,21837.0,78.3,4.44,0.912,5,104,2025-12-03,104687.0,65.1,1467,Medium
BLW-LOC-0010,Air Compressor,Locomotive,High,22,3650,2023-06-06,2026-04-01,1181,19.8,22134.0,80.9,2.65,0.687,4,258,2025-07-17,75837.0,62.7,1455,High
BLW-LOC-0010,Air Compressor,Locomotive,High,22,3650,2023-06-06,2026-04-16,1196,19.8,22431.0,62.3,3.07,0.755,0,47,2026-02-28,96971.0,84.1,1784,Low
BLW-LOC-0010,Air Compressor,Locomotive,High,22,3650,2023-06-06,2026-05-01,1211,19.8,22728.0,84.3,5.68,0.899,4,22,2026-04-09,5514.0,57.2,1331,Medium
BLW-LOC-0010,Air Compressor,Locomotive,High,22,3650,2023-06-06,2026-05-16,1226,19.8,23025.0,93.3,2.71,0.872,2,326,2025-06-24,147071.0,57.6,1297,High
BLW-MFG-0011,Compressor Unit,Manufacturing,Medium,37,3650,2024-02-27,2026-01-01,825,12.2,9176.0,76.1,4.52,0.68,8,4,2025-12-28,21222.0,64.7,1503,Medium
BLW-MFG-0011,Compressor Unit,Manufacturing,Medium,37,3650,2024-02-27,2026-01-16,840,12.2,9359.0,60.0,2.32,0.739,2,279,2025-04-12,10224.0,80.1,1852,High
BLW-MFG-0011,Compressor Unit,Manufacturing,Medium,37,3650,2024-02-27,2026-01-31,855,12.2,9542.0,69.8,2.85,0.806,5,298,2025-04-08,85116.0,67.2,1718,High
BLW-MFG-0011,Compressor Unit,Manufacturing,Medium,37,3650,2024-02-27,2026-02-15,870,12.2,9725.0,76.5,3.4,0.737,6,65,2025-12-12,11065.0,69.1,1713,Medium
BLW-MFG-0011,Compressor Unit,Manufacturing,Medium,37,3650,2024-02-27,2026-03-02,885,12.2,9908.0,48.2,3.49,0.774,5,20,2026-02-10,135344.0,79.2,1750,Low
BLW-MFG-0011,Compressor Unit,Manufacturing,Medium,37,3650,2024-02-27,2026-03-17,900,12.2,10091.0,47.3,1.59,0.85,3,349,2025-04-02,41182.0,77.6,1861,High
BLW-MFG-0011,Compressor Unit,Manufacturing,Medium,37,3650,2024-02-27,2026-04-01,915,12.2,10274.0,77.5,1.6,0.843,1,181,2025-10-02,118117.0,76.7,1729,High
BLW-MFG-0011,Compressor Unit,Manufacturing,Medium,37,3650,2024-02-27,2026-04-16,930,12.2,10457.0,71.2,2.38,0.817,6,317,2025-06-03,113674.0,68.6,1731,High
BLW-MFG-0011,Compressor Unit,Manufacturing,Medium,37,3650,2024-02-27,2026-05-01,945,12.2,10640.0,81.4,2.18,0.913,3,83,2026-02-07,146550.0,77.7,1506,Low
BLW-MFG-0011,Compressor Unit,Manufacturing,Medium,37,3650,2024-02-27,2026-05-16,960,12.2,10823.0,62.6,3.77,0.845,2,211,2025-10-17,8594.0,77.1,1742,High
BLW-LOC-0012,Alternator,Locomotive,Critical,110,4380,2024-05-21,2026-01-01,741,19.0,13244.0,79.3,3.31,0.99,3,136,2025-08-18,28084.0,72.4,1989,Medium
BLW-LOC-0012,Alternator,Locomotive,Critical,110,4380,2024-05-21,2026-01-16,756,19.0,13529.0,72.6,2.96,0.803,1,195,2025-07-05,131464.0,78.3,2056,High
BLW-LOC-0012,Alternator,Locomotive,Critical,110,4380,2024-05-21,2026-01-31,771,19.0,13814.0,83.9,6.09,0.965,7,113,2025-10-10,33938.0,54.8,1675,Medium
BLW-LOC-0012,Alternator,Locomotive,Critical,110,4380,2024-05-21,2026-02-15,786,19.0,14099.0,74.3,1.2,0.744,7,179,2025-08-20,49253.0,66.7,2072,Medium
BLW-LOC-0012,Alternator,Locomotive,Critical,110,4380,2024-05-21,2026-03-02,801,19.0,14384.0,81.5,5.71,0.909,3,114,2025-11-08,8431.0,64.2,1761,Medium
BLW-LOC-0012,Alternator,Locomotive,Critical,110,4380,2024-05-21,2026-03-17,816,19.0,14669.0,48.8,4.03,0.968,3,204,2025-08-25,52598.0,73.5,2261,High
BLW-LOC-0012,Alternator,Locomotive,Critical,110,4380,2024-05-21,2026-04-01,831,19.0,14954.0,87.9,3.3,0.956,1,142,2025-11-10,55916.0,75.4,1882,Medium
BLW-LOC-0012,Alternator,Locomotive,Critical,110,4380,2024-05-21,2026-04-16,846,19.0,15239.0,87.3,3.3,0.783,8,204,2025-09-24,103530.0,59.2,1722,High
BLW-LOC-0012,Alternator,Locomotive,Critical,110,4380,2024-05-21,2026-05-01,861,19.0,15524.0,85.5,3.33,0.947,8,169,2025-11-13,141189.0,60.1,1915,Medium
BLW-LOC-0012,Alternator,Locomotive,Critical,110,4380,2024-05-21,2026-05-16,876,19.0,15809.0,77.5,3.63,0.778,1,133,2026-01-03,30892.0,74.8,2007,Medium
BLW-LOC-0013,Traction Motor,Locomotive,Critical,350,4380,2020-03-19,2026-01-01,2265,7.5,14106.0,89.4,2.39,0.954,5,223,2025-05-23,92900.0,59.5,1644,High
BLW-LOC-0013,Traction Motor,Locomotive,Critical,350,4380,2020-03-19,2026-01-16,2280,7.5,14218.5,107.0,2.62,0.706,8,59,2025-11-18,60853.0,46.3,1424,High
BLW-LOC-0013,Traction Motor,Locomotive,Critical,350,4380,2020-03-19,2026-01-31,2295,7.5,14331.0,89.4,3.53,0.894,3,130,2025-09-23,11436.0,58.6,1705,Medium
BLW-LOC-0013,Traction Motor,Locomotive,Critical,350,4380,2020-03-19,2026-02-15,2310,7.5,14443.5,82.3,3.78,0.952,6,0,2026-02-15,80388.0,61.3,1574,Medium
BLW-LOC-0013,Traction Motor,Locomotive,Critical,350,4380,2020-03-19,2026-03-02,2325,7.5,14556.0,69.3,4.27,1.096,8,351,2025-03-16,109317.0,53.0,1790,High
BLW-LOC-0013,Traction Motor,Locomotive,Critical,350,4380,2020-03-19,2026-03-17,2340,7.5,14668.5,74.3,2.56,0.86,3,186,2025-09-12,67538.0,67.7,1913,High
BLW-LOC-0013,Traction Motor,Locomotive,Critical,350,4380,2020-03-19,2026-04-01,2355,7.5,14781.0,57.4,5.64,0.861,5,319,2025-05-17,50518.0,56.2,1592,High
BLW-LOC-0013,Traction Motor,Locomotive,Critical,350,4380,2020-03-19,2026-04-16,2370,7.5,14893.5,58.8,4.84,0.894,1,153,2025-11-14,78533.0,69.1,1681,Medium
BLW-LOC-0013,Traction Motor,Locomotive,Critical,350,4380,2020-03-19,2026-05-01,2385,7.5,15006.0,79.4,5.9,0.859,6,167,2025-11-15,63348.0,48.5,1369,High
BLW-LOC-0013,Traction Motor,Locomotive,Critical,350,4380,2020-03-19,2026-05-16,2400,7.5,15118.5,81.1,0.71,0.888,4,283,2025-08-06,23457.0,61.8,1830,High
BLW-LOC-0014,Wheel Assembly,Locomotive,Critical,0,5475,2023-09-23,2026-01-01,982,19.2,17029.0,105.7,4.85,0.818,2,315,2025-02-20,87520.0,51.7,2055,High
BLW-LOC-0014,Wheel Assembly,Locomotive,Critical,0,5475,2023-09-23,2026-01-16,997,19.2,17317.0,79.7,3.57,0.852,6,280,2025-04-11,125890.0,61.7,2336,High
BLW-LOC-0014,Wheel Assembly,Locomotive,Critical,0,5475,2023-09-23,2026-01-31,1012,19.2,17605.0,71.0,2.94,0.856,4,146,2025-09-07,35476.0,73.2,2507,Medium
BLW-LOC-0014,Wheel Assembly,Locomotive,Critical,0,5475,2023-09-23,2026-02-15,1027,19.2,17893.0,82.0,3.34,1.045,5,238,2025-06-22,69059.0,60.1,2485,High
BLW-LOC-0014,Wheel Assembly,Locomotive,Critical,0,5475,2023-09-23,2026-03-02,1042,19.2,18181.0,99.9,1.21,0.829,3,261,2025-06-14,73612.0,63.4,2095,High
BLW-LOC-0014,Wheel Assembly,Locomotive,Critical,0,5475,2023-09-23,2026-03-17,1057,19.2,18469.0,70.3,2.42,1.085,2,337,2025-04-14,17295.0,75.6,2873,High
BLW-LOC-0014,Wheel Assembly,Locomotive,Critical,0,5475,2023-09-23,2026-04-01,1072,19.2,18757.0,93.6,2.45,0.817,8,339,2025-04-27,96776.0,54.7,2100,High
BLW-LOC-0014,Wheel Assembly,Locomotive,Critical,0,5475,2023-09-23,2026-04-16,1087,19.2,19045.0,94.3,3.56,0.84,5,47,2026-02-28,123671.0,64.9,2175,Medium
BLW-LOC-0014,Wheel Assembly,Locomotive,Critical,0,5475,2023-09-23,2026-05-01,1102,19.2,19333.0,79.0,5.29,0.76,3,344,2025-05-22,50011.0,61.0,2257,High
BLW-LOC-0014,Wheel Assembly,Locomotive,Critical,0,5475,2023-09-23,2026-05-16,1117,19.2,19621.0,80.6,4.34,0.745,3,75,2026-03-02,8542.0,71.2,2261,Low
BLW-MFG-0015,Material Handling Crane,Manufacturing,Critical,75,7300,2022-08-31,2026-01-01,1370,14.6,18613.0,58.7,3.74,0.75,7,212,2025-06-03,133490.0,67.2,3274,High
BLW-MFG-0015,Material Handling Crane,Manufacturing,Critical,75,7300,2022-08-31,2026-01-16,1385,14.6,18832.0,73.1,1.7,1.0,3,356,2025-01-25,60677.0,69.4,3926,High
BLW-MFG-0015,Material Handling Crane,Manufacturing,Critical,75,7300,2022-08-31,2026-01-31,1400,14.6,19051.0,69.1,2.81,0.776,6,124,2025-09-29,26398.0,73.3,3515,Medium
BLW-MFG-0015,Material Handling Crane,Manufacturing,Critical,75,7300,2022-08-31,2026-02-15,1415,14.6,19270.0,80.6,3.05,0.85,0,54,2025-12-23,117871.0,79.6,3326,Low
BLW-MFG-0015,Material Handling Crane,Manufacturing,Critical,75,7300,2022-08-31,2026-03-02,1430,14.6,19489.0,71.9,1.46,0.705,3,90,2025-12-02,121596.0,81.5,3677,Low
BLW-MFG-0015,Material Handling Crane,Manufacturing,Critical,75,7300,2022-08-31,2026-03-17,1445,14.6,19708.0,66.8,3.07,0.88,8,237,2025-07-23,12282.0,65.3,3358,High
BLW-MFG-0015,Material Handling Crane,Manufacturing,Critical,75,7300,2022-08-31,2026-04-01,1460,14.6,19927.0,72.2,2.22,0.891,3,62,2026-01-29,71187.0,77.8,3788,Low
BLW-MFG-0015,Material Handling Crane,Manufacturing,Critical,75,7300,2022-08-31,2026-04-16,1475,14.6,20146.0,76.3,3.38,0.953,7,341,2025-05-10,82014.0,62.8,3418,High
BLW-MFG-0015,Material Handling Crane,Manufacturing,Critical,75,7300,2022-08-31,2026-05-01,1490,14.6,20365.0,49.3,2.05,0.798,8,304,2025-07-01,51008.0,70.1,3909,High
BLW-MFG-0015,Material Handling Crane,Manufacturing,Critical,75,7300,2022-08-31,2026-05-16,1505,14.6,20584.0,63.5,3.42,0.789,7,313,2025-07-07,123176.0,65.2,3278,High
BLW-LOC-0016,Wheel Assembly,Locomotive,Critical,0,5475,2024-08-28,2026-01-01,642,18.7,10010.0,64.2,1.88,0.733,2,243,2025-05-03,70260.0,84.9,2839,High
BLW-LOC-0016,Wheel Assembly,Locomotive,Critical,0,5475,2024-08-28,2026-01-16,657,18.7,10290.5,118.3,4.14,0.877,3,326,2025-02-24,45210.0,53.2,1879,High
BLW-LOC-0016,Wheel Assembly,Locomotive,Critical,0,5475,2024-08-28,2026-01-31,672,18.7,10571.0,71.0,3.75,1.167,8,248,2025-05-28,95879.0,64.3,2722,High
BLW-LOC-0016,Wheel Assembly,Locomotive,Critical,0,5475,2024-08-28,2026-02-15,687,18.7,10851.5,69.9,3.61,1.077,4,225,2025-07-05,16235.0,72.2,2903,High
BLW-LOC-0016,Wheel Assembly,Locomotive,Critical,0,5475,2024-08-28,2026-03-02,702,18.7,11132.0,91.8,3.03,0.946,4,120,2025-11-02,44399.0,70.5,2448,Low
BLW-LOC-0016,Wheel Assembly,Locomotive,Critical,0,5475,2024-08-28,2026-03-17,717,18.7,11412.5,58.4,2.88,0.845,5,276,2025-06-14,16684.0,76.0,2992,High
BLW-LOC-0016,Wheel Assembly,Locomotive,Critical,0,5475,2024-08-28,2026-04-01,732,18.7,11693.0,85.5,2.2,0.926,2,118,2025-12-04,60540.0,78.6,2679,Low
BLW-LOC-0016,Wheel Assembly,Locomotive,Critical,0,5475,2024-08-28,2026-04-16,747,18.7,11973.5,99.8,4.85,0.94,2,361,2025-04-20,36023.0,57.2,1875,High
BLW-LOC-0016,Wheel Assembly,Locomotive,Critical,0,5475,2024-08-28,2026-05-01,762,18.7,12254.0,90.8,4.15,0.923,6,208,2025-10-05,52978.0,58.1,2106,High
BLW-LOC-0016,Wheel Assembly,Locomotive,Critical,0,5475,2024-08-28,2026-05-16,777,18.7,12534.5,101.0,3.9,0.977,7,212,2025-10-16,14029.0,54.8,2079,High
BLW-LOC-0017,Wheel Assembly,Locomotive,Critical,0,5475,2022-03-08,2026-01-01,1546,18.7,25303.0,92.1,2.88,0.862,0,294,2025-03-13,60155.0,64.2,2087,High
BLW-LOC-0017,Wheel Assembly,Locomotive,Critical,0,5475,2022-03-08,2026-01-16,1561,18.7,25583.5,74.2,3.82,0.798,0,180,2025-07-20,48299.0,74.3,2209,Medium
BLW-LOC-0017,Wheel Assembly,Locomotive,Critical,0,5475,2022-03-08,2026-01-31,1576,18.7,25864.0,76.8,3.07,1.034,6,214,2025-07-01,83042.0,62.2,2401,High
BLW-LOC-0017,Wheel Assembly,Locomotive,Critical,0,5475,2022-03-08,2026-02-15,1591,18.7,26144.5,58.1,3.97,0.972,8,308,2025-04-13,135183.0,59.8,2551,High
BLW-LOC-0017,Wheel Assembly,Locomotive,Critical,0,5475,2022-03-08,2026-03-02,1606,18.7,26425.0,73.4,5.39,1.146,7,112,2025-11-10,44576.0,56.8,1994,Medium
BLW-LOC-0017,Wheel Assembly,Locomotive,Critical,0,5475,2022-03-08,2026-03-17,1621,18.7,26705.5,103.8,5.65,0.812,7,14,2026-03-03,61384.0,46.5,1487,High
BLW-LOC-0017,Wheel Assembly,Locomotive,Critical,0,5475,2022-03-08,2026-04-01,1636,18.7,26986.0,62.6,2.7,0.76,6,84,2026-01-07,126873.0,71.2,2557,Low
BLW-LOC-0017,Wheel Assembly,Locomotive,Critical,0,5475,2022-03-08,2026-04-16,1651,18.7,27266.5,87.1,5.71,0.765,2,318,2025-06-02,82448.0,55.6,1821,High
BLW-LOC-0017,Wheel Assembly,Locomotive,Critical,0,5475,2022-03-08,2026-05-01,1666,18.7,27547.0,83.7,4.71,0.755,6,303,2025-07-02,86837.0,52.3,1984,High
BLW-LOC-0017,Wheel Assembly,Locomotive,Critical,0,5475,2022-03-08,2026-05-16,1681,18.7,27827.5,92.6,4.3,1.19,0,42,2026-04-04,98199.0,66.5,1899,Medium
BLW-MFG-0018,Hydraulic Press,Manufacturing,High,55,5475,2024-11-10,2026-01-01,568,12.5,5077.0,57.5,2.3,0.756,6,167,2025-07-18,35691.0,82.2,3244,Medium
BLW-MFG-0018,Hydraulic Press,Manufacturing,High,55,5475,2024-11-10,2026-01-16,583,12.5,5264.5,59.0,2.1,0.872,5,172,2025-07-28,115378.0,81.9,3163,Medium
BLW-MFG-0018,Hydraulic Press,Manufacturing,High,55,5475,2024-11-10,2026-01-31,598,12.5,5452.0,69.0,1.54,0.985,6,142,2025-09-11,114041.0,81.1,2833,Medium
BLW-MFG-0018,Hydraulic Press,Manufacturing,High,55,5475,2024-11-10,2026-02-15,613,12.5,5639.5,62.7,3.21,0.868,6,129,2025-10-09,126062.0,78.7,3168,Medium
BLW-MFG-0018,Hydraulic Press,Manufacturing,High,55,5475,2024-11-10,2026-03-02,628,12.5,5827.0,66.1,2.28,0.702,7,9,2026-02-21,113609.0,79.5,2918,Low
BLW-MFG-0018,Hydraulic Press,Manufacturing,High,55,5475,2024-11-10,2026-03-17,643,12.5,6014.5,90.5,2.58,0.867,0,179,2025-09-19,37512.0,77.8,2744,Medium
BLW-MFG-0018,Hydraulic Press,Manufacturing,High,55,5475,2024-11-10,2026-04-01,658,12.5,6202.0,100.1,2.62,0.801,1,333,2025-05-03,10837.0,69.4,2503,High
BLW-MFG-0018,Hydraulic Press,Manufacturing,High,55,5475,2024-11-10,2026-04-16,673,12.5,6389.5,92.8,3.68,0.819,0,126,2025-12-11,33907.0,76.0,2557,Medium
BLW-MFG-0018,Hydraulic Press,Manufacturing,High,55,5475,2024-11-10,2026-05-01,688,12.5,6577.0,81.2,3.66,0.967,0,318,2025-06-17,27095.0,76.2,2789,High
BLW-MFG-0018,Hydraulic Press,Manufacturing,High,55,5475,2024-11-10,2026-05-16,703,12.5,6764.5,80.0,3.1,0.88,2,242,2025-09-16,102072.0,77.0,2560,High
BLW-MFG-0019,Paint Booth Ventilation,Manufacturing,Low,15,2555,2022-08-10,2026-01-01,1391,15.8,20441.0,69.4,2.45,0.823,2,310,2025-02-25,93051.0,63.7,1053,High
BLW-MFG-0019,Paint Booth Ventilation,Manufacturing,Low,15,2555,2022-08-10,2026-01-16,1406,15.8,20678.0,66.4,1.63,0.9,1,83,2025-10-25,144885.0,73.4,1210,Low
BLW-MFG-0019,Paint Booth Ventilation,Manufacturing,Low,15,2555,2022-08-10,2026-01-31,1421,15.8,20915.0,62.9,3.1,0.855,1,296,2025-04-10,8723.0,67.0,1054,High
BLW-MFG-0019,Paint Booth Ventilation,Manufacturing,Low,15,2555,2022-08-10,2026-02-15,1436,15.8,21152.0,70.7,3.5,0.854,4,294,2025-04-27,103215.0,54.3,979,High
BLW-MFG-0019,Paint Booth Ventilation,Manufacturing,Low,15,2555,2022-08-10,2026-03-02,1451,15.8,21389.0,81.1,2.08,0.853,6,203,2025-08-11,141513.0,52.9,1018,High
BLW-MFG-0019,Paint Booth Ventilation,Manufacturing,Low,15,2555,2022-08-10,2026-03-17,1466,15.8,21626.0,50.7,2.55,0.883,3,38,2026-02-07,90854.0,73.4,1093,Low
BLW-MFG-0019,Paint Booth Ventilation,Manufacturing,Low,15,2555,2022-08-10,2026-04-01,1481,15.8,21863.0,63.1,4.79,0.705,3,52,2026-02-08,106093.0,59.4,982,Medium
BLW-MFG-0019,Paint Booth Ventilation,Manufacturing,Low,15,2555,2022-08-10,2026-04-16,1496,15.8,22100.0,64.6,2.23,0.926,4,350,2025-05-01,92060.0,60.0,1046,High
BLW-MFG-0019,Paint Booth Ventilation,Manufacturing,Low,15,2555,2022-08-10,2026-05-01,1511,15.8,22337.0,56.0,3.99,0.925,1,289,2025-07-16,118482.0,63.2,1129,High
BLW-MFG-0019,Paint Booth Ventilation,Manufacturing,Low,15,2555,2022-08-10,2026-05-16,1526,15.8,22574.0,59.4,1.88,0.796,5,272,2025-08-17,67115.0,62.5,1127,High
BLW-LOC-0020,Cooling System,Locomotive,High,18,3285,2020-05-21,2026-01-01,2202,13.1,23145.0,74.4,3.92,0.7,6,250,2025-04-26,20303.0,50.7,1058,High
BLW-LOC-0020,Cooling System,Locomotive,High,18,3285,2020-05-21,2026-01-16,2217,13.1,23341.5,95.6,3.96,0.91,5,325,2025-02-25,134278.0,40.5,885,High
BLW-LOC-0020,Cooling System,Locomotive,High,18,3285,2020-05-21,2026-01-31,2232,13.1,23538.0,89.2,5.19,0.884,7,362,2025-02-03,27184.0,35.0,820,High
BLW-LOC-0020,Cooling System,Locomotive,High,18,3285,2020-05-21,2026-02-15,2247,13.1,23734.5,102.0,2.84,1.081,2,267,2025-05-24,144994.0,47.4,842,High
BLW-LOC-0020,Cooling System,Locomotive,High,18,3285,2020-05-21,2026-03-02,2262,13.1,23931.0,83.1,2.88,0.971,4,315,2025-04-21,122189.0,49.0,1045,High
BLW-LOC-0020,Cooling System,Locomotive,High,18,3285,2020-05-21,2026-03-17,2277,13.1,24127.5,53.7,3.21,0.584,8,247,2025-07-13,72407.0,50.5,1281,High
BLW-LOC-0020,Cooling System,Locomotive,High,18,3285,2020-05-21,2026-04-01,2292,13.1,24324.0,94.6,4.31,0.764,4,165,2025-10-18,128498.0,45.2,858,High
BLW-LOC-0020,Cooling System,Locomotive,High,18,3285,2020-05-21,2026-04-16,2307,13.1,24520.5,66.2,5.65,0.99,1,142,2025-11-25,132837.0,58.3,1056,Medium
BLW-LOC-0020,Cooling System,Locomotive,High,18,3285,2020-05-21,2026-05-01,2322,13.1,24717.0,87.5,1.45,0.86,3,237,2025-09-06,87628.0,53.8,1042,High
BLW-LOC-0020,Cooling System,Locomotive,High,18,3285,2020-05-21,2026-05-16,2337,13.1,24913.5,81.0,6.11,0.972,6,172,2025-11-25,9161.0,40.6,868,High
BLW-LOC-0021,Alternator,Locomotive,Critical,110,4380,2021-01-07,2026-01-01,1971,12.8,20346.0,99.0,4.61,0.857,4,174,2025-07-11,45550.0,48.8,1315,High
BLW-LOC-0021,Alternator,Locomotive,Critical,110,4380,2021-01-07,2026-01-16,1986,12.8,20538.0,84.7,4.62,0.931,4,284,2025-04-07,6472.0,53.9,1419,High
BLW-LOC-0021,Alternator,Locomotive,Critical,110,4380,2021-01-07,2026-01-31,2001,12.8,20730.0,99.4,3.84,1.109,3,43,2025-12-19,39997.0,56.3,1469,Medium
BLW-LOC-0021,Alternator,Locomotive,Critical,110,4380,2021-01-07,2026-02-15,2016,12.8,20922.0,83.4,2.87,0.807,6,250,2025-06-10,85501.0,55.0,1661,High
BLW-LOC-0021,Alternator,Locomotive,Critical,110,4380,2021-01-07,2026-03-02,2031,12.8,21114.0,89.0,3.01,0.867,3,353,2025-03-14,74034.0,58.6,1706,High
BLW-LOC-0021,Alternator,Locomotive,Critical,110,4380,2021-01-07,2026-03-17,2046,12.8,21306.0,88.5,3.8,0.889,7,229,2025-07-31,119975.0,50.4,1383,High
BLW-LOC-0021,Alternator,Locomotive,Critical,110,4380,2021-01-07,2026-04-01,2061,12.8,21498.0,78.9,1.8,0.928,1,150,2025-11-02,37131.0,72.6,1780,Medium
BLW-LOC-0021,Alternator,Locomotive,Critical,110,4380,2021-01-07,2026-04-16,2076,12.8,21690.0,107.2,2.38,0.709,3,156,2025-11-11,101274.0,55.8,1466,Medium
BLW-LOC-0021,Alternator,Locomotive,Critical,110,4380,2021-01-07,2026-05-01,2091,12.8,21882.0,109.7,3.35,1.019,5,242,2025-09-01,85254.0,45.5,1233,High
BLW-LOC-0021,Alternator,Locomotive,Critical,110,4380,2021-01-07,2026-05-16,2106,12.8,22074.0,98.5,4.73,0.706,5,217,2025-10-11,149512.0,48.8,1342,High
BLW-LOC-0022,Alternator,Locomotive,Critical,110,4380,2021-12-21,2026-01-01,1623,15.8,20035.0,68.6,3.97,0.909,4,118,2025-09-05,22495.0,67.4,1749,Medium
BLW-LOC-0022,Alternator,Locomotive,Critical,110,4380,2021-12-21,2026-01-16,1638,15.8,20272.0,68.7,3.52,0.996,3,161,2025-08-08,22335.0,69.8,1818,Medium
BLW-LOC-0022,Alternator,Locomotive,Critical,110,4380,2021-12-21,2026-01-31,1653,15.8,20509.0,91.2,0.18,0.998,8,353,2025-02-12,31847.0,47.6,1624,High
BLW-LOC-0022,Alternator,Locomotive,Critical,110,4380,2021-12-21,2026-02-15,1668,15.8,20746.0,63.6,2.1,1.004,3,247,2025-06-13,45092.0,72.2,2095,High
BLW-LOC-0022,Alternator,Locomotive,Critical,110,4380,2021-12-21,2026-03-02,1683,15.8,20983.0,80.5,4.27,0.879,8,305,2025-05-01,46035.0,47.1,1649,High
BLW-LOC-0022,Alternator,Locomotive,Critical,110,4380,2021-12-21,2026-03-17,1698,15.8,21220.0,74.6,1.88,0.824,1,99,2025-12-08,47956.0,78.7,2028,Low
BLW-LOC-0022,Alternator,Locomotive,Critical,110,4380,2021-12-21,2026-04-01,1713,15.8,21457.0,77.6,3.38,0.841,5,91,2025-12-31,48829.0,67.3,1761,Medium
BLW-LOC-0022,Alternator,Locomotive,Critical,110,4380,2021-12-21,2026-04-16,1728,15.8,21694.0,90.1,5.09,0.914,8,64,2026-02-11,44775.0,49.0,1351,High
BLW-LOC-0022,Alternator,Locomotive,Critical,110,4380,2021-12-21,2026-05-01,1743,15.8,21931.0,83.3,3.86,0.977,0,283,2025-07-22,47360.0,64.2,1719,High
BLW-LOC-0022,Alternator,Locomotive,Critical,110,4380,2021-12-21,2026-05-16,1758,15.8,22168.0,84.0,4.04,0.655,2,326,2025-06-24,130927.0,59.9,1639,High
BLW-LOC-0023,Diesel Engine Auxiliary,Locomotive,High,85,3650,2020-07-29,2026-01-01,2133,18.2,33860.0,93.0,0.02,1.101,7,245,2025-05-01,68868.0,43.9,1170,High
BLW-LOC-0023,Diesel Engine Auxiliary,Locomotive,High,85,3650,2020-07-29,2026-01-16,2148,18.2,34133.0,63.2,4.29,0.729,2,26,2025-12-21,41609.0,63.3,1406,Medium
BLW-LOC-0023,Diesel Engine Auxiliary,Locomotive,High,85,3650,2020-07-29,2026-01-31,2163,18.2,34406.0,76.7,3.86,0.964,7,58,2025-12-04,124207.0,51.0,1141,Medium
BLW-LOC-0023,Diesel Engine Auxiliary,Locomotive,High,85,3650,2020-07-29,2026-02-15,2178,18.2,34679.0,85.9,6.53,0.858,6,251,2025-06-09,15742.0,35.3,877,High
BLW-LOC-0023,Diesel Engine Auxiliary,Locomotive,High,85,3650,2020-07-29,2026-03-02,2193,18.2,34952.0,97.8,5.12,0.947,0,77,2025-12-15,26634.0,48.4,941,High
BLW-LOC-0023,Diesel Engine Auxiliary,Locomotive,High,85,3650,2020-07-29,2026-03-17,2208,18.2,35225.0,64.8,4.11,0.784,4,43,2026-02-02,149118.0,60.0,1285,Medium
BLW-LOC-0023,Diesel Engine Auxiliary,Locomotive,High,85,3650,2020-07-29,2026-04-01,2223,18.2,35498.0,87.6,4.31,1.074,1,285,2025-06-20,115844.0,49.7,1020,High
BLW-LOC-0023,Diesel Engine Auxiliary,Locomotive,High,85,3650,2020-07-29,2026-04-16,2238,18.2,35771.0,98.1,5.28,0.738,3,267,2025-07-23,60155.0,39.7,858,High
BLW-LOC-0023,Diesel Engine Auxiliary,Locomotive,High,85,3650,2020-07-29,2026-05-01,2253,18.2,36044.0,79.9,5.55,0.872,7,152,2025-11-30,129724.0,41.5,957,High
BLW-LOC-0023,Diesel Engine Auxiliary,Locomotive,High,85,3650,2020-07-29,2026-05-16,2268,18.2,36317.0,85.4,2.63,0.722,6,156,2025-12-11,87451.0,51.9,1098,Medium
BLW-MFG-0024,CNC Milling Machine,Manufacturing,High,30,3650,2023-06-02,2026-01-01,1095,19.4,15503.0,53.1,0.86,0.756,3,320,2025-02-15,35599.0,72.4,1986,High
BLW-MFG-0024,CNC Milling Machine,Manufacturing,High,30,3650,2023-06-02,2026-01-16,1110,19.4,15794.0,77.9,2.23,1.05,1,80,2025-10-28,39780.0,78.3,1618,Low
BLW-MFG-0024,CNC Milling Machine,Manufacturing,High,30,3650,2023-06-02,2026-01-31,1125,19.4,16085.0,36.6,4.96,0.691,8,38,2025-12-24,27697.0,61.9,1639,Medium
BLW-MFG-0024,CNC Milling Machine,Manufacturing,High,30,3650,2023-06-02,2026-02-15,1140,19.4,16376.0,96.7,4.2,0.891,6,230,2025-06-30,104959.0,51.1,1302,High
BLW-MFG-0024,CNC Milling Machine,Manufacturing,High,30,3650,2023-06-02,2026-03-02,1155,19.4,16667.0,77.3,3.25,0.85,7,149,2025-10-04,9733.0,61.2,1463,Medium
BLW-MFG-0024,CNC Milling Machine,Manufacturing,High,30,3650,2023-06-02,2026-03-17,1170,19.4,16958.0,65.6,1.53,0.835,4,361,2025-03-21,45994.0,67.8,1670,High
BLW-MFG-0024,CNC Milling Machine,Manufacturing,High,30,3650,2023-06-02,2026-04-01,1185,19.4,17249.0,72.0,4.35,0.942,7,36,2026-02-24,104671.0,60.9,1415,Medium
BLW-MFG-0024,CNC Milling Machine,Manufacturing,High,30,3650,2023-06-02,2026-04-16,1200,19.4,17540.0,81.9,2.27,0.833,4,320,2025-05-31,90519.0,63.9,1498,High
BLW-MFG-0024,CNC Milling Machine,Manufacturing,High,30,3650,2023-06-02,2026-05-01,1215,19.4,17831.0,72.7,2.0,0.8,3,217,2025-09-26,21643.0,72.7,1566,High
BLW-MFG-0024,CNC Milling Machine,Manufacturing,High,30,3650,2023-06-02,2026-05-16,1230,19.4,18122.0,77.5,3.23,0.92,3,331,2025-06-19,26603.0,63.7,1659,High
BLW-LOC-0025,Traction Motor,Locomotive,Critical,350,4380,2024-08-19,2026-01-01,651,8.0,3739.0,79.9,2.98,0.865,4,304,2025-03-03,113599.0,70.2,2081,High
BLW-LOC-0025,Traction Motor,Locomotive,Critical,350,4380,2024-08-19,2026-01-16,666,8.0,3859.0,79.4,2.71,0.775,4,224,2025-06-06,23031.0,70.5,2293,High
BLW-LOC-0025,Traction Motor,Locomotive,Critical,350,4380,2024-08-19,2026-01-31,681,8.0,3979.0,60.9,2.77,0.774,4,358,2025-02-07,63364.0,77.5,2311,High
BLW-LOC-0025,Traction Motor,Locomotive,Critical,350,4380,2024-08-19,2026-02-15,696,8.0,4099.0,99.1,2.84,0.898,4,256,2025-06-04,83297.0,62.2,2034,High
BLW-LOC-0025,Traction Motor,Locomotive,Critical,350,4380,2024-08-19,2026-03-02,711,8.0,4219.0,63.4,4.07,0.946,7,41,2026-01-20,91715.0,75.3,2134,Low
BLW-LOC-0025,Traction Motor,Locomotive,Critical,350,4380,2024-08-19,2026-03-17,726,8.0,4339.0,80.1,3.8,0.857,6,165,2025-10-03,92538.0,68.6,2189,Medium
BLW-LOC-0025,Traction Motor,Locomotive,Critical,350,4380,2024-08-19,2026-04-01,741,8.0,4459.0,74.4,2.16,0.869,0,46,2026-02-14,38194.0,92.3,2180,Low
BLW-LOC-0025,Traction Motor,Locomotive,Critical,350,4380,2024-08-19,2026-04-16,756,8.0,4579.0,108.2,5.86,0.819,0,344,2025-05-07,124106.0,56.4,1581,High
BLW-LOC-0025,Traction Motor,Locomotive,Critical,350,4380,2024-08-19,2026-05-01,771,8.0,4699.0,78.7,3.66,0.82,0,89,2026-02-01,73223.0,79.5,1999,Low
BLW-LOC-0025,Traction Motor,Locomotive,Critical,350,4380,2024-08-19,2026-05-16,786,8.0,4819.0,66.8,3.99,0.803,7,142,2025-12-25,31316.0,71.1,1952,Medium
BLW-LOC-0026,Wheel Assembly,Locomotive,Critical,0,5475,2023-07-24,2026-01-01,1043,17.4,17980.0,83.0,4.5,0.611,7,178,2025-07-07,64210.0,58.4,2283,Medium
BLW-LOC-0026,Wheel Assembly,Locomotive,Critical,0,5475,2023-07-24,2026-01-16,1058,17.4,18241.0,60.7,5.56,0.905,5,343,2025-02-07,20167.0,61.5,2406,High
BLW-LOC-0026,Wheel Assembly,Locomotive,Critical,0,5475,2023-07-24,2026-01-31,1073,17.4,18502.0,88.0,3.69,0.925,2,168,2025-08-16,64689.0,66.2,2253,Medium
BLW-LOC-0026,Wheel Assembly,Locomotive,Critical,0,5475,2023-07-24,2026-02-15,1088,17.4,18763.0,59.2,3.52,0.757,7,147,2025-09-21,101075.0,69.7,2813,Medium
BLW-LOC-0026,Wheel Assembly,Locomotive,Critical,0,5475,2023-07-24,2026-03-02,1103,17.4,19024.0,97.6,4.43,0.739,6,281,2025-05-25,10321.0,50.7,2050,High
BLW-LOC-0026,Wheel Assembly,Locomotive,Critical,0,5475,2023-07-24,2026-03-17,1118,17.4,19285.0,84.1,6.53,0.922,1,161,2025-10-07,41598.0,62.9,1931,Medium
BLW-LOC-0026,Wheel Assembly,Locomotive,Critical,0,5475,2023-07-24,2026-04-01,1133,17.4,19546.0,84.8,3.62,0.965,1,206,2025-09-07,130412.0,71.2,2218,High
BLW-LOC-0026,Wheel Assembly,Locomotive,Critical,0,5475,2023-07-24,2026-04-16,1148,17.4,19807.0,63.6,1.65,0.946,0,336,2025-05-15,131058.0,79.7,2561,High
BLW-LOC-0026,Wheel Assembly,Locomotive,Critical,0,5475,2023-07-24,2026-05-01,1163,17.4,20068.0,90.2,6.89,0.889,7,211,2025-10-02,12860.0,48.1,1745,High
BLW-LOC-0026,Wheel Assembly,Locomotive,Critical,0,5475,2023-07-24,2026-05-16,1178,17.4,20329.0,83.7,5.05,0.86,8,185,2025-11-12,95282.0,54.3,2092,High
BLW-LOC-0027,Diesel Engine Auxiliary,Locomotive,High,85,3650,2023-07-04,2026-01-01,1063,12.2,9279.0,68.0,4.69,0.829,4,281,2025-03-26,23997.0,63.6,1634,High
BLW-LOC-0027,Diesel Engine Auxiliary,Locomotive,High,85,3650,2023-07-04,2026-01-16,1078,12.2,9462.0,65.3,3.58,0.854,4,224,2025-06-06,132723.0,72.3,1748,High
BLW-LOC-0027,Diesel Engine Auxiliary,Locomotive,High,85,3650,2023-07-04,2026-01-31,1093,12.2,9645.0,79.2,4.58,1.027,7,62,2025-11-30,9186.0,62.1,1458,Medium
BLW-LOC-0027,Diesel Engine Auxiliary,Locomotive,High,85,3650,2023-07-04,2026-02-15,1108,12.2,9828.0,60.7,2.37,0.828,3,363,2025-02-17,27965.0,73.3,1843,High
BLW-LOC-0027,Diesel Engine Auxiliary,Locomotive,High,85,3650,2023-07-04,2026-03-02,1123,12.2,10011.0,82.0,4.34,0.862,8,7,2026-02-23,85076.0,61.3,1442,Medium
BLW-LOC-0027,Diesel Engine Auxiliary,Locomotive,High,85,3650,2023-07-04,2026-03-17,1138,12.2,10194.0,52.4,2.62,0.858,1,115,2025-11-22,148877.0,82.3,1921,Low
BLW-LOC-0027,Diesel Engine Auxiliary,Locomotive,High,85,3650,2023-07-04,2026-04-01,1153,12.2,10377.0,105.8,5.26,0.854,1,236,2025-08-08,142324.0,56.8,1182,High
BLW-LOC-0027,Diesel Engine Auxiliary,Locomotive,High,85,3650,2023-07-04,2026-04-16,1168,12.2,10560.0,78.5,3.11,0.849,2,255,2025-08-04,140235.0,69.0,1636,High
BLW-LOC-0027,Diesel Engine Auxiliary,Locomotive,High,85,3650,2023-07-04,2026-05-01,1183,12.2,10743.0,86.8,3.9,0.942,4,260,2025-08-14,107285.0,61.9,1525,High
BLW-LOC-0027,Diesel Engine Auxiliary,Locomotive,High,85,3650,2023-07-04,2026-05-16,1198,12.2,10926.0,62.9,0.89,1.007,6,247,2025-09-11,147135.0,70.1,1820,High
BLW-MFG-0028,Material Handling Crane,Manufacturing,Critical,75,7300,2022-07-24,2026-01-01,1408,13.7,15722.0,51.0,1.18,0.874,8,69,2025-10-24,130284.0,78.3,3728,Low
BLW-MFG-0028,Material Handling Crane,Manufacturing,Critical,75,7300,2022-07-24,2026-01-16,1423,13.7,15927.5,34.7,2.36,0.864,4,212,2025-06-18,54282.0,77.1,3885,High
BLW-MFG-0028,Material Handling Crane,Manufacturing,Critical,75,7300,2022-07-24,2026-01-31,1438,13.7,16133.0,66.4,3.42,0.842,8,136,2025-09-17,123980.0,67.0,3673,Medium
BLW-MFG-0028,Material Handling Crane,Manufacturing,Critical,75,7300,2022-07-24,2026-02-15,1453,13.7,16338.5,65.5,2.93,0.742,4,152,2025-09-16,126434.0,76.4,3475,Medium
BLW-MFG-0028,Material Handling Crane,Manufacturing,Critical,75,7300,2022-07-24,2026-03-02,1468,13.7,16544.0,66.1,4.54,0.703,7,76,2025-12-16,69749.0,66.3,3549,Medium
BLW-MFG-0028,Material Handling Crane,Manufacturing,Critical,75,7300,2022-07-24,2026-03-17,1483,13.7,16749.5,66.5,2.45,0.949,7,176,2025-09-22,53204.0,71.1,3973,Medium
BLW-MFG-0028,Material Handling Crane,Manufacturing,Critical,75,7300,2022-07-24,2026-04-01,1498,13.7,16955.0,77.9,2.66,1.066,8,193,2025-09-20,71025.0,63.6,3462,High
BLW-MFG-0028,Material Handling Crane,Manufacturing,Critical,75,7300,2022-07-24,2026-04-16,1513,13.7,17160.5,74.2,4.32,1.011,5,96,2026-01-10,147212.0,69.2,3079,Medium
BLW-MFG-0028,Material Handling Crane,Manufacturing,Critical,75,7300,2022-07-24,2026-05-01,1528,13.7,17366.0,76.9,2.59,1.061,3,292,2025-07-13,60531.0,71.6,3396,High
BLW-MFG-0028,Material Handling Crane,Manufacturing,Critical,75,7300,2022-07-24,2026-05-16,1543,13.7,17571.5,74.4,2.04,0.768,6,22,2026-04-24,51136.0,78.0,3435,Low
BLW-LOC-0029,Diesel Engine Auxiliary,Locomotive,High,85,3650,2023-12-15,2026-01-01,899,18.8,13764.0,62.3,4.14,0.992,2,253,2025-04-23,144900.0,73.5,1784,High
BLW-LOC-0029,Diesel Engine Auxiliary,Locomotive,High,85,3650,2023-12-15,2026-01-16,914,18.8,14046.0,67.4,1.84,1.035,2,257,2025-05-04,144976.0,76.2,1792,High
BLW-LOC-0029,Diesel Engine Auxiliary,Locomotive,High,85,3650,2023-12-15,2026-01-31,929,18.8,14328.0,99.5,4.27,0.915,5,51,2025-12-11,131758.0,60.6,1231,Medium
BLW-LOC-0029,Diesel Engine Auxiliary,Locomotive,High,85,3650,2023-12-15,2026-02-15,944,18.8,14610.0,94.3,3.72,0.897,7,51,2025-12-26,81263.0,59.8,1388,Medium
BLW-LOC-0029,Diesel Engine Auxiliary,Locomotive,High,85,3650,2023-12-15,2026-03-02,959,18.8,14892.0,89.3,4.99,0.826,7,7,2026-02-23,109754.0,55.6,1238,Medium
BLW-LOC-0029,Diesel Engine Auxiliary,Locomotive,High,85,3650,2023-12-15,2026-03-17,974,18.8,15174.0,52.5,6.22,0.743,6,335,2025-04-16,145644.0,57.3,1505,High
BLW-LOC-0029,Diesel Engine Auxiliary,Locomotive,High,85,3650,2023-12-15,2026-04-01,989,18.8,15456.0,87.4,4.78,0.983,1,240,2025-08-04,118321.0,61.7,1381,High
BLW-LOC-0029,Diesel Engine Auxiliary,Locomotive,High,85,3650,2023-12-15,2026-04-16,1004,18.8,15738.0,87.8,3.55,1.078,4,173,2025-10-25,95373.0,63.3,1514,Medium
BLW-LOC-0029,Diesel Engine Auxiliary,Locomotive,High,85,3650,2023-12-15,2026-05-01,1019,18.8,16020.0,94.3,5.31,0.912,6,332,2025-06-03,16646.0,44.7,1261,High
BLW-LOC-0029,Diesel Engine Auxiliary,Locomotive,High,85,3650,2023-12-15,2026-05-16,1034,18.8,16302.0,75.4,3.32,0.965,5,345,2025-06-05,129605.0,63.5,1603,High
BLW-LOC-0030,Brake System,Locomotive,Critical,12,2920,2021-10-10,2026-01-01,1695,14.8,24239.0,82.6,5.54,0.879,7,277,2025-03-30,10205.0,42.0,761,High
BLW-LOC-0030,Brake System,Locomotive,Critical,12,2920,2021-10-10,2026-01-16,1710,14.8,24461.0,52.4,4.45,0.901,1,120,2025-09-18,96518.0,67.5,1087,Medium
BLW-LOC-0030,Brake System,Locomotive,Critical,12,2920,2021-10-10,2026-01-31,1725,14.8,24683.0,77.5,2.13,0.835,4,116,2025-10-07,113281.0,58.9,1000,Medium
BLW-LOC-0030,Brake System,Locomotive,Critical,12,2920,2021-10-10,2026-02-15,1740,14.8,24905.0,89.2,5.65,0.912,6,50,2025-12-27,115254.0,41.4,697,High
BLW-LOC-0030,Brake System,Locomotive,Critical,12,2920,2021-10-10,2026-03-02,1755,14.8,25127.0,99.1,2.97,0.854,1,227,2025-07-18,29123.0,51.4,775,High
BLW-LOC-0030,Brake System,Locomotive,Critical,12,2920,2021-10-10,2026-03-17,1770,14.8,25349.0,91.7,3.6,0.925,4,14,2026-03-03,11669.0,51.6,791,Medium
BLW-LOC-0030,Brake System,Locomotive,Critical,12,2920,2021-10-10,2026-04-01,1785,14.8,25571.0,93.6,3.35,1.087,0,150,2025-11-02,56977.0,55.8,846,Medium
BLW-LOC-0030,Brake System,Locomotive,Critical,12,2920,2021-10-10,2026-04-16,1800,14.8,25793.0,97.6,2.15,0.674,6,74,2026-02-01,40409.0,47.4,891,High
BLW-LOC-0030,Brake System,Locomotive,Critical,12,2920,2021-10-10,2026-05-01,1815,14.8,26015.0,76.1,6.97,0.822,6,289,2025-07-16,103861.0,38.1,765,High
BLW-LOC-0030,Brake System,Locomotive,Critical,12,2920,2021-10-10,2026-05-16,1830,14.8,26237.0,115.3,6.42,1.04,2,87,2026-02-18,30385.0,40.3,444,High
BLW-LOC-0031,Brake System,Locomotive,Critical,12,2920,2023-06-23,2026-01-01,1074,15.6,14230.0,89.7,2.84,0.752,2,118,2025-09-05,71867.0,65.3,1087,Medium
BLW-LOC-0031,Brake System,Locomotive,Critical,12,2920,2023-06-23,2026-01-16,1089,15.6,14464.0,72.0,4.39,0.97,4,235,2025-05-26,42022.0,61.0,1219,High
BLW-LOC-0031,Brake System,Locomotive,Critical,12,2920,2023-06-23,2026-01-31,1104,15.6,14698.0,62.5,3.37,0.774,0,238,2025-06-07,135675.0,72.0,1308,High
BLW-LOC-0031,Brake System,Locomotive,Critical,12,2920,2023-06-23,2026-02-15,1119,15.6,14932.0,78.6,5.47,0.941,8,80,2025-11-27,15710.0,50.5,1069,Medium
BLW-LOC-0031,Brake System,Locomotive,Critical,12,2920,2023-06-23,2026-03-02,1134,15.6,15166.0,99.5,4.4,0.843,5,300,2025-05-06,48377.0,44.8,870,High
BLW-LOC-0031,Brake System,Locomotive,Critical,12,2920,2023-06-23,2026-03-17,1149,15.6,15400.0,98.3,6.01,1.06,6,353,2025-03-29,41264.0,37.9,740,High
BLW-LOC-0031,Brake System,Locomotive,Critical,12,2920,2023-06-23,2026-04-01,1164,15.6,15634.0,84.9,1.68,0.919,4,101,2025-12-21,149909.0,66.4,1152,Medium
BLW-LOC-0031,Brake System,Locomotive,Critical,12,2920,2023-06-23,2026-04-16,1179,15.6,15868.0,59.7,4.47,0.821,7,54,2026-02-21,39395.0,63.3,1040,Medium
BLW-LOC-0031,Brake System,Locomotive,Critical,12,2920,2023-06-23,2026-05-01,1194,15.6,16102.0,84.0,6.03,1.089,5,294,2025-07-11,47901.0,47.0,888,High
BLW-LOC-0031,Brake System,Locomotive,Critical,12,2920,2023-06-23,2026-05-16,1209,15.6,16336.0,92.2,2.75,0.931,4,11,2026-05-05,146802.0,65.1,1131,Medium
BLW-LOC-0032,Brake System,Locomotive,Critical,12,2920,2021-07-16,2026-01-01,1781,6.1,10424.0,76.5,3.26,0.745,0,310,2025-02-25,113050.0,63.1,1094,High
BLW-LOC-0032,Brake System,Locomotive,Critical,12,2920,2021-07-16,2026-01-16,1796,6.1,10515.5,84.3,4.65,0.759,4,117,2025-09-21,93024.0,57.5,906,Medium
BLW-LOC-0032,Brake System,Locomotive,Critical,12,2920,2021-07-16,2026-01-31,1811,6.1,10607.0,79.3,2.7,0.569,5,112,2025-10-11,97310.0,62.7,1124,Medium
BLW-LOC-0032,Brake System,Locomotive,Critical,12,2920,2021-07-16,2026-02-15,1826,6.1,10698.5,76.2,3.73,0.927,4,347,2025-03-05,114559.0,52.5,1022,High
BLW-LOC-0032,Brake System,Locomotive,Critical,12,2920,2021-07-16,2026-03-02,1841,6.1,10790.0,93.1,2.19,0.905,2,321,2025-04-15,19089.0,55.0,1041,High
BLW-LOC-0032,Brake System,Locomotive,Critical,12,2920,2021-07-16,2026-03-17,1856,6.1,10881.5,81.5,1.81,1.015,0,158,2025-10-10,119349.0,69.2,1099,Medium
BLW-LOC-0032,Brake System,Locomotive,Critical,12,2920,2021-07-16,2026-04-01,1871,6.1,10973.0,85.8,5.18,0.758,0,296,2025-06-09,57905.0,55.3,918,High
BLW-LOC-0032,Brake System,Locomotive,Critical,12,2920,2021-07-16,2026-04-16,1886,6.1,11064.5,94.0,4.06,0.841,2,46,2026-03-01,136896.0,57.4,890,Medium
BLW-LOC-0032,Brake System,Locomotive,Critical,12,2920,2021-07-16,2026-05-01,1901,6.1,11156.0,68.3,0.39,0.942,5,212,2025-10-01,30468.0,66.5,1081,High
BLW-LOC-0032,Brake System,Locomotive,Critical,12,2920,2021-07-16,2026-05-16,1916,6.1,11247.5,70.1,4.69,1.142,2,276,2025-08-13,132087.0,60.0,1016,High
BLW-LOC-0033,Cooling System,Locomotive,High,18,3285,2022-12-23,2026-01-01,1256,13.0,12765.0,75.3,5.15,0.772,2,131,2025-08-23,137537.0,63.5,1224,Medium
BLW-LOC-0033,Cooling System,Locomotive,High,18,3285,2022-12-23,2026-01-16,1271,13.0,12960.0,64.5,3.7,1.05,7,151,2025-08-18,113251.0,64.3,1404,Medium
BLW-LOC-0033,Cooling System,Locomotive,High,18,3285,2022-12-23,2026-01-31,1286,13.0,13155.0,75.2,1.72,0.966,5,58,2025-12-04,72908.0,70.7,1443,Low
BLW-LOC-0033,Cooling System,Locomotive,High,18,3285,2022-12-23,2026-02-15,1301,13.0,13350.0,128.3,4.01,0.775,1,72,2025-12-05,114352.0,57.0,888,Medium
BLW-LOC-0033,Cooling System,Locomotive,High,18,3285,2022-12-23,2026-03-02,1316,13.0,13545.0,82.9,1.97,0.98,3,346,2025-03-21,110011.0,62.3,1529,High
BLW-LOC-0033,Cooling System,Locomotive,High,18,3285,2022-12-23,2026-03-17,1331,13.0,13740.0,98.2,3.21,1.029,6,285,2025-06-05,58037.0,50.0,1193,High
BLW-LOC-0033,Cooling System,Locomotive,High,18,3285,2022-12-23,2026-04-01,1346,13.0,13935.0,90.1,2.78,0.803,6,7,2026-03-25,43346.0,63.7,1231,Medium
BLW-LOC-0033,Cooling System,Locomotive,High,18,3285,2022-12-23,2026-04-16,1361,13.0,14130.0,77.5,2.7,0.936,1,232,2025-08-27,58445.0,73.2,1339,High
BLW-LOC-0033,Cooling System,Locomotive,High,18,3285,2022-12-23,2026-05-01,1376,13.0,14325.0,84.8,5.59,0.88,4,299,2025-07-06,60249.0,52.0,1058,High
BLW-LOC-0033,Cooling System,Locomotive,High,18,3285,2022-12-23,2026-05-16,1391,13.0,14520.0,91.6,3.73,1.013,5,55,2026-03-22,102851.0,60.9,1330,Medium
BLW-LOC-0034,Diesel Engine Auxiliary,Locomotive,High,85,3650,2020-02-21,2026-01-01,2292,14.7,33118.0,86.7,3.89,0.873,5,312,2025-02-23,37098.0,41.6,1038,High
BLW-LOC-0034,Diesel Engine Auxiliary,Locomotive,High,85,3650,2020-02-21,2026-01-16,2307,14.7,33338.5,74.4,3.75,1.013,1,325,2025-02-25,124459.0,52.8,1264,High
BLW-LOC-0034,Diesel Engine Auxiliary,Locomotive,High,85,3650,2020-02-21,2026-01-31,2322,14.7,33559.0,99.4,3.46,0.605,4,332,2025-03-05,64203.0,38.6,990,High
BLW-LOC-0034,Diesel Engine Auxiliary,Locomotive,High,85,3650,2020-02-21,2026-02-15,2337,14.7,33779.5,80.1,2.45,0.804,2,23,2026-01-23,142208.0,63.7,1263,Medium
BLW-LOC-0034,Diesel Engine Auxiliary,Locomotive,High,85,3650,2020-02-21,2026-03-02,2352,14.7,34000.0,77.6,3.26,0.823,4,252,2025-06-23,21837.0,49.7,1270,High
BLW-LOC-0034,Diesel Engine Auxiliary,Locomotive,High,85,3650,2020-02-21,2026-03-17,2367,14.7,34220.5,77.2,5.21,1.058,3,275,2025-06-15,24671.0,48.0,1011,High
BLW-LOC-0034,Diesel Engine Auxiliary,Locomotive,High,85,3650,2020-02-21,2026-04-01,2382,14.7,34441.0,88.9,3.77,0.772,7,189,2025-09-24,102221.0,41.9,932,High
BLW-LOC-0034,Diesel Engine Auxiliary,Locomotive,High,85,3650,2020-02-21,2026-04-16,2397,14.7,34661.5,101.4,3.29,0.909,8,214,2025-09-14,90164.0,35.7,877,High
BLW-LOC-0034,Diesel Engine Auxiliary,Locomotive,High,85,3650,2020-02-21,2026-05-01,2412,14.7,34882.0,93.2,3.33,0.995,2,212,2025-10-01,99964.0,47.3,1029,High
BLW-LOC-0034,Diesel Engine Auxiliary,Locomotive,High,85,3650,2020-02-21,2026-05-16,2427,14.7,35102.5,114.3,2.75,0.814,7,315,2025-07-05,64177.0,33.3,811,High
BLW-LOC-0035,Traction Motor,Locomotive,Critical,350,4380,2020-03-08,2026-01-01,2276,15.7,27342.0,83.3,4.09,0.926,7,120,2025-09-03,129040.0,51.9,1404,Medium
BLW-LOC-0035,Traction Motor,Locomotive,Critical,350,4380,2020-03-08,2026-01-16,2291,15.7,27577.5,75.2,4.36,1.083,1,351,2025-01-30,58264.0,56.9,1445,High
BLW-LOC-0035,Traction Motor,Locomotive,Critical,350,4380,2020-03-08,2026-01-31,2306,15.7,27813.0,96.2,3.46,0.599,5,31,2025-12-31,62730.0,54.4,1255,Medium
BLW-LOC-0035,Traction Motor,Locomotive,Critical,350,4380,2020-03-08,2026-02-15,2321,15.7,28048.5,79.0,4.05,0.888,3,62,2025-12-15,142607.0,62.0,1447,Medium
BLW-LOC-0035,Traction Motor,Locomotive,Critical,350,4380,2020-03-08,2026-03-02,2336,15.7,28284.0,88.9,3.39,0.959,7,46,2026-01-15,101101.0,53.1,1308,Medium
BLW-LOC-0035,Traction Motor,Locomotive,Critical,350,4380,2020-03-08,2026-03-17,2351,15.7,28519.5,98.3,3.11,0.972,0,25,2026-02-20,119085.0,63.0,1473,Medium
BLW-LOC-0035,Traction Motor,Locomotive,Critical,350,4380,2020-03-08,2026-04-01,2366,15.7,28755.0,79.4,3.38,0.878,3,64,2026-01-27,119112.0,62.3,1601,Medium
BLW-LOC-0035,Traction Motor,Locomotive,Critical,350,4380,2020-03-08,2026-04-16,2381,15.7,28990.5,59.4,2.59,0.757,3,35,2026-03-12,125324.0,75.1,2032,Low
BLW-LOC-0035,Traction Motor,Locomotive,Critical,350,4380,2020-03-08,2026-05-01,2396,15.7,29226.0,82.8,3.7,0.898,8,106,2026-01-15,90026.0,52.0,1345,Medium
BLW-LOC-0035,Traction Motor,Locomotive,Critical,350,4380,2020-03-08,2026-05-16,2411,15.7,29461.5,88.8,5.12,0.955,3,168,2025-11-29,117283.0,51.1,1307,Medium
BLW-MFG-0036,CNC Wheel Lathe,Manufacturing,High,45,3650,2021-07-21,2026-01-01,1776,18.0,23765.0,32.6,3.41,0.755,2,276,2025-03-31,41345.0,63.9,1579,High
BLW-MFG-0036,CNC Wheel Lathe,Manufacturing,High,45,3650,2021-07-21,2026-01-16,1791,18.0,24035.0,82.3,2.73,0.92,2,56,2025-11-21,100853.0,68.3,1448,Medium
BLW-MFG-0036,CNC Wheel Lathe,Manufacturing,High,45,3650,2021-07-21,2026-01-31,1806,18.0,24305.0,86.3,3.57,0.838,0,67,2025-11-25,7155.0,62.6,1251,Medium
BLW-MFG-0036,CNC Wheel Lathe,Manufacturing,High,45,3650,2021-07-21,2026-02-15,1821,18.0,24575.0,57.3,4.9,0.817,3,301,2025-04-20,51947.0,59.9,1452,High
BLW-MFG-0036,CNC Wheel Lathe,Manufacturing,High,45,3650,2021-07-21,2026-03-02,1836,18.0,24845.0,68.7,4.53,0.778,2,135,2025-10-18,12598.0,64.0,1309,Medium
BLW-MFG-0036,CNC Wheel Lathe,Manufacturing,High,45,3650,2021-07-21,2026-03-17,1851,18.0,25115.0,53.2,2.5,0.841,6,269,2025-06-21,21479.0,61.7,1523,High
BLW-MFG-0036,CNC Wheel Lathe,Manufacturing,High,45,3650,2021-07-21,2026-04-01,1866,18.0,25385.0,52.9,3.03,0.7,1,243,2025-08-01,70000.0,71.6,1585,High
BLW-MFG-0036,CNC Wheel Lathe,Manufacturing,High,45,3650,2021-07-21,2026-04-16,1881,18.0,25655.0,53.1,2.87,0.78,5,262,2025-07-28,91082.0,63.7,1661,High
BLW-MFG-0036,CNC Wheel Lathe,Manufacturing,High,45,3650,2021-07-21,2026-05-01,1896,18.0,25925.0,48.9,3.3,0.844,7,257,2025-08-17,37125.0,59.5,1522,High
BLW-MFG-0036,CNC Wheel Lathe,Manufacturing,High,45,3650,2021-07-21,2026-05-16,1911,18.0,26195.0,63.2,2.96,0.785,0,337,2025-06-13,80610.0,70.2,1560,High
BLW-LOC-0037,Axle Bearing Assembly,Locomotive,Critical,0,4015,2023-08-10,2026-01-01,1026,19.5,14370.0,106.5,3.43,0.765,7,205,2025-06-10,66810.0,47.0,1213,High
BLW-LOC-0037,Axle Bearing Assembly,Locomotive,Critical,0,4015,2023-08-10,2026-01-16,1041,19.5,14662.5,55.0,3.87,0.916,1,251,2025-05-10,108298.0,73.7,1997,High
BLW-LOC-0037,Axle Bearing Assembly,Locomotive,Critical,0,4015,2023-08-10,2026-01-31,1056,19.5,14955.0,72.4,3.78,1.053,7,37,2025-12-25,135394.0,67.8,1689,Medium
BLW-LOC-0037,Axle Bearing Assembly,Locomotive,Critical,0,4015,2023-08-10,2026-02-15,1071,19.5,15247.5,67.0,1.07,0.779,5,311,2025-04-10,26508.0,69.7,1861,High
BLW-LOC-0037,Axle Bearing Assembly,Locomotive,Critical,0,4015,2023-08-10,2026-03-02,1086,19.5,15540.0,79.2,3.79,0.843,2,140,2025-10-13,95526.0,68.9,1692,Medium
BLW-LOC-0037,Axle Bearing Assembly,Locomotive,Critical,0,4015,2023-08-10,2026-03-17,1101,19.5,15832.5,88.6,2.44,1.044,8,364,2025-03-18,52152.0,53.1,1630,High
BLW-LOC-0037,Axle Bearing Assembly,Locomotive,Critical,0,4015,2023-08-10,2026-04-01,1116,19.5,16125.0,93.4,4.08,0.994,8,150,2025-11-02,70789.0,52.7,1379,Medium
BLW-LOC-0037,Axle Bearing Assembly,Locomotive,Critical,0,4015,2023-08-10,2026-04-16,1131,19.5,16417.5,89.0,2.48,0.898,6,50,2026-02-25,119999.0,65.1,1622,Medium
BLW-LOC-0037,Axle Bearing Assembly,Locomotive,Critical,0,4015,2023-08-10,2026-05-01,1146,19.5,16710.0,82.5,1.64,0.824,1,335,2025-05-31,99383.0,70.4,1823,High
BLW-LOC-0037,Axle Bearing Assembly,Locomotive,Critical,0,4015,2023-08-10,2026-05-16,1161,19.5,17002.5,69.8,5.47,0.791,8,110,2026-01-26,67360.0,60.1,1615,Medium
BLW-MFG-0038,Material Handling Crane,Manufacturing,Critical,75,7300,2022-04-27,2026-01-01,1496,10.7,13383.0,57.2,4.4,0.701,6,48,2025-11-14,50320.0,75.7,3660,Low
BLW-MFG-0038,Material Handling Crane,Manufacturing,Critical,75,7300,2022-04-27,2026-01-16,1511,10.7,13543.5,57.8,4.1,0.8,5,340,2025-02-10,41959.0,69.3,3599,High
BLW-MFG-0038,Material Handling Crane,Manufacturing,Critical,75,7300,2022-04-27,2026-01-31,1526,10.7,13704.0,65.0,3.63,0.909,2,351,2025-02-14,138833.0,70.7,3806,High
BLW-MFG-0038,Material Handling Crane,Manufacturing,Critical,75,7300,2022-04-27,2026-02-15,1541,10.7,13864.5,47.5,3.88,0.948,1,46,2025-12-31,125607.0,83.3,3584,Low
BLW-MFG-0038,Material Handling Crane,Manufacturing,Critical,75,7300,2022-04-27,2026-03-02,1556,10.7,14025.0,54.9,2.81,0.809,1,221,2025-07-24,19002.0,84.4,4086,High
BLW-MFG-0038,Material Handling Crane,Manufacturing,Critical,75,7300,2022-04-27,2026-03-17,1571,10.7,14185.5,85.7,2.54,0.824,5,66,2026-01-10,85674.0,68.4,3115,Medium
BLW-MFG-0038,Material Handling Crane,Manufacturing,Critical,75,7300,2022-04-27,2026-04-01,1586,10.7,14346.0,81.4,4.55,0.727,8,287,2025-06-18,52799.0,54.1,2954,High
BLW-MFG-0038,Material Handling Crane,Manufacturing,Critical,75,7300,2022-04-27,2026-04-16,1601,10.7,14506.5,74.0,2.42,0.897,1,210,2025-09-18,56272.0,78.4,3590,High
BLW-MFG-0038,Material Handling Crane,Manufacturing,Critical,75,7300,2022-04-27,2026-05-01,1616,10.7,14667.0,78.0,3.21,0.816,6,26,2026-04-05,145418.0,71.1,3273,Low
BLW-MFG-0038,Material Handling Crane,Manufacturing,Critical,75,7300,2022-04-27,2026-05-16,1631,10.7,14827.5,67.8,3.02,1.025,4,180,2025-11-17,20022.0,76.1,3524,Medium
BLW-MFG-0039,Paint Booth Ventilation,Manufacturing,Low,15,2555,2020-11-12,2026-01-01,2027,15.2,23640.0,73.4,2.5,0.937,1,179,2025-07-06,127579.0,59.5,886,Medium
BLW-MFG-0039,Paint Booth Ventilation,Manufacturing,Low,15,2555,2020-11-12,2026-01-16,2042,15.2,23868.0,71.2,1.44,0.712,5,58,2025-11-19,115578.0,55.7,916,Medium
BLW-MFG-0039,Paint Booth Ventilation,Manufacturing,Low,15,2555,2020-11-12,2026-01-31,2057,15.2,24096.0,87.4,4.91,0.894,3,219,2025-06-26,127547.0,42.1,602,High
BLW-MFG-0039,Paint Booth Ventilation,Manufacturing,Low,15,2555,2020-11-12,2026-02-15,2072,15.2,24324.0,60.9,2.24,0.773,8,13,2026-02-02,93304.0,56.5,928,Medium
BLW-MFG-0039,Paint Booth Ventilation,Manufacturing,Low,15,2555,2020-11-12,2026-03-02,2087,15.2,24552.0,44.4,3.67,0.733,4,14,2026-02-16,31160.0,60.3,999,Medium
BLW-MFG-0039,Paint Booth Ventilation,Manufacturing,Low,15,2555,2020-11-12,2026-03-17,2102,15.2,24780.0,58.0,0.77,0.816,4,173,2025-09-25,55898.0,62.2,1088,Medium
BLW-MFG-0039,Paint Booth Ventilation,Manufacturing,Low,15,2555,2020-11-12,2026-04-01,2117,15.2,25008.0,55.0,3.55,0.803,2,73,2026-01-18,87117.0,62.1,1045,Medium
BLW-MFG-0039,Paint Booth Ventilation,Manufacturing,Low,15,2555,2020-11-12,2026-04-16,2132,15.2,25236.0,52.6,3.38,0.902,6,35,2026-03-12,25572.0,58.3,914,Medium
BLW-MFG-0039,Paint Booth Ventilation,Manufacturing,Low,15,2555,2020-11-12,2026-05-01,2147,15.2,25464.0,75.1,2.85,0.887,0,46,2026-03-16,113186.0,62.2,893,Medium
BLW-MFG-0039,Paint Booth Ventilation,Manufacturing,Low,15,2555,2020-11-12,2026-05-16,2162,15.2,25692.0,67.8,3.59,0.862,3,192,2025-11-05,65876.0,55.6,860,High
BLW-LOC-0040,Alternator,Locomotive,Critical,110,4380,2020-11-18,2026-01-01,2021,11.2,20745.0,51.4,5.01,0.741,1,26,2025-12-06,27559.0,72.3,1710,Low
BLW-LOC-0040,Alternator,Locomotive,Critical,110,4380,2020-11-18,2026-01-16,2036,11.2,20913.0,99.4,0.99,1.232,0,345,2025-02-05,16829.0,61.1,1569,High
BLW-LOC-0040,Alternator,Locomotive,Critical,110,4380,2020-11-18,2026-01-31,2051,11.2,21081.0,78.8,3.94,0.923,7,338,2025-02-27,66482.0,50.5,1601,High
BLW-LOC-0040,Alternator,Locomotive,Critical,110,4380,2020-11-18,2026-02-15,2066,11.2,21249.0,81.7,3.41,0.847,7,212,2025-07-18,44609.0,53.2,1661,High
BLW-LOC-0040,Alternator,Locomotive,Critical,110,4380,2020-11-18,2026-03-02,2081,11.2,21417.0,90.1,0.17,0.949,8,58,2026-01-03,55050.0,57.1,1589,Medium
BLW-LOC-0040,Alternator,Locomotive,Critical,110,4380,2020-11-18,2026-03-17,2096,11.2,21585.0,76.2,5.1,0.989,1,145,2025-10-23,103342.0,62.1,1572,Medium
BLW-LOC-0040,Alternator,Locomotive,Critical,110,4380,2020-11-18,2026-04-01,2111,11.2,21753.0,68.2,2.14,0.805,7,269,2025-07-06,101734.0,62.4,1964,High
BLW-LOC-0040,Alternator,Locomotive,Critical,110,4380,2020-11-18,2026-04-16,2126,11.2,21921.0,91.3,4.72,0.947,0,112,2025-12-25,62313.0,60.1,1420,Medium
BLW-LOC-0040,Alternator,Locomotive,Critical,110,4380,2020-11-18,2026-05-01,2141,11.2,22089.0,96.4,4.81,1.033,0,3,2026-04-28,34641.0,62.8,1338,Medium
BLW-LOC-0040,Alternator,Locomotive,Critical,110,4380,2020-11-18,2026-05-16,2156,11.2,22257.0,101.3,3.92,0.789,3,70,2026-03-07,115803.0,55.0,1258,Medium
BLW-LOC-0041,Air Compressor,Locomotive,High,22,3650,2021-11-02,2026-01-01,1672,7.7,10933.0,67.9,3.33,0.755,6,89,2025-10-04,23732.0,66.2,1415,Medium
BLW-LOC-0041,Air Compressor,Locomotive,High,22,3650,2021-11-02,2026-01-16,1687,7.7,11048.5,82.0,3.55,0.757,8,360,2025-01-21,38366.0,50.2,1445,High
BLW-LOC-0041,Air Compressor,Locomotive,High,22,3650,2021-11-02,2026-01-31,1702,7.7,11164.0,55.5,2.68,0.768,8,342,2025-02-23,121899.0,59.7,1750,High
BLW-LOC-0041,Air Compressor,Locomotive,High,22,3650,2021-11-02,2026-02-15,1717,7.7,11279.5,77.5,3.33,0.625,1,203,2025-07-27,129956.0,69.6,1411,High
BLW-LOC-0041,Air Compressor,Locomotive,High,22,3650,2021-11-02,2026-03-02,1732,7.7,11395.0,82.1,4.03,1.033,0,223,2025-07-22,7718.0,64.0,1196,High
BLW-LOC-0041,Air Compressor,Locomotive,High,22,3650,2021-11-02,2026-03-17,1747,7.7,11510.5,84.8,5.91,1.024,1,160,2025-10-08,88485.0,59.5,1193,Medium
BLW-LOC-0041,Air Compressor,Locomotive,High,22,3650,2021-11-02,2026-04-01,1762,7.7,11626.0,94.9,2.63,0.937,6,363,2025-04-03,97821.0,51.2,1404,High
BLW-LOC-0041,Air Compressor,Locomotive,High,22,3650,2021-11-02,2026-04-16,1777,7.7,11741.5,125.0,4.32,0.824,4,58,2026-02-17,63730.0,51.3,820,Medium
BLW-LOC-0041,Air Compressor,Locomotive,High,22,3650,2021-11-02,2026-05-01,1792,7.7,11857.0,74.0,3.41,0.827,5,87,2026-02-03,121192.0,66.1,1439,Medium
BLW-LOC-0041,Air Compressor,Locomotive,High,22,3650,2021-11-02,2026-05-16,1807,7.7,11972.5,102.0,3.95,0.894,7,353,2025-05-28,138367.0,41.5,1155,High
BLW-MFG-0042,CNC Turning Center,Manufacturing,High,22,3650,2022-06-13,2026-01-01,1449,17.8,19937.0,74.9,2.02,0.754,6,268,2025-04-08,16404.0,60.5,1446,High
BLW-MFG-0042,CNC Turning Center,Manufacturing,High,22,3650,2022-06-13,2026-01-16,1464,17.8,20204.0,56.0,2.42,0.912,4,173,2025-07-27,37128.0,72.4,1709,Medium
BLW-MFG-0042,CNC Turning Center,Manufacturing,High,22,3650,2022-06-13,2026-01-31,1479,17.8,20471.0,76.8,2.78,0.869,2,39,2025-12-23,79020.0,71.3,1523,Low
BLW-MFG-0042,CNC Turning Center,Manufacturing,High,22,3650,2022-06-13,2026-02-15,1494,17.8,20738.0,60.4,0.76,0.822,1,271,2025-05-20,78943.0,77.9,1827,High
BLW-MFG-0042,CNC Turning Center,Manufacturing,High,22,3650,2022-06-13,2026-03-02,1509,17.8,21005.0,79.8,4.11,0.849,5,179,2025-09-04,110470.0,57.3,1300,Medium
BLW-MFG-0042,CNC Turning Center,Manufacturing,High,22,3650,2022-06-13,2026-03-17,1524,17.8,21272.0,65.2,3.6,0.965,2,120,2025-11-17,19907.0,71.2,1526,Low
BLW-MFG-0042,CNC Turning Center,Manufacturing,High,22,3650,2022-06-13,2026-04-01,1539,17.8,21539.0,69.8,3.64,0.706,4,101,2025-12-21,30157.0,62.9,1451,Medium
BLW-MFG-0042,CNC Turning Center,Manufacturing,High,22,3650,2022-06-13,2026-04-16,1554,17.8,21806.0,56.0,2.69,0.84,2,335,2025-05-16,15926.0,69.6,1810,High
BLW-MFG-0042,CNC Turning Center,Manufacturing,High,22,3650,2022-06-13,2026-05-01,1569,17.8,22073.0,75.3,3.47,0.922,7,237,2025-09-06,114395.0,53.8,1497,High
BLW-MFG-0042,CNC Turning Center,Manufacturing,High,22,3650,2022-06-13,2026-05-16,1584,17.8,22340.0,71.3,3.85,0.758,7,348,2025-06-02,139002.0,50.6,1493,High
BLW-LOC-0043,Alternator,Locomotive,Critical,110,4380,2024-11-04,2026-01-01,574,19.6,8942.0,83.6,2.42,0.746,7,34,2025-11-28,72994.0,72.3,1896,Low
BLW-LOC-0043,Alternator,Locomotive,Critical,110,4380,2024-11-04,2026-01-16,589,19.6,9236.0,103.4,2.47,0.932,4,140,2025-08-29,90756.0,64.5,1836,Medium
BLW-LOC-0043,Alternator,Locomotive,Critical,110,4380,2024-11-04,2026-01-31,604,19.6,9530.0,71.4,3.4,0.865,5,259,2025-05-17,15758.0,68.4,2178,High
BLW-LOC-0043,Alternator,Locomotive,Critical,110,4380,2024-11-04,2026-02-15,619,19.6,9824.0,72.7,3.38,0.746,7,231,2025-06-29,10453.0,62.7,2045,High
BLW-LOC-0043,Alternator,Locomotive,Critical,110,4380,2024-11-04,2026-03-02,634,19.6,10118.0,117.4,4.64,0.868,5,146,2025-10-07,16126.0,53.5,1375,Medium
BLW-LOC-0043,Alternator,Locomotive,Critical,110,4380,2024-11-04,2026-03-17,649,19.6,10412.0,90.2,2.33,1.009,1,314,2025-05-07,91142.0,72.3,2073,High
BLW-LOC-0043,Alternator,Locomotive,Critical,110,4380,2024-11-04,2026-04-01,664,19.6,10706.0,89.4,3.82,0.961,6,236,2025-08-08,89148.0,61.1,1780,High
BLW-LOC-0043,Alternator,Locomotive,Critical,110,4380,2024-11-04,2026-04-16,679,19.6,11000.0,75.0,3.97,1.071,0,230,2025-08-29,136812.0,74.7,1899,High
BLW-LOC-0043,Alternator,Locomotive,Critical,110,4380,2024-11-04,2026-05-01,694,19.6,11294.0,86.9,3.96,0.911,3,164,2025-11-18,92726.0,68.6,1842,Medium
BLW-LOC-0043,Alternator,Locomotive,Critical,110,4380,2024-11-04,2026-05-16,709,19.6,11588.0,107.5,2.03,0.796,8,77,2026-02-28,143870.0,59.0,1588,Medium
BLW-LOC-0044,Axle Bearing Assembly,Locomotive,Critical,0,4015,2020-07-30,2026-01-01,2132,17.4,35287.0,75.4,5.49,0.853,1,258,2025-04-18,98688.0,53.1,1109,High
BLW-LOC-0044,Axle Bearing Assembly,Locomotive,Critical,0,4015,2020-07-30,2026-01-16,2147,17.4,35548.0,69.6,3.1,0.817,0,126,2025-09-12,107605.0,69.7,1521,Medium
BLW-LOC-0044,Axle Bearing Assembly,Locomotive,Critical,0,4015,2020-07-30,2026-01-31,2162,17.4,35809.0,62.9,3.9,0.92,7,268,2025-05-08,80798.0,53.2,1533,High
BLW-LOC-0044,Axle Bearing Assembly,Locomotive,Critical,0,4015,2020-07-30,2026-02-15,2177,17.4,36070.0,65.2,2.68,0.714,2,186,2025-08-13,59064.0,65.2,1587,High
BLW-LOC-0044,Axle Bearing Assembly,Locomotive,Critical,0,4015,2020-07-30,2026-03-02,2192,17.4,36331.0,96.0,3.61,0.832,4,198,2025-08-16,64272.0,46.7,1032,High
BLW-LOC-0044,Axle Bearing Assembly,Locomotive,Critical,0,4015,2020-07-30,2026-03-17,2207,17.4,36592.0,113.3,1.82,0.897,5,347,2025-04-04,91693.0,42.8,1005,High
BLW-LOC-0044,Axle Bearing Assembly,Locomotive,Critical,0,4015,2020-07-30,2026-04-01,2222,17.4,36853.0,79.9,3.37,0.858,5,33,2026-02-27,52805.0,58.5,1141,Medium
BLW-LOC-0044,Axle Bearing Assembly,Locomotive,Critical,0,4015,2020-07-30,2026-04-16,2237,17.4,37114.0,106.6,2.14,0.853,8,347,2025-05-04,61052.0,34.7,1074,High
BLW-LOC-0044,Axle Bearing Assembly,Locomotive,Critical,0,4015,2020-07-30,2026-05-01,2252,17.4,37375.0,60.4,4.45,1.133,4,336,2025-05-30,144839.0,52.3,1443,High
BLW-LOC-0044,Axle Bearing Assembly,Locomotive,Critical,0,4015,2020-07-30,2026-05-16,2267,17.4,37636.0,75.3,4.46,0.897,2,170,2025-11-27,16818.0,55.6,1300,Medium
BLW-MFG-0045,Hydraulic Press,Manufacturing,High,55,5475,2021-12-17,2026-01-01,1627,10.3,15029.0,86.7,2.63,0.892,6,66,2025-10-27,91281.0,63.5,2185,Medium
BLW-MFG-0045,Hydraulic Press,Manufacturing,High,55,5475,2021-12-17,2026-01-16,1642,10.3,15183.5,71.5,4.19,0.861,1,158,2025-08-11,86044.0,72.8,2413,Medium
BLW-MFG-0045,Hydraulic Press,Manufacturing,High,55,5475,2021-12-17,2026-01-31,1657,10.3,15338.0,51.6,3.44,0.918,5,65,2025-11-27,102167.0,74.8,2572,Low
BLW-MFG-0045,Hydraulic Press,Manufacturing,High,55,5475,2021-12-17,2026-02-15,1672,10.3,15492.5,70.6,2.56,0.828,8,47,2025-12-30,98674.0,72.1,2501,Low
BLW-MFG-0045,Hydraulic Press,Manufacturing,High,55,5475,2021-12-17,2026-03-02,1687,10.3,15647.0,63.9,2.42,0.914,6,260,2025-06-15,57465.0,69.5,2593,High
BLW-MFG-0045,Hydraulic Press,Manufacturing,High,55,5475,2021-12-17,2026-03-17,1702,10.3,15801.5,84.9,4.33,0.785,5,158,2025-10-10,31138.0,57.5,2242,Medium
BLW-MFG-0045,Hydraulic Press,Manufacturing,High,55,5475,2021-12-17,2026-04-01,1717,10.3,15956.0,61.6,3.81,0.653,3,174,2025-10-09,142412.0,75.7,2433,Medium
BLW-MFG-0045,Hydraulic Press,Manufacturing,High,55,5475,2021-12-17,2026-04-16,1732,10.3,16110.5,79.4,3.16,0.76,7,98,2026-01-08,37849.0,63.5,2415,Medium
BLW-MFG-0045,Hydraulic Press,Manufacturing,High,55,5475,2021-12-17,2026-05-01,1747,10.3,16265.0,72.7,3.73,1.058,2,79,2026-02-11,16189.0,72.2,2633,Low
BLW-MFG-0045,Hydraulic Press,Manufacturing,High,55,5475,2021-12-17,2026-05-16,1762,10.3,16419.5,73.5,2.44,0.732,1,259,2025-08-30,116777.0,74.6,2709,High
BLW-MFG-0046,CNC Milling Machine,Manufacturing,High,30,3650,2023-09-17,2026-01-01,988,10.7,9830.0,63.5,4.16,0.675,2,305,2025-03-02,59624.0,71.2,1599,High
BLW-MFG-0046,CNC Milling Machine,Manufacturing,High,30,3650,2023-09-17,2026-01-16,1003,10.7,9990.5,70.2,3.65,0.783,2,92,2025-10-16,125545.0,72.1,1692,Low
BLW-MFG-0046,CNC Milling Machine,Manufacturing,High,30,3650,2023-09-17,2026-01-31,1018,10.7,10151.0,71.8,3.26,0.954,2,224,2025-06-21,11335.0,71.3,1747,High
BLW-MFG-0046,CNC Milling Machine,Manufacturing,High,30,3650,2023-09-17,2026-02-15,1033,10.7,10311.5,81.7,1.35,0.867,5,346,2025-03-06,109340.0,63.2,1653,High
BLW-MFG-0046,CNC Milling Machine,Manufacturing,High,30,3650,2023-09-17,2026-03-02,1048,10.7,10472.0,72.4,2.56,0.772,7,312,2025-04-24,46315.0,63.4,1604,High
BLW-MFG-0046,CNC Milling Machine,Manufacturing,High,30,3650,2023-09-17,2026-03-17,1063,10.7,10632.5,56.0,3.66,0.73,7,119,2025-11-18,82432.0,71.3,1780,Low
BLW-MFG-0046,CNC Milling Machine,Manufacturing,High,30,3650,2023-09-17,2026-04-01,1078,10.7,10793.0,49.1,2.49,0.969,4,240,2025-08-04,136076.0,74.4,1815,High
BLW-MFG-0046,CNC Milling Machine,Manufacturing,High,30,3650,2023-09-17,2026-04-16,1093,10.7,10953.5,76.1,3.86,0.83,3,188,2025-10-10,103354.0,67.7,1701,High
BLW-MFG-0046,CNC Milling Machine,Manufacturing,High,30,3650,2023-09-17,2026-05-01,1108,10.7,11114.0,92.3,4.08,0.869,7,236,2025-09-07,116569.0,51.7,1310,High
BLW-MFG-0046,CNC Milling Machine,Manufacturing,High,30,3650,2023-09-17,2026-05-16,1123,10.7,11274.5,78.5,3.63,1.005,6,257,2025-09-01,81482.0,62.0,1439,High
BLW-MFG-0047,Compressor Unit,Manufacturing,Medium,37,3650,2024-07-30,2026-01-01,671,8.8,5204.0,77.6,1.9,0.782,4,26,2025-12-06,97971.0,80.0,2004,Low
BLW-MFG-0047,Compressor Unit,Manufacturing,Medium,37,3650,2024-07-30,2026-01-16,686,8.8,5336.0,103.1,3.4,0.807,5,283,2025-04-08,140473.0,57.0,1514,High
BLW-MFG-0047,Compressor Unit,Manufacturing,Medium,37,3650,2024-07-30,2026-01-31,701,8.8,5468.0,62.8,4.52,0.853,8,63,2025-11-29,46334.0,70.5,1807,Low
BLW-MFG-0047,Compressor Unit,Manufacturing,Medium,37,3650,2024-07-30,2026-02-15,716,8.8,5600.0,72.5,3.71,0.773,2,139,2025-09-29,70151.0,76.1,1664,Medium
BLW-MFG-0047,Compressor Unit,Manufacturing,Medium,37,3650,2024-07-30,2026-03-02,731,8.8,5732.0,73.5,3.7,0.886,8,75,2025-12-17,125502.0,70.1,1702,Low
BLW-MFG-0047,Compressor Unit,Manufacturing,Medium,37,3650,2024-07-30,2026-03-17,746,8.8,5864.0,77.0,2.07,0.806,1,113,2025-11-24,123422.0,83.6,1926,Low
BLW-MFG-0047,Compressor Unit,Manufacturing,Medium,37,3650,2024-07-30,2026-04-01,761,8.8,5996.0,66.3,3.04,0.698,5,13,2026-03-19,65160.0,79.0,1932,Low
BLW-MFG-0047,Compressor Unit,Manufacturing,Medium,37,3650,2024-07-30,2026-04-16,776,8.8,6128.0,77.5,3.6,0.86,6,257,2025-08-02,59224.0,64.8,1630,High
BLW-MFG-0047,Compressor Unit,Manufacturing,Medium,37,3650,2024-07-30,2026-05-01,791,8.8,6260.0,79.8,3.58,0.909,6,41,2026-03-21,59362.0,69.2,1485,Medium
BLW-MFG-0047,Compressor Unit,Manufacturing,Medium,37,3650,2024-07-30,2026-05-16,806,8.8,6392.0,85.4,2.82,0.779,0,163,2025-12-04,139970.0,78.4,1680,Medium
BLW-LOC-0048,Alternator,Locomotive,Critical,110,4380,2024-06-08,2026-01-01,723,8.0,4115.0,93.9,4.24,0.932,7,356,2025-01-10,125511.0,50.7,1824,High
BLW-LOC-0048,Alternator,Locomotive,Critical,110,4380,2024-06-08,2026-01-16,738,8.0,4235.0,82.7,3.11,0.872,7,229,2025-06-01,94225.0,61.5,2018,High
BLW-LOC-0048,Alternator,Locomotive,Critical,110,4380,2024-06-08,2026-01-31,753,8.0,4355.0,64.2,1.98,0.677,1,9,2026-01-22,42109.0,93.5,2318,Low
BLW-LOC-0048,Alternator,Locomotive,Critical,110,4380,2024-06-08,2026-02-15,768,8.0,4475.0,103.4,3.01,0.66,2,280,2025-05-11,141333.0,62.1,1878,High
BLW-LOC-0048,Alternator,Locomotive,Critical,110,4380,2024-06-08,2026-03-02,783,8.0,4595.0,78.9,3.04,0.889,8,216,2025-07-29,21122.0,65.2,2137,High
BLW-LOC-0048,Alternator,Locomotive,Critical,110,4380,2024-06-08,2026-03-17,798,8.0,4715.0,103.7,3.32,0.716,4,121,2025-11-16,48667.0,62.9,1735,Medium
BLW-LOC-0048,Alternator,Locomotive,Critical,110,4380,2024-06-08,2026-04-01,813,8.0,4835.0,68.3,2.65,0.921,0,122,2025-11-30,65875.0,86.8,2290,Medium
BLW-LOC-0048,Alternator,Locomotive,Critical,110,4380,2024-06-08,2026-04-16,828,8.0,4955.0,72.2,3.57,0.774,7,32,2026-03-15,21074.0,73.8,2178,Low
BLW-LOC-0048,Alternator,Locomotive,Critical,110,4380,2024-06-08,2026-05-01,843,8.0,5075.0,56.7,2.78,0.71,7,305,2025-06-30,82728.0,71.1,2299,High
BLW-LOC-0048,Alternator,Locomotive,Critical,110,4380,2024-06-08,2026-05-16,858,8.0,5195.0,63.5,2.84,0.775,8,294,2025-07-26,40081.0,69.3,2254,High
BLW-MFG-0049,Hydraulic Press,Manufacturing,High,55,5475,2021-08-19,2026-01-01,1747,12.0,18541.0,56.3,2.96,0.765,3,292,2025-03-15,65402.0,72.6,2886,High
BLW-MFG-0049,Hydraulic Press,Manufacturing,High,55,5475,2021-08-19,2026-01-16,1762,12.0,18721.0,81.9,1.68,0.908,1,268,2025-04-23,146325.0,72.6,2315,High
BLW-MFG-0049,Hydraulic Press,Manufacturing,High,55,5475,2021-08-19,2026-01-31,1777,12.0,18901.0,76.4,4.28,0.718,1,269,2025-05-07,83892.0,65.3,2388,High
BLW-MFG-0049,Hydraulic Press,Manufacturing,High,55,5475,2021-08-19,2026-02-15,1792,12.0,19081.0,70.7,3.45,0.869,8,283,2025-05-08,7948.0,59.1,2215,High
BLW-MFG-0049,Hydraulic Press,Manufacturing,High,55,5475,2021-08-19,2026-03-02,1807,12.0,19261.0,80.8,4.05,0.817,7,22,2026-02-08,97172.0,61.6,1990,Medium
BLW-MFG-0049,Hydraulic Press,Manufacturing,High,55,5475,2021-08-19,2026-03-17,1822,12.0,19441.0,75.2,3.56,0.839,5,129,2025-11-08,113361.0,67.7,2288,Medium
BLW-MFG-0049,Hydraulic Press,Manufacturing,High,55,5475,2021-08-19,2026-04-01,1837,12.0,19621.0,76.6,2.18,0.848,5,34,2026-02-26,54996.0,72.0,2496,Low
BLW-MFG-0049,Hydraulic Press,Manufacturing,High,55,5475,2021-08-19,2026-04-16,1852,12.0,19801.0,66.2,3.03,0.938,1,297,2025-06-23,111602.0,73.1,2375,High
BLW-MFG-0049,Hydraulic Press,Manufacturing,High,55,5475,2021-08-19,2026-05-01,1867,12.0,19981.0,92.4,4.44,0.731,5,68,2026-02-22,11429.0,59.3,1901,Medium
BLW-MFG-0049,Hydraulic Press,Manufacturing,High,55,5475,2021-08-19,2026-05-16,1882,12.0,20161.0,75.4,3.51,0.842,8,173,2025-11-24,122959.0,58.3,2212,Medium
BLW-MFG-0050,Compressor Unit,Manufacturing,Medium,37,3650,2024-08-27,2026-01-01,643,16.9,9121.0,54.0,2.05,0.813,7,323,2025-02-12,31430.0,70.6,2010,High
BLW-MFG-0050,Compressor Unit,Manufacturing,Medium,37,3650,2024-08-27,2026-01-16,658,16.9,9374.5,83.6,2.33,0.849,2,32,2025-12-15,108827.0,79.2,1764,Low
BLW-MFG-0050,Compressor Unit,Manufacturing,Medium,37,3650,2024-08-27,2026-01-31,673,16.9,9628.0,67.5,3.57,0.878,7,18,2026-01-13,47549.0,70.7,1828,Low
BLW-MFG-0050,Compressor Unit,Manufacturing,Medium,37,3650,2024-08-27,2026-02-15,688,16.9,9881.5,78.0,2.26,0.839,0,102,2025-11-05,133440.0,83.6,1783,Low
BLW-MFG-0050,Compressor Unit,Manufacturing,Medium,37,3650,2024-08-27,2026-03-02,703,16.9,10135.0,81.1,5.13,0.761,5,158,2025-09-25,79731.0,60.1,1535,Medium
BLW-MFG-0050,Compressor Unit,Manufacturing,Medium,37,3650,2024-08-27,2026-03-17,718,16.9,10388.5,77.7,2.84,0.99,8,242,2025-07-18,41730.0,60.6,1755,High
BLW-MFG-0050,Compressor Unit,Manufacturing,Medium,37,3650,2024-08-27,2026-04-01,733,16.9,10642.0,62.5,4.65,1.049,3,146,2025-11-06,56761.0,73.8,1705,Medium
BLW-MFG-0050,Compressor Unit,Manufacturing,Medium,37,3650,2024-08-27,2026-04-16,748,16.9,10895.5,80.9,2.8,0.85,0,335,2025-05-16,53129.0,73.3,1565,High
BLW-MFG-0050,Compressor Unit,Manufacturing,Medium,37,3650,2024-08-27,2026-05-01,763,16.9,11149.0,71.2,2.58,0.811,1,188,2025-10-25,68358.0,82.3,1723,High
BLW-MFG-0050,Compressor Unit,Manufacturing,Medium,37,3650,2024-08-27,2026-05-16,778,16.9,11402.5,82.0,3.0,0.837,6,225,2025-10-03,134722.0,65.7,1685,High
BLW-LOC-0051,Brake System,Locomotive,Critical,12,2920,2021-11-25,2026-01-01,1649,19.6,27436.0,86.6,4.66,0.81,7,188,2025-06-27,139025.0,39.6,701,High
BLW-LOC-0051,Brake System,Locomotive,Critical,12,2920,2021-11-25,2026-01-16,1664,19.6,27730.0,66.4,7.09,1.004,8,136,2025-09-02,121166.0,39.2,702,High
BLW-LOC-0051,Brake System,Locomotive,Critical,12,2920,2021-11-25,2026-01-31,1679,19.6,28024.0,86.8,4.26,0.926,6,40,2025-12-22,67438.0,47.2,768,High
BLW-LOC-0051,Brake System,Locomotive,Critical,12,2920,2021-11-25,2026-02-15,1694,19.6,28318.0,85.3,3.75,0.599,2,279,2025-05-12,47596.0,49.9,811,High
BLW-LOC-0051,Brake System,Locomotive,Critical,12,2920,2021-11-25,2026-03-02,1709,19.6,28612.0,83.8,7.28,0.914,1,40,2026-01-21,52548.0,49.1,665,High
BLW-LOC-0051,Brake System,Locomotive,Critical,12,2920,2021-11-25,2026-03-17,1724,19.6,28906.0,89.2,4.25,0.948,4,156,2025-10-12,69658.0,50.1,723,Medium
BLW-LOC-0051,Brake System,Locomotive,Critical,12,2920,2021-11-25,2026-04-01,1739,19.6,29200.0,89.9,2.69,0.947,6,85,2026-01-06,105016.0,48.4,831,High
BLW-LOC-0051,Brake System,Locomotive,Critical,12,2920,2021-11-25,2026-04-16,1754,19.6,29494.0,79.2,5.02,0.995,5,228,2025-08-31,11141.0,43.0,799,High
BLW-LOC-0051,Brake System,Locomotive,Critical,12,2920,2021-11-25,2026-05-01,1769,19.6,29788.0,73.8,2.39,0.864,5,314,2025-06-21,149732.0,52.1,1140,High
BLW-LOC-0051,Brake System,Locomotive,Critical,12,2920,2021-11-25,2026-05-16,1784,19.6,30082.0,91.7,2.3,0.827,4,327,2025-06-23,147104.0,48.6,964,High
BLW-MFG-0052,CNC Milling Machine,Manufacturing,High,30,3650,2020-06-02,2026-01-01,2190,15.4,27718.0,46.0,1.11,1.007,8,347,2025-01-19,28198.0,55.1,1428,High
BLW-MFG-0052,CNC Milling Machine,Manufacturing,High,30,3650,2020-06-02,2026-01-16,2205,15.4,27949.0,72.2,0.48,0.825,0,73,2025-11-04,128057.0,72.1,1498,Low
BLW-MFG-0052,CNC Milling Machine,Manufacturing,High,30,3650,2020-06-02,2026-01-31,2220,15.4,28180.0,54.4,2.98,0.737,7,17,2026-01-14,23303.0,62.9,1360,Medium
BLW-MFG-0052,CNC Milling Machine,Manufacturing,High,30,3650,2020-06-02,2026-02-15,2235,15.4,28411.0,62.5,2.05,0.9,3,330,2025-03-22,58118.0,64.1,1487,High
BLW-MFG-0052,CNC Milling Machine,Manufacturing,High,30,3650,2020-06-02,2026-03-02,2250,15.4,28642.0,68.7,1.7,0.81,6,290,2025-05-16,9696.0,56.1,1604,High
BLW-MFG-0052,CNC Milling Machine,Manufacturing,High,30,3650,2020-06-02,2026-03-17,2265,15.4,28873.0,55.7,4.37,0.945,2,347,2025-04-04,70239.0,58.6,1476,High
BLW-MFG-0052,CNC Milling Machine,Manufacturing,High,30,3650,2020-06-02,2026-04-01,2280,15.4,29104.0,74.3,3.45,0.845,5,190,2025-09-23,69371.0,56.0,1322,High
BLW-MFG-0052,CNC Milling Machine,Manufacturing,High,30,3650,2020-06-02,2026-04-16,2295,15.4,29335.0,63.1,1.96,0.835,1,293,2025-06-27,24966.0,66.1,1515,High
BLW-MFG-0052,CNC Milling Machine,Manufacturing,High,30,3650,2020-06-02,2026-05-01,2310,15.4,29566.0,86.2,2.79,0.856,5,203,2025-10-10,50586.0,51.1,1230,High
BLW-MFG-0052,CNC Milling Machine,Manufacturing,High,30,3650,2020-06-02,2026-05-16,2325,15.4,29797.0,45.2,2.7,0.886,4,127,2026-01-09,144275.0,67.5,1435,Medium
BLW-MFG-0053,CNC Wheel Lathe,Manufacturing,High,45,3650,2024-02-15,2026-01-01,837,8.6,6157.0,42.5,3.36,0.756,8,60,2025-11-02,42958.0,71.4,1758,Low
BLW-MFG-0053,CNC Wheel Lathe,Manufacturing,High,45,3650,2024-02-15,2026-01-16,852,8.6,6286.0,63.6,2.31,0.604,4,360,2025-01-21,69710.0,75.1,2014,High
BLW-MFG-0053,CNC Wheel Lathe,Manufacturing,High,45,3650,2024-02-15,2026-01-31,867,8.6,6415.0,74.4,1.88,0.81,4,355,2025-02-10,137889.0,70.5,1858,High
BLW-MFG-0053,CNC Wheel Lathe,Manufacturing,High,45,3650,2024-02-15,2026-02-15,882,8.6,6544.0,75.4,2.29,0.843,7,102,2025-11-05,22782.0,71.5,1872,Low
BLW-MFG-0053,CNC Wheel Lathe,Manufacturing,High,45,3650,2024-02-15,2026-03-02,897,8.6,6673.0,76.7,3.71,0.848,1,231,2025-07-14,30035.0,75.4,1704,High
BLW-MFG-0053,CNC Wheel Lathe,Manufacturing,High,45,3650,2024-02-15,2026-03-17,912,8.6,6802.0,58.7,4.31,0.915,7,44,2026-02-01,122524.0,71.9,1706,Low
BLW-MFG-0053,CNC Wheel Lathe,Manufacturing,High,45,3650,2024-02-15,2026-04-01,927,8.6,6931.0,73.4,3.52,0.87,5,341,2025-04-25,55377.0,65.4,1829,High
BLW-MFG-0053,CNC Wheel Lathe,Manufacturing,High,45,3650,2024-02-15,2026-04-16,942,8.6,7060.0,83.5,3.32,0.949,1,281,2025-07-09,83615.0,68.8,1661,High
BLW-MFG-0053,CNC Wheel Lathe,Manufacturing,High,45,3650,2024-02-15,2026-05-01,957,8.6,7189.0,93.1,3.0,0.775,4,80,2026-02-10,108212.0,66.7,1445,Medium
BLW-MFG-0053,CNC Wheel Lathe,Manufacturing,High,45,3650,2024-02-15,2026-05-16,972,8.6,7318.0,62.8,2.92,0.724,2,185,2025-11-12,78770.0,80.7,1955,High
BLW-MFG-0054,Welding Robot,Manufacturing,Medium,18,2920,2021-02-15,2026-01-01,1932,17.1,25472.0,54.1,4.17,0.871,7,13,2025-12-19,57330.0,57.9,998,Medium
BLW-MFG-0054,Welding Robot,Manufacturing,Medium,18,2920,2021-02-15,2026-01-16,1947,17.1,25728.5,76.1,1.87,0.914,5,239,2025-05-22,121531.0,54.0,1076,High
BLW-MFG-0054,Welding Robot,Manufacturing,Medium,18,2920,2021-02-15,2026-01-31,1962,17.1,25985.0,52.5,2.09,0.89,8,66,2025-11-26,93733.0,57.9,1179,Medium
BLW-MFG-0054,Welding Robot,Manufacturing,Medium,18,2920,2021-02-15,2026-02-15,1977,17.1,26241.5,51.0,3.71,0.712,1,33,2026-01-13,49847.0,68.8,1133,Medium
BLW-MFG-0054,Welding Robot,Manufacturing,Medium,18,2920,2021-02-15,2026-03-02,1992,17.1,26498.0,59.8,3.52,0.866,7,269,2025-06-06,64565.0,50.4,1018,High
BLW-MFG-0054,Welding Robot,Manufacturing,Medium,18,2920,2021-02-15,2026-03-17,2007,17.1,26754.5,45.4,3.36,0.689,6,294,2025-05-27,15694.0,53.0,1074,High
BLW-MFG-0054,Welding Robot,Manufacturing,Medium,18,2920,2021-02-15,2026-04-01,2022,17.1,27011.0,77.9,2.83,0.817,5,328,2025-05-08,15754.0,49.2,998,High
BLW-MFG-0054,Welding Robot,Manufacturing,Medium,18,2920,2021-02-15,2026-04-16,2037,17.1,27267.5,74.4,3.57,0.701,7,348,2025-05-03,80017.0,44.3,981,High
BLW-MFG-0054,Welding Robot,Manufacturing,Medium,18,2920,2021-02-15,2026-05-01,2052,17.1,27524.0,59.2,2.98,0.856,2,282,2025-07-23,97770.0,61.3,1156,High
BLW-MFG-0054,Welding Robot,Manufacturing,Medium,18,2920,2021-02-15,2026-05-16,2067,17.1,27780.5,89.4,4.22,0.734,2,66,2026-03-11,67730.0,52.9,878,Medium
BLW-MFG-0055,CNC Milling Machine,Manufacturing,High,30,3650,2024-08-29,2026-01-01,641,7.7,3682.0,69.6,3.78,1.021,2,82,2025-10-11,51786.0,81.7,1809,Low
BLW-MFG-0055,CNC Milling Machine,Manufacturing,High,30,3650,2024-08-29,2026-01-16,656,7.7,3797.5,78.3,2.98,0.827,3,177,2025-07-23,142385.0,74.1,1887,Medium
BLW-MFG-0055,CNC Milling Machine,Manufacturing,High,30,3650,2024-08-29,2026-01-31,671,7.7,3913.0,56.8,4.28,0.88,8,145,2025-09-08,127660.0,67.9,1831,Medium
BLW-MFG-0055,CNC Milling Machine,Manufacturing,High,30,3650,2024-08-29,2026-02-15,686,7.7,4028.5,42.2,3.51,0.924,4,100,2025-11-07,97083.0,79.8,1904,Low
BLW-MFG-0055,CNC Milling Machine,Manufacturing,High,30,3650,2024-08-29,2026-03-02,701,7.7,4144.0,91.6,2.54,0.734,8,140,2025-10-13,23150.0,64.9,1760,Medium
BLW-MFG-0055,CNC Milling Machine,Manufacturing,High,30,3650,2024-08-29,2026-03-17,716,7.7,4259.5,69.0,3.96,0.979,4,314,2025-05-07,82354.0,68.7,1719,High
BLW-MFG-0055,CNC Milling Machine,Manufacturing,High,30,3650,2024-08-29,2026-04-01,731,7.7,4375.0,84.6,4.62,0.906,8,328,2025-05-08,29452.0,52.7,1662,High
BLW-MFG-0055,CNC Milling Machine,Manufacturing,High,30,3650,2024-08-29,2026-04-16,746,7.7,4490.5,64.2,2.85,0.889,2,87,2026-01-19,100516.0,87.3,1999,Low
BLW-MFG-0055,CNC Milling Machine,Manufacturing,High,30,3650,2024-08-29,2026-05-01,761,7.7,4606.0,76.4,3.62,0.864,5,288,2025-07-17,10973.0,67.6,1487,High
BLW-MFG-0055,CNC Milling Machine,Manufacturing,High,30,3650,2024-08-29,2026-05-16,776,7.7,4721.5,68.6,3.47,0.75,0,41,2026-04-05,11592.0,86.8,1820,Low
BLW-LOC-0056,Traction Motor,Locomotive,Critical,350,4380,2023-08-26,2026-01-01,1010,9.0,7923.0,104.3,5.39,0.794,0,254,2025-04-22,133905.0,58.0,1450,High
BLW-LOC-0056,Traction Motor,Locomotive,Critical,350,4380,2023-08-26,2026-01-16,1025,9.0,8058.0,72.0,3.78,0.764,8,148,2025-08-21,98077.0,62.8,2016,Medium
BLW-LOC-0056,Traction Motor,Locomotive,Critical,350,4380,2023-08-26,2026-01-31,1040,9.0,8193.0,89.0,2.63,0.967,4,247,2025-05-29,40507.0,64.6,1911,High
BLW-LOC-0056,Traction Motor,Locomotive,Critical,350,4380,2023-08-26,2026-02-15,1055,9.0,8328.0,92.7,3.61,0.92,6,152,2025-09-16,70764.0,59.4,1704,Medium
BLW-LOC-0056,Traction Motor,Locomotive,Critical,350,4380,2023-08-26,2026-03-02,1070,9.0,8463.0,78.1,2.8,0.849,0,80,2025-12-12,68743.0,78.9,2005,Low
BLW-LOC-0056,Traction Motor,Locomotive,Critical,350,4380,2023-08-26,2026-03-17,1085,9.0,8598.0,77.7,3.44,0.846,7,237,2025-07-23,34583.0,62.5,1970,High
BLW-LOC-0056,Traction Motor,Locomotive,Critical,350,4380,2023-08-26,2026-04-01,1100,9.0,8733.0,95.9,3.02,0.736,2,160,2025-10-23,129915.0,66.1,1735,Medium
BLW-LOC-0056,Traction Motor,Locomotive,Critical,350,4380,2023-08-26,2026-04-16,1115,9.0,8868.0,78.3,2.93,0.729,5,176,2025-10-22,146429.0,68.4,2005,Medium
BLW-LOC-0056,Traction Motor,Locomotive,Critical,350,4380,2023-08-26,2026-05-01,1130,9.0,9003.0,93.3,3.23,0.84,2,189,2025-10-24,79672.0,65.9,1789,High
BLW-LOC-0056,Traction Motor,Locomotive,Critical,350,4380,2023-08-26,2026-05-16,1145,9.0,9138.0,72.5,4.64,0.681,1,163,2025-12-04,40052.0,73.3,1966,Medium
BLW-MFG-0057,Welding Robot,Manufacturing,Medium,18,2920,2021-07-01,2026-01-01,1796,12.3,16397.0,67.2,5.22,0.855,0,148,2025-08-06,142081.0,62.5,1052,Medium
BLW-MFG-0057,Welding Robot,Manufacturing,Medium,18,2920,2021-07-01,2026-01-16,1811,12.3,16581.5,44.5,2.78,0.742,6,127,2025-09-11,144589.0,65.4,1191,Medium
BLW-MFG-0057,Welding Robot,Manufacturing,Medium,18,2920,2021-07-01,2026-01-31,1826,12.3,16766.0,65.2,2.33,1.004,2,167,2025-08-17,140394.0,68.9,1349,Medium
BLW-MFG-0057,Welding Robot,Manufacturing,Medium,18,2920,2021-07-01,2026-02-15,1841,12.3,16950.5,77.2,3.38,0.872,5,97,2025-11-10,115653.0,58.6,953,Medium
BLW-MFG-0057,Welding Robot,Manufacturing,Medium,18,2920,2021-07-01,2026-03-02,1856,12.3,17135.0,64.9,3.76,0.835,7,263,2025-06-12,72688.0,51.4,1116,High
BLW-MFG-0057,Welding Robot,Manufacturing,Medium,18,2920,2021-07-01,2026-03-17,1871,12.3,17319.5,89.4,4.17,0.839,4,254,2025-07-06,8361.0,49.6,898,High
BLW-MFG-0057,Welding Robot,Manufacturing,Medium,18,2920,2021-07-01,2026-04-01,1886,12.3,17504.0,49.4,2.27,1.006,6,258,2025-07-17,71298.0,61.5,1240,High
BLW-MFG-0057,Welding Robot,Manufacturing,Medium,18,2920,2021-07-01,2026-04-16,1901,12.3,17688.5,67.0,4.86,1.018,3,110,2025-12-27,89585.0,64.2,1052,Medium
BLW-MFG-0057,Welding Robot,Manufacturing,Medium,18,2920,2021-07-01,2026-05-01,1916,12.3,17873.0,74.9,1.84,1.008,0,25,2026-04-06,45797.0,72.3,1203,Low
BLW-MFG-0057,Welding Robot,Manufacturing,Medium,18,2920,2021-07-01,2026-05-16,1931,12.3,18057.5,59.0,2.72,0.781,7,146,2025-12-21,82820.0,61.0,1189,Medium
BLW-MFG-0058,Welding Robot,Manufacturing,Medium,18,2920,2022-06-01,2026-01-01,1461,7.9,8995.0,58.4,3.55,0.71,5,206,2025-06-09,58061.0,67.1,1384,High
BLW-MFG-0058,Welding Robot,Manufacturing,Medium,18,2920,2022-06-01,2026-01-16,1476,7.9,9113.5,59.6,2.2,0.802,6,26,2025-12-21,87691.0,75.8,1393,Low
BLW-MFG-0058,Welding Robot,Manufacturing,Medium,18,2920,2022-06-01,2026-01-31,1491,7.9,9232.0,60.2,3.34,0.72,3,185,2025-07-30,85217.0,72.5,1355,High
BLW-MFG-0058,Welding Robot,Manufacturing,Medium,18,2920,2022-06-01,2026-02-15,1506,7.9,9350.5,63.7,2.2,0.746,1,197,2025-08-02,78117.0,77.6,1467,High
BLW-MFG-0058,Welding Robot,Manufacturing,Medium,18,2920,2022-06-01,2026-03-02,1521,7.9,9469.0,60.6,3.41,0.631,8,143,2025-10-10,124670.0,62.4,1286,Medium
BLW-MFG-0058,Welding Robot,Manufacturing,Medium,18,2920,2022-06-01,2026-03-17,1536,7.9,9587.5,58.1,2.21,0.778,1,65,2026-01-11,146387.0,82.3,1398,Low
BLW-MFG-0058,Welding Robot,Manufacturing,Medium,18,2920,2022-06-01,2026-04-01,1551,7.9,9706.0,42.9,1.19,0.789,6,191,2025-09-22,120260.0,70.7,1201,High
BLW-MFG-0058,Welding Robot,Manufacturing,Medium,18,2920,2022-06-01,2026-04-16,1566,7.9,9824.5,64.6,2.68,0.994,5,285,2025-07-05,141148.0,64.8,1345,High
BLW-MFG-0058,Welding Robot,Manufacturing,Medium,18,2920,2022-06-01,2026-05-01,1581,7.9,9943.0,73.1,1.28,0.937,2,101,2026-01-20,92357.0,74.8,1345,Low
BLW-MFG-0058,Welding Robot,Manufacturing,Medium,18,2920,2022-06-01,2026-05-16,1596,7.9,10061.5,119.3,1.37,1.037,6,256,2025-09-02,10837.0,47.8,924,High
BLW-MFG-0059,CNC Milling Machine,Manufacturing,High,30,3650,2020-10-07,2026-01-01,2063,16.0,31067.0,64.5,2.42,0.763,8,233,2025-05-13,26596.0,54.6,1298,High
BLW-MFG-0059,CNC Milling Machine,Manufacturing,High,30,3650,2020-10-07,2026-01-16,2078,16.0,31307.0,74.8,2.48,0.712,8,71,2025-11-06,52555.0,53.6,1372,Medium
BLW-MFG-0059,CNC Milling Machine,Manufacturing,High,30,3650,2020-10-07,2026-01-31,2093,16.0,31547.0,60.2,3.22,0.757,5,83,2025-11-09,61978.0,64.1,1460,Medium
BLW-MFG-0059,CNC Milling Machine,Manufacturing,High,30,3650,2020-10-07,2026-02-15,2108,16.0,31787.0,89.6,2.79,0.902,4,303,2025-04-18,53774.0,48.4,1218,High
BLW-MFG-0059,CNC Milling Machine,Manufacturing,High,30,3650,2020-10-07,2026-03-02,2123,16.0,32027.0,59.6,3.67,0.821,8,272,2025-06-03,76028.0,51.0,1359,High
BLW-MFG-0059,CNC Milling Machine,Manufacturing,High,30,3650,2020-10-07,2026-03-17,2138,16.0,32267.0,72.0,2.95,0.866,4,243,2025-07-17,123284.0,58.8,1382,High
BLW-MFG-0059,CNC Milling Machine,Manufacturing,High,30,3650,2020-10-07,2026-04-01,2153,16.0,32507.0,80.2,2.69,0.761,5,169,2025-10-14,102702.0,55.6,1297,Medium
BLW-MFG-0059,CNC Milling Machine,Manufacturing,High,30,3650,2020-10-07,2026-04-16,2168,16.0,32747.0,88.3,2.61,0.832,6,298,2025-06-22,49613.0,43.4,1133,High
BLW-MFG-0059,CNC Milling Machine,Manufacturing,High,30,3650,2020-10-07,2026-05-01,2183,16.0,32987.0,83.4,2.78,0.924,0,305,2025-06-30,73816.0,57.6,1264,High
BLW-MFG-0059,CNC Milling Machine,Manufacturing,High,30,3650,2020-10-07,2026-05-16,2198,16.0,33227.0,58.4,3.33,0.566,3,26,2026-04-20,89611.0,67.7,1306,Medium
BLW-MFG-0060,Compressor Unit,Manufacturing,Medium,37,3650,2022-12-09,2026-01-01,1270,14.8,16652.0,79.5,3.5,0.867,6,75,2025-10-18,124141.0,64.4,1404,Medium
BLW-MFG-0060,Compressor Unit,Manufacturing,Medium,37,3650,2022-12-09,2026-01-16,1285,14.8,16874.0,86.8,3.69,0.801,3,16,2025-12-31,88023.0,67.4,1332,Medium
BLW-MFG-0060,Compressor Unit,Manufacturing,Medium,37,3650,2022-12-09,2026-01-31,1300,14.8,17096.0,56.7,2.35,0.777,1,97,2025-10-26,7746.0,80.2,1909,Low
BLW-MFG-0060,Compressor Unit,Manufacturing,Medium,37,3650,2022-12-09,2026-02-15,1315,14.8,17318.0,64.3,3.27,0.778,5,214,2025-07-16,26958.0,64.1,1676,High
BLW-MFG-0060,Compressor Unit,Manufacturing,Medium,37,3650,2022-12-09,2026-03-02,1330,14.8,17540.0,45.3,2.94,0.703,3,210,2025-08-04,77764.0,76.3,1818,High
BLW-MFG-0060,Compressor Unit,Manufacturing,Medium,37,3650,2022-12-09,2026-03-17,1345,14.8,17762.0,70.3,4.19,0.76,7,31,2026-02-14,107337.0,64.0,1522,Medium
BLW-MFG-0060,Compressor Unit,Manufacturing,Medium,37,3650,2022-12-09,2026-04-01,1360,14.8,17984.0,73.0,4.25,0.923,8,106,2025-12-16,86329.0,58.5,1345,Medium
BLW-MFG-0060,Compressor Unit,Manufacturing,Medium,37,3650,2022-12-09,2026-04-16,1375,14.8,18206.0,59.1,3.04,0.864,7,269,2025-07-21,59640.0,62.5,1903,High
BLW-MFG-0060,Compressor Unit,Manufacturing,Medium,37,3650,2022-12-09,2026-05-01,1390,14.8,18428.0,89.6,3.74,0.867,2,235,2025-09-08,137258.0,59.8,1320,High
BLW-MFG-0060,Compressor Unit,Manufacturing,Medium,37,3650,2022-12-09,2026-05-16,1405,14.8,18650.0,73.1,3.48,0.741,5,279,2025-08-10,56372.0,61.4,1536,High
BLW-LOC-0061,Traction Motor,Locomotive,Critical,350,4380,2023-06-03,2026-01-01,1094,12.8,13824.0,49.4,2.47,0.8,4,285,2025-03-22,48282.0,77.4,2275,High
BLW-LOC-0061,Traction Motor,Locomotive,Critical,350,4380,2023-06-03,2026-01-16,1109,12.8,14016.0,58.8,4.13,0.669,4,147,2025-08-22,107211.0,75.0,2001,Medium
BLW-LOC-0061,Traction Motor,Locomotive,Critical,350,4380,2023-06-03,2026-01-31,1124,12.8,14208.0,78.2,5.19,0.706,7,162,2025-08-22,74571.0,55.0,1626,Medium
BLW-LOC-0061,Traction Motor,Locomotive,Critical,350,4380,2023-06-03,2026-02-15,1139,12.8,14400.0,96.0,1.83,0.525,8,140,2025-09-28,46729.0,57.7,1792,Medium
BLW-LOC-0061,Traction Motor,Locomotive,Critical,350,4380,2023-06-03,2026-03-02,1154,12.8,14592.0,99.2,3.14,0.821,8,194,2025-08-20,134885.0,53.9,1441,High
BLW-LOC-0061,Traction Motor,Locomotive,Critical,350,4380,2023-06-03,2026-03-17,1169,12.8,14784.0,76.2,3.98,0.929,6,176,2025-09-22,143418.0,62.2,1834,Medium
BLW-LOC-0061,Traction Motor,Locomotive,Critical,350,4380,2023-06-03,2026-04-01,1184,12.8,14976.0,45.5,3.01,0.934,2,148,2025-11-04,11100.0,78.8,2187,Medium
BLW-LOC-0061,Traction Motor,Locomotive,Critical,350,4380,2023-06-03,2026-04-16,1199,12.8,15168.0,90.3,3.44,0.905,1,177,2025-10-21,138981.0,66.5,1733,Medium
BLW-LOC-0061,Traction Motor,Locomotive,Critical,350,4380,2023-06-03,2026-05-01,1214,12.8,15360.0,93.6,4.09,0.82,4,245,2025-08-29,36028.0,57.7,1670,High
BLW-LOC-0061,Traction Motor,Locomotive,Critical,350,4380,2023-06-03,2026-05-16,1229,12.8,15552.0,54.5,5.34,0.855,8,138,2025-12-29,140288.0,63.4,2001,Medium
BLW-LOC-0062,Traction Motor,Locomotive,Critical,350,4380,2020-10-08,2026-01-01,2062,7.5,14263.0,57.4,2.65,0.815,3,124,2025-08-30,12361.0,74.5,2203,Medium
BLW-LOC-0062,Traction Motor,Locomotive,Critical,350,4380,2020-10-08,2026-01-16,2077,7.5,14375.5,65.9,2.88,0.88,8,115,2025-09-23,97502.0,62.1,1838,Medium
BLW-LOC-0062,Traction Motor,Locomotive,Critical,350,4380,2020-10-08,2026-01-31,2092,7.5,14488.0,84.4,3.2,0.849,0,51,2025-12-11,64929.0,70.9,1557,Low
BLW-LOC-0062,Traction Motor,Locomotive,Critical,350,4380,2020-10-08,2026-02-15,2107,7.5,14600.5,85.2,5.76,0.867,7,51,2025-12-26,103773.0,51.5,1395,Medium
BLW-LOC-0062,Traction Motor,Locomotive,Critical,350,4380,2020-10-08,2026-03-02,2122,7.5,14713.0,62.2,5.74,0.894,2,2,2026-02-28,144855.0,73.2,1642,Low
BLW-LOC-0062,Traction Motor,Locomotive,Critical,350,4380,2020-10-08,2026-03-17,2137,7.5,14825.5,109.3,4.68,0.941,2,208,2025-08-21,99669.0,49.7,1175,High
BLW-LOC-0062,Traction Motor,Locomotive,Critical,350,4380,2020-10-08,2026-04-01,2152,7.5,14938.0,100.8,3.97,0.644,7,244,2025-07-31,99328.0,43.2,1307,High
BLW-LOC-0062,Traction Motor,Locomotive,Critical,350,4380,2020-10-08,2026-04-16,2167,7.5,15050.5,88.2,3.78,1.031,4,164,2025-11-03,46385.0,55.2,1546,Medium
BLW-LOC-0062,Traction Motor,Locomotive,Critical,350,4380,2020-10-08,2026-05-01,2182,7.5,15163.0,57.1,4.81,0.879,0,45,2026-03-17,99583.0,77.5,1766,Low
BLW-LOC-0062,Traction Motor,Locomotive,Critical,350,4380,2020-10-08,2026-05-16,2197,7.5,15275.5,104.4,5.2,0.965,3,273,2025-08-16,112110.0,46.0,1227,High
BLW-MFG-0063,CNC Milling Machine,Manufacturing,High,30,3650,2020-12-24,2026-01-01,1985,11.9,22471.0,56.5,3.57,0.985,0,203,2025-06-12,119254.0,72.7,1464,High
BLW-MFG-0063,CNC Milling Machine,Manufacturing,High,30,3650,2020-12-24,2026-01-16,2000,11.9,22649.5,70.1,1.69,0.882,2,148,2025-08-21,132128.0,70.4,1378,Medium
BLW-MFG-0063,CNC Milling Machine,Manufacturing,High,30,3650,2020-12-24,2026-01-31,2015,11.9,22828.0,52.7,2.65,0.8,0,152,2025-09-01,87354.0,73.4,1623,Medium
BLW-MFG-0063,CNC Milling Machine,Manufacturing,High,30,3650,2020-12-24,2026-02-15,2030,11.9,23006.5,70.4,2.78,0.759,1,171,2025-08-28,46261.0,70.0,1585,Medium
BLW-MFG-0063,CNC Milling Machine,Manufacturing,High,30,3650,2020-12-24,2026-03-02,2045,11.9,23185.0,62.4,2.45,0.889,8,268,2025-06-07,76617.0,56.7,1504,High
BLW-MFG-0063,CNC Milling Machine,Manufacturing,High,30,3650,2020-12-24,2026-03-17,2060,11.9,23363.5,77.9,1.33,0.977,2,258,2025-07-02,72863.0,63.6,1408,High
BLW-MFG-0063,CNC Milling Machine,Manufacturing,High,30,3650,2020-12-24,2026-04-01,2075,11.9,23542.0,68.7,3.07,0.677,3,57,2026-02-03,52949.0,70.0,1445,Low
BLW-MFG-0063,CNC Milling Machine,Manufacturing,High,30,3650,2020-12-24,2026-04-16,2090,11.9,23720.5,75.9,4.01,0.753,7,331,2025-05-20,42303.0,48.0,1241,High
BLW-MFG-0063,CNC Milling Machine,Manufacturing,High,30,3650,2020-12-24,2026-05-01,2105,11.9,23899.0,81.6,1.29,0.85,2,7,2026-04-24,111810.0,68.1,1429,Medium
BLW-MFG-0063,CNC Milling Machine,Manufacturing,High,30,3650,2020-12-24,2026-05-16,2120,11.9,24077.5,77.8,2.61,0.794,4,290,2025-07-30,102788.0,57.1,1312,High
BLW-MFG-0064,Paint Booth Ventilation,Manufacturing,Low,15,2555,2020-12-25,2026-01-01,1984,14.6,25827.0,75.1,2.47,0.529,6,218,2025-05-28,79716.0,47.0,798,High
BLW-MFG-0064,Paint Booth Ventilation,Manufacturing,Low,15,2555,2020-12-25,2026-01-16,1999,14.6,26046.0,46.2,1.74,0.836,1,205,2025-06-25,102042.0,66.3,1011,High
BLW-MFG-0064,Paint Booth Ventilation,Manufacturing,Low,15,2555,2020-12-25,2026-01-31,2014,14.6,26265.0,59.3,3.31,0.784,2,71,2025-11-21,74231.0,61.3,870,Medium
BLW-MFG-0064,Paint Booth Ventilation,Manufacturing,Low,15,2555,2020-12-25,2026-02-15,2029,14.6,26484.0,46.4,2.6,0.851,3,3,2026-02-12,42814.0,64.4,934,Medium
BLW-MFG-0064,Paint Booth Ventilation,Manufacturing,Low,15,2555,2020-12-25,2026-03-02,2044,14.6,26703.0,56.9,3.55,0.708,3,228,2025-07-17,114295.0,56.6,860,High
BLW-MFG-0064,Paint Booth Ventilation,Manufacturing,Low,15,2555,2020-12-25,2026-03-17,2059,14.6,26922.0,60.0,1.73,0.795,5,154,2025-10-14,89457.0,60.0,999,Medium
BLW-MFG-0064,Paint Booth Ventilation,Manufacturing,Low,15,2555,2020-12-25,2026-04-01,2074,14.6,27141.0,81.5,3.57,0.74,0,133,2025-11-19,99784.0,54.3,745,Medium
BLW-MFG-0064,Paint Booth Ventilation,Manufacturing,Low,15,2555,2020-12-25,2026-04-16,2089,14.6,27360.0,86.6,2.07,0.944,3,31,2026-03-16,101829.0,56.1,874,Medium
BLW-MFG-0064,Paint Booth Ventilation,Manufacturing,Low,15,2555,2020-12-25,2026-05-01,2104,14.6,27579.0,66.5,3.84,1.088,7,157,2025-11-25,28159.0,45.8,762,High
BLW-MFG-0064,Paint Booth Ventilation,Manufacturing,Low,15,2555,2020-12-25,2026-05-16,2119,14.6,27798.0,49.6,3.89,0.677,8,360,2025-05-21,116627.0,41.2,880,High
BLW-MFG-0065,Welding Robot,Manufacturing,Medium,18,2920,2023-08-01,2026-01-01,1035,18.8,15343.0,67.2,3.18,0.842,3,112,2025-09-11,143817.0,73.3,1235,Low
BLW-MFG-0065,Welding Robot,Manufacturing,Medium,18,2920,2023-08-01,2026-01-16,1050,18.8,15625.0,57.7,2.15,0.908,7,78,2025-10-30,70972.0,72.5,1424,Low
BLW-MFG-0065,Welding Robot,Manufacturing,Medium,18,2920,2023-08-01,2026-01-31,1065,18.8,15907.0,80.8,1.84,0.997,5,212,2025-07-03,106781.0,65.4,1291,High
BLW-MFG-0065,Welding Robot,Manufacturing,Medium,18,2920,2023-08-01,2026-02-15,1080,18.8,16189.0,88.8,1.46,0.783,7,275,2025-05-16,121289.0,53.5,1210,High
BLW-MFG-0065,Welding Robot,Manufacturing,Medium,18,2920,2023-08-01,2026-03-02,1095,18.8,16471.0,55.6,3.68,0.977,3,126,2025-10-27,103650.0,73.4,1344,Medium
BLW-MFG-0065,Welding Robot,Manufacturing,Medium,18,2920,2023-08-01,2026-03-17,1110,18.8,16753.0,57.1,2.29,0.97,1,269,2025-06-21,69778.0,77.4,1420,High
BLW-MFG-0065,Welding Robot,Manufacturing,Medium,18,2920,2023-08-01,2026-04-01,1125,18.8,17035.0,64.8,1.28,0.743,5,39,2026-02-21,138000.0,77.2,1287,Low
BLW-MFG-0065,Welding Robot,Manufacturing,Medium,18,2920,2023-08-01,2026-04-16,1140,18.8,17317.0,72.9,4.06,0.73,1,31,2026-03-16,125172.0,72.6,1267,Low
BLW-MFG-0065,Welding Robot,Manufacturing,Medium,18,2920,2023-08-01,2026-05-01,1155,18.8,17599.0,71.5,5.78,0.693,8,103,2026-01-18,88042.0,54.7,1063,Medium
BLW-MFG-0065,Welding Robot,Manufacturing,Medium,18,2920,2023-08-01,2026-05-16,1170,18.8,17881.0,81.5,3.65,0.792,2,84,2026-02-21,52577.0,67.2,1051,Medium
BLW-LOC-0066,Axle Bearing Assembly,Locomotive,Critical,0,4015,2020-08-26,2026-01-01,2105,15.5,29857.0,87.0,3.86,0.927,7,46,2025-11-16,135339.0,51.5,1211,Medium
BLW-LOC-0066,Axle Bearing Assembly,Locomotive,Critical,0,4015,2020-08-26,2026-01-16,2120,15.5,30089.5,81.0,2.49,0.77,7,28,2025-12-19,70748.0,58.8,1485,Medium
BLW-LOC-0066,Axle Bearing Assembly,Locomotive,Critical,0,4015,2020-08-26,2026-01-31,2135,15.5,30322.0,76.0,3.66,0.751,8,212,2025-07-03,71236.0,50.3,1375,High
BLW-LOC-0066,Axle Bearing Assembly,Locomotive,Critical,0,4015,2020-08-26,2026-02-15,2150,15.5,30554.5,109.5,2.6,0.82,0,286,2025-05-05,72045.0,51.0,1135,High
BLW-LOC-0066,Axle Bearing Assembly,Locomotive,Critical,0,4015,2020-08-26,2026-03-02,2165,15.5,30787.0,78.0,2.65,0.976,4,11,2026-02-19,62413.0,64.6,1370,Medium
BLW-LOC-0066,Axle Bearing Assembly,Locomotive,Critical,0,4015,2020-08-26,2026-03-17,2180,15.5,31019.5,102.3,5.15,0.891,0,111,2025-11-26,88855.0,50.9,983,Medium
BLW-LOC-0066,Axle Bearing Assembly,Locomotive,Critical,0,4015,2020-08-26,2026-04-01,2195,15.5,31252.0,69.9,3.84,0.622,0,216,2025-08-28,54957.0,66.1,1350,High
BLW-LOC-0066,Axle Bearing Assembly,Locomotive,Critical,0,4015,2020-08-26,2026-04-16,2210,15.5,31484.5,106.2,3.45,0.86,1,277,2025-07-13,149148.0,47.0,1038,High
BLW-LOC-0066,Axle Bearing Assembly,Locomotive,Critical,0,4015,2020-08-26,2026-05-01,2225,15.5,31717.0,105.7,0.91,1.043,1,241,2025-09-02,9602.0,54.0,1118,High
BLW-LOC-0066,Axle Bearing Assembly,Locomotive,Critical,0,4015,2020-08-26,2026-05-16,2240,15.5,31949.5,69.1,5.96,0.782,6,92,2026-02-13,116501.0,49.6,1295,High
BLW-LOC-0067,Wheel Assembly,Locomotive,Critical,0,5475,2022-02-05,2026-01-01,1577,19.9,25569.0,83.1,2.37,0.876,6,192,2025-06-23,16636.0,60.4,2382,High
BLW-LOC-0067,Wheel Assembly,Locomotive,Critical,0,5475,2022-02-05,2026-01-16,1592,19.9,25867.5,94.7,4.19,0.898,8,68,2025-11-09,99762.0,54.3,1817,Medium
BLW-LOC-0067,Wheel Assembly,Locomotive,Critical,0,5475,2022-02-05,2026-01-31,1607,19.9,26166.0,61.9,4.14,1.11,5,60,2025-12-02,30879.0,69.0,2358,Medium
BLW-LOC-0067,Wheel Assembly,Locomotive,Critical,0,5475,2022-02-05,2026-02-15,1622,19.9,26464.5,86.6,3.59,0.747,8,201,2025-07-29,81682.0,54.7,2258,High
BLW-LOC-0067,Wheel Assembly,Locomotive,Critical,0,5475,2022-02-05,2026-03-02,1637,19.9,26763.0,84.1,2.62,0.684,3,1,2026-03-01,114646.0,71.9,2374,Low
BLW-LOC-0067,Wheel Assembly,Locomotive,Critical,0,5475,2022-02-05,2026-03-17,1652,19.9,27061.5,89.1,3.75,0.804,4,237,2025-07-23,102657.0,56.1,2099,High
BLW-LOC-0067,Wheel Assembly,Locomotive,Critical,0,5475,2022-02-05,2026-04-01,1667,19.9,27360.0,96.5,1.95,1.071,8,217,2025-08-27,82130.0,54.2,2201,High
BLW-LOC-0067,Wheel Assembly,Locomotive,Critical,0,5475,2022-02-05,2026-04-16,1682,19.9,27658.5,63.5,2.21,0.867,3,126,2025-12-11,71791.0,78.2,2876,Medium
BLW-LOC-0067,Wheel Assembly,Locomotive,Critical,0,5475,2022-02-05,2026-05-01,1697,19.9,27957.0,95.0,3.61,0.767,2,141,2025-12-11,32330.0,63.9,1867,Medium
BLW-LOC-0067,Wheel Assembly,Locomotive,Critical,0,5475,2022-02-05,2026-05-16,1712,19.9,28255.5,109.6,3.61,1.086,1,16,2026-04-30,122374.0,62.5,1723,Medium
BLW-LOC-0068,Wheel Assembly,Locomotive,Critical,0,5475,2023-06-13,2026-01-01,1084,16.7,17472.0,70.2,3.09,0.901,0,123,2025-08-31,34882.0,81.4,2546,Medium
BLW-LOC-0068,Wheel Assembly,Locomotive,Critical,0,5475,2023-06-13,2026-01-16,1099,16.7,17722.5,76.3,3.64,0.6,1,304,2025-03-18,9869.0,71.1,2324,High
BLW-LOC-0068,Wheel Assembly,Locomotive,Critical,0,5475,2023-06-13,2026-01-31,1114,16.7,17973.0,62.3,1.58,0.645,0,125,2025-09-28,112378.0,85.6,2786,Medium
BLW-LOC-0068,Wheel Assembly,Locomotive,Critical,0,5475,2023-06-13,2026-02-15,1129,16.7,18223.5,109.7,3.02,0.886,6,224,2025-07-06,38979.0,52.7,1918,High
BLW-LOC-0068,Wheel Assembly,Locomotive,Critical,0,5475,2023-06-13,2026-03-02,1144,16.7,18474.0,80.0,2.27,1.044,3,28,2026-02-02,25320.0,79.8,2312,Low
BLW-LOC-0068,Wheel Assembly,Locomotive,Critical,0,5475,2023-06-13,2026-03-17,1159,16.7,18724.5,66.6,3.41,0.759,4,119,2025-11-18,123289.0,75.4,2497,Low
BLW-LOC-0068,Wheel Assembly,Locomotive,Critical,0,5475,2023-06-13,2026-04-01,1174,16.7,18975.0,115.3,5.23,0.906,5,295,2025-06-10,91698.0,46.7,1640,High
BLW-LOC-0068,Wheel Assembly,Locomotive,Critical,0,5475,2023-06-13,2026-04-16,1189,16.7,19225.5,75.1,2.87,0.894,5,121,2025-12-16,48756.0,72.3,2523,Medium
BLW-LOC-0068,Wheel Assembly,Locomotive,Critical,0,5475,2023-06-13,2026-05-01,1204,16.7,19476.0,60.7,2.94,0.881,2,338,2025-05-28,80581.0,75.8,3046,High
BLW-LOC-0068,Wheel Assembly,Locomotive,Critical,0,5475,2023-06-13,2026-05-16,1219,16.7,19726.5,64.4,4.56,1.074,6,153,2025-12-14,44897.0,71.0,2410,Medium
BLW-MFG-0069,Compressor Unit,Manufacturing,Medium,37,3650,2023-07-06,2026-01-01,1061,15.5,14254.0,70.9,3.31,0.84,0,176,2025-07-09,141530.0,76.0,1716,Medium
BLW-MFG-0069,Compressor Unit,Manufacturing,Medium,37,3650,2023-07-06,2026-01-16,1076,15.5,14486.5,35.4,3.46,0.838,6,268,2025-04-23,51216.0,66.3,1907,High
BLW-MFG-0069,Compressor Unit,Manufacturing,Medium,37,3650,2023-07-06,2026-01-31,1091,15.5,14719.0,58.5,2.54,1.029,6,209,2025-07-06,26637.0,69.8,1751,High
BLW-MFG-0069,Compressor Unit,Manufacturing,Medium,37,3650,2023-07-06,2026-02-15,1106,15.5,14951.5,65.6,3.71,0.856,6,94,2025-11-13,114390.0,66.6,1610,Medium
BLW-MFG-0069,Compressor Unit,Manufacturing,Medium,37,3650,2023-07-06,2026-03-02,1121,15.5,15184.0,60.9,2.93,0.883,7,123,2025-10-30,128154.0,70.8,1598,Medium
BLW-MFG-0069,Compressor Unit,Manufacturing,Medium,37,3650,2023-07-06,2026-03-17,1136,15.5,15416.5,81.8,3.28,0.983,4,362,2025-03-20,25931.0,60.2,1624,High
BLW-MFG-0069,Compressor Unit,Manufacturing,Medium,37,3650,2023-07-06,2026-04-01,1151,15.5,15649.0,75.4,4.31,0.902,7,29,2026-03-03,86546.0,62.7,1672,Medium
BLW-MFG-0069,Compressor Unit,Manufacturing,Medium,37,3650,2023-07-06,2026-04-16,1166,15.5,15881.5,81.3,3.67,0.727,6,285,2025-07-05,81849.0,55.1,1520,High
BLW-MFG-0069,Compressor Unit,Manufacturing,Medium,37,3650,2023-07-06,2026-05-01,1181,15.5,16114.0,73.1,2.65,0.874,6,124,2025-12-28,41974.0,70.3,1717,Medium
BLW-MFG-0069,Compressor Unit,Manufacturing,Medium,37,3650,2023-07-06,2026-05-16,1196,15.5,16346.5,58.5,3.15,0.785,5,331,2025-06-19,16465.0,67.1,1725,High
BLW-LOC-0070,Axle Bearing Assembly,Locomotive,Critical,0,4015,2024-09-30,2026-01-01,609,11.2,5871.0,70.8,1.99,0.835,3,26,2025-12-06,43927.0,83.9,1780,Low
BLW-LOC-0070,Axle Bearing Assembly,Locomotive,Critical,0,4015,2024-09-30,2026-01-16,624,11.2,6039.0,109.6,4.86,0.81,0,37,2025-12-10,32284.0,65.7,1307,Medium
BLW-LOC-0070,Axle Bearing Assembly,Locomotive,Critical,0,4015,2024-09-30,2026-01-31,639,11.2,6207.0,105.0,5.88,0.879,8,111,2025-10-12,74512.0,49.6,1286,High
BLW-LOC-0070,Axle Bearing Assembly,Locomotive,Critical,0,4015,2024-09-30,2026-02-15,654,11.2,6375.0,60.3,3.16,0.881,5,155,2025-09-13,143768.0,77.6,2065,Medium
BLW-LOC-0070,Axle Bearing Assembly,Locomotive,Critical,0,4015,2024-09-30,2026-03-02,669,11.2,6543.0,79.8,3.6,0.876,0,108,2025-11-14,140888.0,77.8,1795,Low
BLW-LOC-0070,Axle Bearing Assembly,Locomotive,Critical,0,4015,2024-09-30,2026-03-17,684,11.2,6711.0,62.7,4.92,0.622,1,245,2025-07-15,137594.0,78.4,2073,High
BLW-LOC-0070,Axle Bearing Assembly,Locomotive,Critical,0,4015,2024-09-30,2026-04-01,699,11.2,6879.0,78.3,0.68,0.837,3,203,2025-09-10,137693.0,76.7,1894,High
BLW-LOC-0070,Axle Bearing Assembly,Locomotive,Critical,0,4015,2024-09-30,2026-04-16,714,11.2,7047.0,75.9,5.69,0.965,8,164,2025-11-03,117450.0,57.4,1511,Medium
BLW-LOC-0070,Axle Bearing Assembly,Locomotive,Critical,0,4015,2024-09-30,2026-05-01,729,11.2,7215.0,79.5,3.64,0.95,6,238,2025-09-05,82379.0,64.2,1850,High
BLW-LOC-0070,Axle Bearing Assembly,Locomotive,Critical,0,4015,2024-09-30,2026-05-16,744,11.2,7383.0,114.2,4.93,0.889,5,157,2025-12-10,42926.0,52.7,1256,Medium
BLW-LOC-0071,Diesel Engine Auxiliary,Locomotive,High,85,3650,2022-08-12,2026-01-01,1389,7.4,10221.0,95.7,2.75,0.855,7,163,2025-07-22,137578.0,55.3,1328,Medium
BLW-LOC-0071,Diesel Engine Auxiliary,Locomotive,High,85,3650,2022-08-12,2026-01-16,1404,7.4,10332.0,58.2,3.94,0.848,5,160,2025-08-09,65020.0,70.4,1617,Medium
BLW-LOC-0071,Diesel Engine Auxiliary,Locomotive,High,85,3650,2022-08-12,2026-01-31,1419,7.4,10443.0,97.9,2.55,1.065,3,74,2025-11-18,7352.0,62.0,1419,Medium
BLW-LOC-0071,Diesel Engine Auxiliary,Locomotive,High,85,3650,2022-08-12,2026-02-15,1434,7.4,10554.0,87.5,2.7,0.916,8,299,2025-04-22,88976.0,55.0,1284,High
BLW-LOC-0071,Diesel Engine Auxiliary,Locomotive,High,85,3650,2022-08-12,2026-03-02,1449,7.4,10665.0,88.7,0.71,0.754,6,151,2025-10-02,27100.0,64.9,1460,Medium
BLW-LOC-0071,Diesel Engine Auxiliary,Locomotive,High,85,3650,2022-08-12,2026-03-17,1464,7.4,10776.0,64.4,3.51,1.123,5,117,2025-11-20,60077.0,67.6,1563,Medium
BLW-LOC-0071,Diesel Engine Auxiliary,Locomotive,High,85,3650,2022-08-12,2026-04-01,1479,7.4,10887.0,105.3,6.03,0.868,3,255,2025-07-20,84843.0,44.3,1144,High
BLW-LOC-0071,Diesel Engine Auxiliary,Locomotive,High,85,3650,2022-08-12,2026-04-16,1494,7.4,10998.0,107.5,4.66,0.788,5,131,2025-12-06,115687.0,49.2,1095,High
BLW-LOC-0071,Diesel Engine Auxiliary,Locomotive,High,85,3650,2022-08-12,2026-05-01,1509,7.4,11109.0,89.4,5.64,0.996,7,328,2025-06-07,112241.0,42.9,1283,High
BLW-LOC-0071,Diesel Engine Auxiliary,Locomotive,High,85,3650,2022-08-12,2026-05-16,1524,7.4,11220.0,89.9,4.77,1.071,7,86,2026-02-19,111252.0,52.0,1262,Medium
BLW-LOC-0072,Cooling System,Locomotive,High,18,3285,2020-12-12,2026-01-01,1997,8.0,13803.0,70.0,1.62,0.892,2,277,2025-03-30,148597.0,71.1,1263,High
BLW-LOC-0072,Cooling System,Locomotive,High,18,3285,2020-12-12,2026-01-16,2012,8.0,13923.0,78.3,4.32,0.87,0,268,2025-04-23,9904.0,60.7,1086,High
BLW-LOC-0072,Cooling System,Locomotive,High,18,3285,2020-12-12,2026-01-31,2027,8.0,14043.0,83.1,2.69,0.597,1,342,2025-02-23,12035.0,61.8,1283,High
BLW-LOC-0072,Cooling System,Locomotive,High,18,3285,2020-12-12,2026-02-15,2042,8.0,14163.0,81.2,3.92,0.994,0,211,2025-07-19,24936.0,62.8,1215,High
BLW-LOC-0072,Cooling System,Locomotive,High,18,3285,2020-12-12,2026-03-02,2057,8.0,14283.0,76.7,5.27,0.908,3,34,2026-01-27,107540.0,60.0,1018,Medium
BLW-LOC-0072,Cooling System,Locomotive,High,18,3285,2020-12-12,2026-03-17,2072,8.0,14403.0,86.3,2.75,0.798,0,111,2025-11-26,78331.0,65.5,1134,Medium
BLW-LOC-0072,Cooling System,Locomotive,High,18,3285,2020-12-12,2026-04-01,2087,8.0,14523.0,114.7,5.4,1.11,5,30,2026-03-02,94586.0,40.7,704,High
BLW-LOC-0072,Cooling System,Locomotive,High,18,3285,2020-12-12,2026-04-16,2102,8.0,14643.0,64.2,3.02,0.775,7,337,2025-05-14,75739.0,57.7,1309,High
BLW-LOC-0072,Cooling System,Locomotive,High,18,3285,2020-12-12,2026-05-01,2117,8.0,14763.0,100.4,4.62,1.166,0,272,2025-08-02,84988.0,48.8,989,High
BLW-LOC-0072,Cooling System,Locomotive,High,18,3285,2020-12-12,2026-05-16,2132,8.0,14883.0,102.4,2.78,1.016,0,8,2026-05-08,81766.0,63.6,1031,Medium
BLW-LOC-0073,Traction Motor,Locomotive,Critical,350,4380,2023-01-02,2026-01-01,1246,19.7,17309.0,65.6,2.64,1.096,6,91,2025-10-02,20517.0,71.9,2122,Low
BLW-LOC-0073,Traction Motor,Locomotive,Critical,350,4380,2023-01-02,2026-01-16,1261,19.7,17604.5,66.9,2.61,0.985,1,268,2025-04-23,26590.0,73.5,2037,High
BLW-LOC-0073,Traction Motor,Locomotive,Critical,350,4380,2023-01-02,2026-01-31,1276,19.7,17900.0,80.1,3.73,0.839,3,317,2025-03-20,81336.0,62.5,1837,High
BLW-LOC-0073,Traction Motor,Locomotive,Critical,350,4380,2023-01-02,2026-02-15,1291,19.7,18195.5,91.4,2.47,0.831,5,136,2025-10-02,120266.0,64.4,1807,Medium
BLW-LOC-0073,Traction Motor,Locomotive,Critical,350,4380,2023-01-02,2026-03-02,1306,19.7,18491.0,60.6,4.12,0.633,1,191,2025-08-23,144098.0,75.7,2205,High
BLW-LOC-0073,Traction Motor,Locomotive,Critical,350,4380,2023-01-02,2026-03-17,1321,19.7,18786.5,67.8,2.75,0.967,7,289,2025-06-01,40265.0,61.1,1928,High
BLW-LOC-0073,Traction Motor,Locomotive,Critical,350,4380,2023-01-02,2026-04-01,1336,19.7,19082.0,91.7,3.04,0.852,3,153,2025-10-30,104186.0,65.0,1727,Medium
BLW-LOC-0073,Traction Motor,Locomotive,Critical,350,4380,2023-01-02,2026-04-16,1351,19.7,19377.5,87.6,3.44,0.929,1,334,2025-05-17,148793.0,62.7,1766,High
BLW-LOC-0073,Traction Motor,Locomotive,Critical,350,4380,2023-01-02,2026-05-01,1366,19.7,19673.0,76.9,3.68,0.771,0,47,2026-03-15,63765.0,76.2,1779,Low
BLW-LOC-0073,Traction Motor,Locomotive,Critical,350,4380,2023-01-02,2026-05-16,1381,19.7,19968.5,68.5,4.26,0.921,6,282,2025-08-07,74021.0,61.7,1804,High
BLW-MFG-0074,CNC Wheel Lathe,Manufacturing,High,45,3650,2023-12-10,2026-01-01,904,8.4,6454.0,69.9,3.3,0.864,6,330,2025-02-05,118735.0,63.8,1730,High
BLW-MFG-0074,CNC Wheel Lathe,Manufacturing,High,45,3650,2023-12-10,2026-01-16,919,8.4,6580.0,70.2,2.86,0.616,1,270,2025-04-21,138277.0,77.1,1989,High
BLW-MFG-0074,CNC Wheel Lathe,Manufacturing,High,45,3650,2023-12-10,2026-01-31,934,8.4,6706.0,62.3,2.24,0.867,3,108,2025-10-15,135685.0,83.3,2020,Low
BLW-MFG-0074,CNC Wheel Lathe,Manufacturing,High,45,3650,2023-12-10,2026-02-15,949,8.4,6832.0,52.3,3.61,0.894,7,138,2025-09-30,11751.0,71.4,1819,Medium
BLW-MFG-0074,CNC Wheel Lathe,Manufacturing,High,45,3650,2023-12-10,2026-03-02,964,8.4,6958.0,80.6,3.79,0.726,1,350,2025-03-17,139210.0,68.9,1603,High
BLW-MFG-0074,CNC Wheel Lathe,Manufacturing,High,45,3650,2023-12-10,2026-03-17,979,8.4,7084.0,69.9,3.12,0.83,8,288,2025-06-02,100426.0,64.9,1708,High
BLW-MFG-0074,CNC Wheel Lathe,Manufacturing,High,45,3650,2023-12-10,2026-04-01,994,8.4,7210.0,56.4,2.75,0.868,2,161,2025-10-22,7270.0,84.4,1956,Medium
BLW-MFG-0074,CNC Wheel Lathe,Manufacturing,High,45,3650,2023-12-10,2026-04-16,1009,8.4,7336.0,60.4,5.39,0.881,3,300,2025-06-20,25908.0,70.7,1665,High
BLW-MFG-0074,CNC Wheel Lathe,Manufacturing,High,45,3650,2023-12-10,2026-05-01,1024,8.4,7462.0,77.8,3.96,0.982,6,39,2026-03-23,48395.0,69.5,1651,Medium
BLW-MFG-0074,CNC Wheel Lathe,Manufacturing,High,45,3650,2023-12-10,2026-05-16,1039,8.4,7588.0,68.4,2.74,0.898,3,290,2025-07-30,126024.0,75.2,1783,High
BLW-LOC-0075,Brake System,Locomotive,Critical,12,2920,2023-10-18,2026-01-01,957,18.6,14232.0,94.0,5.24,0.74,2,352,2025-01-14,110004.0,49.4,915,High
BLW-LOC-0075,Brake System,Locomotive,Critical,12,2920,2023-10-18,2026-01-16,972,18.6,14511.0,83.4,2.92,1.017,8,177,2025-07-23,12786.0,56.6,1127,Medium
BLW-LOC-0075,Brake System,Locomotive,Critical,12,2920,2023-10-18,2026-01-31,987,18.6,14790.0,58.1,2.02,0.894,6,118,2025-10-05,126608.0,70.0,1474,Low
BLW-LOC-0075,Brake System,Locomotive,Critical,12,2920,2023-10-18,2026-02-15,1002,18.6,15069.0,78.0,7.54,1.142,5,309,2025-04-12,116506.0,47.3,885,High
BLW-LOC-0075,Brake System,Locomotive,Critical,12,2920,2023-10-18,2026-03-02,1017,18.6,15348.0,96.1,5.74,0.673,6,167,2025-09-16,9296.0,43.6,816,High
BLW-LOC-0075,Brake System,Locomotive,Critical,12,2920,2023-10-18,2026-03-17,1032,18.6,15627.0,90.7,4.35,1.003,4,230,2025-07-30,76138.0,52.6,880,High
BLW-LOC-0075,Brake System,Locomotive,Critical,12,2920,2023-10-18,2026-04-01,1047,18.6,15906.0,95.7,2.81,0.638,5,283,2025-06-22,141466.0,54.0,1087,High
BLW-LOC-0075,Brake System,Locomotive,Critical,12,2920,2023-10-18,2026-04-16,1062,18.6,16185.0,81.8,3.3,0.866,6,95,2026-01-11,103556.0,60.7,1052,Medium
BLW-LOC-0075,Brake System,Locomotive,Critical,12,2920,2023-10-18,2026-05-01,1077,18.6,16464.0,73.7,4.53,0.929,6,43,2026-03-19,116964.0,62.5,1062,Medium
BLW-LOC-0075,Brake System,Locomotive,Critical,12,2920,2023-10-18,2026-05-16,1092,18.6,16743.0,82.5,1.34,0.916,4,126,2026-01-10,108401.0,69.8,1131,Medium
BLW-MFG-0076,CNC Turning Center,Manufacturing,High,22,3650,2021-07-02,2026-01-01,1795,8.2,13446.0,58.0,3.1,0.945,2,199,2025-06-16,50918.0,72.5,1597,High
BLW-MFG-0076,CNC Turning Center,Manufacturing,High,22,3650,2021-07-02,2026-01-16,1810,8.2,13569.0,42.2,2.94,1.029,1,46,2025-12-01,5753.0,80.1,1673,Low
BLW-MFG-0076,CNC Turning Center,Manufacturing,High,22,3650,2021-07-02,2026-01-31,1825,8.2,13692.0,70.5,2.89,0.749,4,227,2025-06-18,57188.0,66.4,1560,High
BLW-MFG-0076,CNC Turning Center,Manufacturing,High,22,3650,2021-07-02,2026-02-15,1840,8.2,13815.0,67.6,2.07,0.965,4,52,2025-12-25,24214.0,74.7,1593,Low
BLW-MFG-0076,CNC Turning Center,Manufacturing,High,22,3650,2021-07-02,2026-03-02,1855,8.2,13938.0,80.2,2.55,0.762,2,220,2025-07-25,70082.0,65.0,1353,High
BLW-MFG-0076,CNC Turning Center,Manufacturing,High,22,3650,2021-07-02,2026-03-17,1870,8.2,14061.0,74.7,1.4,0.722,8,262,2025-06-28,64166.0,54.9,1529,High
BLW-MFG-0076,CNC Turning Center,Manufacturing,High,22,3650,2021-07-02,2026-04-01,1885,8.2,14184.0,68.0,2.81,0.746,0,45,2026-02-15,56318.0,76.9,1647,Low
BLW-MFG-0076,CNC Turning Center,Manufacturing,High,22,3650,2021-07-02,2026-04-16,1900,8.2,14307.0,64.0,3.43,0.766,1,305,2025-06-15,91716.0,69.7,1698,High
BLW-MFG-0076,CNC Turning Center,Manufacturing,High,22,3650,2021-07-02,2026-05-01,1915,8.2,14430.0,78.4,2.83,0.886,5,197,2025-10-16,6789.0,60.9,1457,High
BLW-MFG-0076,CNC Turning Center,Manufacturing,High,22,3650,2021-07-02,2026-05-16,1930,8.2,14553.0,68.3,3.1,0.886,6,198,2025-10-30,117980.0,61.1,1455,High
BLW-MFG-0077,Material Handling Crane,Manufacturing,Critical,75,7300,2023-03-17,2026-01-01,1172,13.3,14116.0,48.3,1.36,0.698,2,71,2025-10-22,43993.0,89.0,3823,Low
BLW-MFG-0077,Material Handling Crane,Manufacturing,Critical,75,7300,2023-03-17,2026-01-16,1187,13.3,14315.5,72.0,2.88,0.628,4,252,2025-05-09,26161.0,73.7,3704,High
BLW-MFG-0077,Material Handling Crane,Manufacturing,Critical,75,7300,2023-03-17,2026-01-31,1202,13.3,14515.0,54.7,3.28,0.744,2,222,2025-06-23,45014.0,80.9,3552,High
BLW-MFG-0077,Material Handling Crane,Manufacturing,Critical,75,7300,2023-03-17,2026-02-15,1217,13.3,14714.5,45.9,2.61,0.823,4,247,2025-06-13,118487.0,77.9,3638,High
BLW-MFG-0077,Material Handling Crane,Manufacturing,Critical,75,7300,2023-03-17,2026-03-02,1232,13.3,14914.0,63.4,3.24,0.836,5,128,2025-10-25,141912.0,77.0,3548,Medium
BLW-MFG-0077,Material Handling Crane,Manufacturing,Critical,75,7300,2023-03-17,2026-03-17,1247,13.3,15113.5,83.1,1.99,0.894,7,304,2025-05-17,94417.0,65.9,3490,High
BLW-MFG-0077,Material Handling Crane,Manufacturing,Critical,75,7300,2023-03-17,2026-04-01,1262,13.3,15313.0,67.4,2.62,0.954,7,54,2026-02-06,24646.0,73.3,3473,Low
BLW-MFG-0077,Material Handling Crane,Manufacturing,Critical,75,7300,2023-03-17,2026-04-16,1277,13.3,15512.5,65.8,4.26,0.893,0,202,2025-09-26,53171.0,78.2,3484,High
BLW-MFG-0077,Material Handling Crane,Manufacturing,Critical,75,7300,2023-03-17,2026-05-01,1292,13.3,15712.0,64.0,2.56,0.958,6,168,2025-11-14,68832.0,73.6,4054,Medium
BLW-MFG-0077,Material Handling Crane,Manufacturing,Critical,75,7300,2023-03-17,2026-05-16,1307,13.3,15911.5,82.1,4.23,0.819,6,333,2025-06-17,146263.0,58.6,2861,High
BLW-MFG-0078,Hydraulic Press,Manufacturing,High,55,5475,2021-09-07,2026-01-01,1728,10.5,17857.0,58.7,3.24,0.95,3,245,2025-05-01,50557.0,72.0,2591,High
BLW-MFG-0078,Hydraulic Press,Manufacturing,High,55,5475,2021-09-07,2026-01-16,1743,10.5,18014.5,64.0,1.59,0.884,6,163,2025-08-06,47260.0,71.6,2659,Medium
BLW-MFG-0078,Hydraulic Press,Manufacturing,High,55,5475,2021-09-07,2026-01-31,1758,10.5,18172.0,61.2,2.19,0.829,7,294,2025-04-12,118386.0,67.5,2644,High
BLW-MFG-0078,Hydraulic Press,Manufacturing,High,55,5475,2021-09-07,2026-02-15,1773,10.5,18329.5,58.7,3.24,1.0,5,192,2025-08-07,45644.0,71.8,2744,High
BLW-MFG-0078,Hydraulic Press,Manufacturing,High,55,5475,2021-09-07,2026-03-02,1788,10.5,18487.0,51.5,3.14,0.73,6,186,2025-08-28,21514.0,68.0,2517,High
BLW-MFG-0078,Hydraulic Press,Manufacturing,High,55,5475,2021-09-07,2026-03-17,1803,10.5,18644.5,83.3,3.91,0.869,3,303,2025-05-18,149603.0,58.4,2170,High
BLW-MFG-0078,Hydraulic Press,Manufacturing,High,55,5475,2021-09-07,2026-04-01,1818,10.5,18802.0,73.4,3.26,0.666,2,349,2025-04-17,116305.0,65.8,2430,High
BLW-MFG-0078,Hydraulic Press,Manufacturing,High,55,5475,2021-09-07,2026-04-16,1833,10.5,18959.5,77.0,1.17,0.839,0,236,2025-08-23,141731.0,76.5,2664,High
BLW-MFG-0078,Hydraulic Press,Manufacturing,High,55,5475,2021-09-07,2026-05-01,1848,10.5,19117.0,79.7,3.72,0.78,3,224,2025-09-19,120664.0,62.1,2227,High
BLW-MFG-0078,Hydraulic Press,Manufacturing,High,55,5475,2021-09-07,2026-05-16,1863,10.5,19274.5,84.2,4.5,0.936,1,209,2025-10-19,102582.0,65.5,2173,High
BLW-MFG-0079,Hydraulic Press,Manufacturing,High,55,5475,2023-07-21,2026-01-01,1046,10.2,8277.0,58.3,2.68,0.987,2,216,2025-05-30,119416.0,81.2,3159,High
BLW-MFG-0079,Hydraulic Press,Manufacturing,High,55,5475,2023-07-21,2026-01-16,1061,10.2,8430.0,61.9,4.04,0.684,1,229,2025-06-01,148652.0,80.1,2643,High
BLW-MFG-0079,Hydraulic Press,Manufacturing,High,55,5475,2023-07-21,2026-01-31,1076,10.2,8583.0,49.6,3.1,0.931,7,298,2025-04-08,63117.0,68.8,2600,High
BLW-MFG-0079,Hydraulic Press,Manufacturing,High,55,5475,2023-07-21,2026-02-15,1091,10.2,8736.0,66.3,2.87,0.89,8,354,2025-02-26,65654.0,66.4,2717,High
BLW-MFG-0079,Hydraulic Press,Manufacturing,High,55,5475,2023-07-21,2026-03-02,1106,10.2,8889.0,90.5,3.2,0.805,0,184,2025-08-30,106737.0,71.0,2373,High
BLW-MFG-0079,Hydraulic Press,Manufacturing,High,55,5475,2023-07-21,2026-03-17,1121,10.2,9042.0,65.0,3.91,0.891,8,304,2025-05-17,97536.0,61.9,2645,High
BLW-MFG-0079,Hydraulic Press,Manufacturing,High,55,5475,2023-07-21,2026-04-01,1136,10.2,9195.0,77.9,4.48,0.939,1,55,2026-02-05,116498.0,77.5,2447,Low
BLW-MFG-0079,Hydraulic Press,Manufacturing,High,55,5475,2023-07-21,2026-04-16,1151,10.2,9348.0,75.3,4.27,0.722,5,85,2026-01-21,98815.0,69.5,2360,Medium
BLW-MFG-0079,Hydraulic Press,Manufacturing,High,55,5475,2023-07-21,2026-05-01,1166,10.2,9501.0,75.9,4.31,0.8,0,288,2025-07-17,147623.0,69.4,2452,High
BLW-MFG-0079,Hydraulic Press,Manufacturing,High,55,5475,2023-07-21,2026-05-16,1181,10.2,9654.0,83.2,3.73,0.908,6,169,2025-11-28,145029.0,63.9,2229,Medium
BLW-LOC-0080,Wheel Assembly,Locomotive,Critical,0,5475,2020-08-04,2026-01-01,2127,6.1,10089.0,85.7,2.5,1.112,8,265,2025-04-11,85909.0,57.2,2154,High
BLW-LOC-0080,Wheel Assembly,Locomotive,Critical,0,5475,2020-08-04,2026-01-16,2142,6.1,10180.5,69.6,3.44,0.826,3,228,2025-06-02,59247.0,71.7,2456,High
BLW-LOC-0080,Wheel Assembly,Locomotive,Critical,0,5475,2020-08-04,2026-01-31,2157,6.1,10272.0,68.6,5.87,0.866,7,347,2025-02-18,90346.0,53.8,2034,High
BLW-LOC-0080,Wheel Assembly,Locomotive,Critical,0,5475,2020-08-04,2026-02-15,2172,6.1,10363.5,85.8,4.02,0.638,8,77,2025-11-30,55020.0,60.0,2161,Medium
BLW-LOC-0080,Wheel Assembly,Locomotive,Critical,0,5475,2020-08-04,2026-03-02,2187,6.1,10455.0,75.2,2.38,0.912,0,247,2025-06-28,20160.0,76.0,2556,High
BLW-LOC-0080,Wheel Assembly,Locomotive,Critical,0,5475,2020-08-04,2026-03-17,2202,6.1,10546.5,84.9,4.36,1.049,6,43,2026-02-02,21830.0,61.7,1923,Medium
BLW-LOC-0080,Wheel Assembly,Locomotive,Critical,0,5475,2020-08-04,2026-04-01,2217,6.1,10638.0,103.2,5.77,1.258,2,178,2025-10-05,50224.0,51.1,1627,Medium
BLW-LOC-0080,Wheel Assembly,Locomotive,Critical,0,5475,2020-08-04,2026-04-16,2232,6.1,10729.5,52.4,4.51,0.819,7,105,2026-01-01,80562.0,69.8,2313,Medium
BLW-LOC-0080,Wheel Assembly,Locomotive,Critical,0,5475,2020-08-04,2026-05-01,2247,6.1,10821.0,59.1,3.33,0.653,5,243,2025-08-31,19155.0,71.3,2312,High
BLW-LOC-0080,Wheel Assembly,Locomotive,Critical,0,5475,2020-08-04,2026-05-16,2262,6.1,10912.5,85.6,1.46,0.857,7,163,2025-12-04,14740.0,65.0,2336,Medium
BLW-MFG-0081,CNC Milling Machine,Manufacturing,High,30,3650,2024-07-17,2026-01-01,684,16.0,7735.0,54.6,2.77,0.822,5,331,2025-02-04,20858.0,73.8,1769,High
BLW-MFG-0081,CNC Milling Machine,Manufacturing,High,30,3650,2024-07-17,2026-01-16,699,16.0,7975.0,72.9,0.42,0.762,2,124,2025-09-14,79819.0,80.7,1907,Medium
BLW-MFG-0081,CNC Milling Machine,Manufacturing,High,30,3650,2024-07-17,2026-01-31,714,16.0,8215.0,66.9,1.63,0.732,8,81,2025-11-11,52994.0,74.5,1854,Low
BLW-MFG-0081,CNC Milling Machine,Manufacturing,High,30,3650,2024-07-17,2026-02-15,729,16.0,8455.0,60.5,2.52,0.905,6,236,2025-06-24,38619.0,73.7,1896,High
BLW-MFG-0081,CNC Milling Machine,Manufacturing,High,30,3650,2024-07-17,2026-03-02,744,16.0,8695.0,94.2,1.72,0.655,6,322,2025-04-14,31746.0,61.4,1537,High
BLW-MFG-0081,CNC Milling Machine,Manufacturing,High,30,3650,2024-07-17,2026-03-17,759,16.0,8935.0,65.2,2.35,0.819,6,202,2025-08-27,9233.0,76.5,1944,High
BLW-MFG-0081,CNC Milling Machine,Manufacturing,High,30,3650,2024-07-17,2026-04-01,774,16.0,9175.0,80.1,1.83,0.735,3,230,2025-08-14,90869.0,69.5,1693,High
BLW-MFG-0081,CNC Milling Machine,Manufacturing,High,30,3650,2024-07-17,2026-04-16,789,16.0,9415.0,82.1,3.62,0.833,6,2,2026-04-14,107187.0,69.0,1535,Medium
BLW-MFG-0081,CNC Milling Machine,Manufacturing,High,30,3650,2024-07-17,2026-05-01,804,16.0,9655.0,73.9,3.89,0.698,3,142,2025-12-10,114087.0,73.5,1759,Medium
BLW-MFG-0081,CNC Milling Machine,Manufacturing,High,30,3650,2024-07-17,2026-05-16,819,16.0,9895.0,67.2,3.88,1.146,1,295,2025-07-25,19754.0,74.9,1804,High
BLW-MFG-0082,Compressor Unit,Manufacturing,Medium,37,3650,2022-01-19,2026-01-01,1594,10.6,14147.0,56.1,2.96,0.866,4,343,2025-01-23,130082.0,67.1,1610,High
BLW-MFG-0082,Compressor Unit,Manufacturing,Medium,37,3650,2022-01-19,2026-01-16,1609,10.6,14306.0,68.3,4.17,0.87,8,327,2025-02-23,50444.0,54.6,1471,High
BLW-MFG-0082,Compressor Unit,Manufacturing,Medium,37,3650,2022-01-19,2026-01-31,1624,10.6,14465.0,75.6,3.15,0.735,6,312,2025-03-25,61919.0,57.7,1433,High
BLW-MFG-0082,Compressor Unit,Manufacturing,Medium,37,3650,2022-01-19,2026-02-15,1639,10.6,14624.0,59.8,3.12,0.865,1,178,2025-08-21,56038.0,74.5,1799,Medium
BLW-MFG-0082,Compressor Unit,Manufacturing,Medium,37,3650,2022-01-19,2026-03-02,1654,10.6,14783.0,75.1,2.37,0.686,7,316,2025-04-20,30016.0,57.7,1529,High
BLW-MFG-0082,Compressor Unit,Manufacturing,Medium,37,3650,2022-01-19,2026-03-17,1669,10.6,14942.0,70.4,2.72,0.644,4,314,2025-05-07,90574.0,63.6,1585,High
BLW-MFG-0082,Compressor Unit,Manufacturing,Medium,37,3650,2022-01-19,2026-04-01,1684,10.6,15101.0,77.4,2.47,1.018,2,160,2025-10-23,22090.0,67.1,1677,Medium
BLW-MFG-0082,Compressor Unit,Manufacturing,Medium,37,3650,2022-01-19,2026-04-16,1699,10.6,15260.0,67.9,3.92,0.863,4,59,2026-02-16,31541.0,70.4,1514,Low
BLW-MFG-0082,Compressor Unit,Manufacturing,Medium,37,3650,2022-01-19,2026-05-01,1714,10.6,15419.0,58.2,4.48,0.849,2,261,2025-08-13,61327.0,68.5,1696,High
BLW-MFG-0082,Compressor Unit,Manufacturing,Medium,37,3650,2022-01-19,2026-05-16,1729,10.6,15578.0,59.8,3.79,0.806,2,294,2025-07-26,60638.0,69.1,1656,High
BLW-MFG-0083,Compressor Unit,Manufacturing,Medium,37,3650,2022-09-23,2026-01-01,1347,14.9,18224.0,47.0,2.1,0.955,2,284,2025-03-23,29196.0,75.9,1778,High
BLW-MFG-0083,Compressor Unit,Manufacturing,Medium,37,3650,2022-09-23,2026-01-16,1362,14.9,18447.5,68.7,2.59,0.961,4,71,2025-11-06,32129.0,71.7,1661,Low
BLW-MFG-0083,Compressor Unit,Manufacturing,Medium,37,3650,2022-09-23,2026-01-31,1377,14.9,18671.0,80.4,2.2,0.986,7,317,2025-03-20,12774.0,53.9,1654,High
BLW-MFG-0083,Compressor Unit,Manufacturing,Medium,37,3650,2022-09-23,2026-02-15,1392,14.9,18894.5,62.9,2.73,0.646,5,4,2026-02-11,75268.0,73.2,1595,Low
BLW-MFG-0083,Compressor Unit,Manufacturing,Medium,37,3650,2022-09-23,2026-03-02,1407,14.9,19118.0,60.9,2.88,0.936,3,196,2025-08-18,144755.0,72.8,1734,High
BLW-MFG-0083,Compressor Unit,Manufacturing,Medium,37,3650,2022-09-23,2026-03-17,1422,14.9,19341.5,55.9,2.26,1.025,8,334,2025-04-17,76771.0,60.8,1866,High
BLW-MFG-0083,Compressor Unit,Manufacturing,Medium,37,3650,2022-09-23,2026-04-01,1437,14.9,19565.0,66.9,3.1,0.957,7,212,2025-09-01,107971.0,63.7,1589,High
BLW-MFG-0083,Compressor Unit,Manufacturing,Medium,37,3650,2022-09-23,2026-04-16,1452,14.9,19788.5,65.9,3.1,0.889,7,250,2025-08-09,29252.0,62.5,1608,High
BLW-MFG-0083,Compressor Unit,Manufacturing,Medium,37,3650,2022-09-23,2026-05-01,1467,14.9,20012.0,78.8,4.67,0.898,0,112,2026-01-09,47353.0,68.2,1307,Medium
BLW-MFG-0083,Compressor Unit,Manufacturing,Medium,37,3650,2022-09-23,2026-05-16,1482,14.9,20235.5,40.6,3.6,0.856,4,115,2026-01-21,82953.0,70.4,1674,Low
BLW-MFG-0084,Compressor Unit,Manufacturing,Medium,37,3650,2024-05-17,2026-01-01,745,12.4,8524.0,64.3,3.82,0.829,7,281,2025-03-26,79067.0,64.3,1840,High
BLW-MFG-0084,Compressor Unit,Manufacturing,Medium,37,3650,2024-05-17,2026-01-16,760,12.4,8710.0,63.2,3.32,0.777,1,137,2025-09-01,117391.0,81.2,1859,Medium
BLW-MFG-0084,Compressor Unit,Manufacturing,Medium,37,3650,2024-05-17,2026-01-31,775,12.4,8896.0,66.8,3.33,0.803,5,277,2025-04-29,124279.0,66.8,1743,High
BLW-MFG-0084,Compressor Unit,Manufacturing,Medium,37,3650,2024-05-17,2026-02-15,790,12.4,9082.0,76.9,2.68,0.81,0,225,2025-07-05,84221.0,79.4,1706,High
BLW-MFG-0084,Compressor Unit,Manufacturing,Medium,37,3650,2024-05-17,2026-03-02,805,12.4,9268.0,49.7,2.86,0.792,6,52,2026-01-09,111718.0,76.7,1862,Low
BLW-MFG-0084,Compressor Unit,Manufacturing,Medium,37,3650,2024-05-17,2026-03-17,820,12.4,9454.0,74.9,3.04,0.876,3,152,2025-10-16,131847.0,77.0,1708,Medium
BLW-MFG-0084,Compressor Unit,Manufacturing,Medium,37,3650,2024-05-17,2026-04-01,835,12.4,9640.0,73.1,2.64,0.765,0,230,2025-08-14,43108.0,78.6,1767,High
BLW-MFG-0084,Compressor Unit,Manufacturing,Medium,37,3650,2024-05-17,2026-04-16,850,12.4,9826.0,74.9,5.26,0.783,1,224,2025-09-04,130467.0,68.6,1580,High
BLW-MFG-0084,Compressor Unit,Manufacturing,Medium,37,3650,2024-05-17,2026-05-01,865,12.4,10012.0,76.1,3.44,0.988,1,121,2025-12-31,35432.0,73.4,1507,Medium
BLW-MFG-0084,Compressor Unit,Manufacturing,Medium,37,3650,2024-05-17,2026-05-16,880,12.4,10198.0,66.2,4.24,0.708,5,363,2025-05-18,93488.0,60.3,1768,High
BLW-LOC-0085,Wheel Assembly,Locomotive,Critical,0,5475,2020-12-05,2026-01-01,2004,14.6,27370.0,81.7,2.19,0.732,3,30,2025-12-02,87661.0,69.5,2261,Medium
BLW-LOC-0085,Wheel Assembly,Locomotive,Critical,0,5475,2020-12-05,2026-01-16,2019,14.6,27589.0,69.4,4.14,0.512,8,143,2025-08-26,91544.0,56.6,2024,Medium
BLW-LOC-0085,Wheel Assembly,Locomotive,Critical,0,5475,2020-12-05,2026-01-31,2034,14.6,27808.0,75.8,2.95,0.956,2,165,2025-08-19,146955.0,66.3,2270,Medium
BLW-LOC-0085,Wheel Assembly,Locomotive,Critical,0,5475,2020-12-05,2026-02-15,2049,14.6,28027.0,88.8,5.88,0.807,4,148,2025-09-20,88047.0,52.4,1514,Medium
BLW-LOC-0085,Wheel Assembly,Locomotive,Critical,0,5475,2020-12-05,2026-03-02,2064,14.6,28246.0,45.3,4.71,0.869,8,347,2025-03-20,123201.0,56.0,2076,High
BLW-LOC-0085,Wheel Assembly,Locomotive,Critical,0,5475,2020-12-05,2026-03-17,2079,14.6,28465.0,89.8,5.99,0.925,2,210,2025-08-19,138221.0,53.5,1661,High
BLW-LOC-0085,Wheel Assembly,Locomotive,Critical,0,5475,2020-12-05,2026-04-01,2094,14.6,28684.0,59.2,5.43,0.807,4,335,2025-05-01,23399.0,60.4,2021,High
BLW-LOC-0085,Wheel Assembly,Locomotive,Critical,0,5475,2020-12-05,2026-04-16,2109,14.6,28903.0,65.9,5.57,0.843,2,127,2025-12-10,26205.0,68.4,2096,Medium
BLW-LOC-0085,Wheel Assembly,Locomotive,Critical,0,5475,2020-12-05,2026-05-01,2124,14.6,29122.0,56.8,4.97,0.819,5,126,2025-12-26,115414.0,66.1,2239,Medium
BLW-LOC-0085,Wheel Assembly,Locomotive,Critical,0,5475,2020-12-05,2026-05-16,2139,14.6,29341.0,62.1,4.15,1.159,6,250,2025-09-08,25615.0,62.1,2283,High
BLW-LOC-0086,Traction Motor,Locomotive,Critical,350,4380,2023-07-09,2026-01-01,1058,11.8,10432.0,94.1,3.75,0.875,1,206,2025-06-09,79764.0,64.1,1729,High
BLW-LOC-0086,Traction Motor,Locomotive,Critical,350,4380,2023-07-09,2026-01-16,1073,11.8,10609.0,94.3,2.55,1.026,4,355,2025-01-26,140769.0,59.6,1713,High
BLW-LOC-0086,Traction Motor,Locomotive,Critical,350,4380,2023-07-09,2026-01-31,1088,11.8,10786.0,94.6,3.26,0.951,5,232,2025-06-13,142787.0,58.7,1703,High
BLW-LOC-0086,Traction Motor,Locomotive,Critical,350,4380,2023-07-09,2026-02-15,1103,11.8,10963.0,87.8,4.0,0.626,5,297,2025-04-24,5359.0,56.1,1805,High
BLW-LOC-0086,Traction Motor,Locomotive,Critical,350,4380,2023-07-09,2026-03-02,1118,11.8,11140.0,79.2,3.07,0.707,1,234,2025-07-11,97052.0,71.4,1772,High
BLW-LOC-0086,Traction Motor,Locomotive,Critical,350,4380,2023-07-09,2026-03-17,1133,11.8,11317.0,80.5,3.03,0.759,5,32,2026-02-13,120373.0,70.9,1951,Low
BLW-LOC-0086,Traction Motor,Locomotive,Critical,350,4380,2023-07-09,2026-04-01,1148,11.8,11494.0,114.2,1.99,1.019,6,111,2025-12-11,145379.0,59.8,1504,Medium
BLW-LOC-0086,Traction Motor,Locomotive,Critical,350,4380,2023-07-09,2026-04-16,1163,11.8,11671.0,86.6,3.3,0.907,3,253,2025-08-06,43938.0,67.5,1886,High
BLW-LOC-0086,Traction Motor,Locomotive,Critical,350,4380,2023-07-09,2026-05-01,1178,11.8,11848.0,92.0,3.38,0.712,4,172,2025-11-10,84360.0,63.0,1846,Medium
BLW-LOC-0086,Traction Motor,Locomotive,Critical,350,4380,2023-07-09,2026-05-16,1193,11.8,12025.0,62.3,2.68,0.91,2,289,2025-07-31,128601.0,76.1,2133,High
BLW-LOC-0087,Alternator,Locomotive,Critical,110,4380,2023-10-29,2026-01-01,946,16.7,11276.0,71.6,1.86,0.733,7,8,2025-12-24,23014.0,76.1,1987,Low
BLW-LOC-0087,Alternator,Locomotive,Critical,110,4380,2023-10-29,2026-01-16,961,16.7,11526.5,54.8,2.79,0.943,2,225,2025-06-05,71195.0,79.9,2201,High
BLW-LOC-0087,Alternator,Locomotive,Critical,110,4380,2023-10-29,2026-01-31,976,16.7,11777.0,80.3,1.51,0.919,6,103,2025-10-20,149376.0,71.3,1981,Low
BLW-LOC-0087,Alternator,Locomotive,Critical,110,4380,2023-10-29,2026-02-15,991,16.7,12027.5,95.5,2.3,1.0,2,332,2025-03-20,48770.0,64.8,1804,High
BLW-LOC-0087,Alternator,Locomotive,Critical,110,4380,2023-10-29,2026-03-02,1006,16.7,12278.0,80.9,3.57,1.016,4,47,2026-01-14,99915.0,69.3,1809,Medium
BLW-LOC-0087,Alternator,Locomotive,Critical,110,4380,2023-10-29,2026-03-17,1021,16.7,12528.5,97.5,3.04,0.983,4,42,2026-02-03,58917.0,68.5,1680,Medium
BLW-LOC-0087,Alternator,Locomotive,Critical,110,4380,2023-10-29,2026-04-01,1036,16.7,12779.0,93.0,2.42,0.971,2,26,2026-03-06,62470.0,74.0,1900,Low
BLW-LOC-0087,Alternator,Locomotive,Critical,110,4380,2023-10-29,2026-04-16,1051,16.7,13029.5,73.9,1.86,0.945,4,358,2025-04-23,114509.0,66.7,2094,High
BLW-LOC-0087,Alternator,Locomotive,Critical,110,4380,2023-10-29,2026-05-01,1066,16.7,13280.0,98.5,4.13,1.124,6,335,2025-05-31,18224.0,52.1,1522,High
BLW-LOC-0087,Alternator,Locomotive,Critical,110,4380,2023-10-29,2026-05-16,1081,16.7,13530.5,85.6,3.89,0.705,1,0,2026-05-16,35946.0,73.3,1768,Low
BLW-MFG-0088,CNC Turning Center,Manufacturing,High,22,3650,2020-09-28,2026-01-01,2072,14.3,25358.0,40.6,2.84,0.795,7,4,2025-12-28,6169.0,62.2,1507,Medium
BLW-MFG-0088,CNC Turning Center,Manufacturing,High,22,3650,2020-09-28,2026-01-16,2087,14.3,25572.5,74.4,3.05,0.793,5,61,2025-11-16,148282.0,61.2,1370,Medium
BLW-MFG-0088,CNC Turning Center,Manufacturing,High,22,3650,2020-09-28,2026-01-31,2102,14.3,25787.0,70.3,2.16,0.858,6,355,2025-02-10,24165.0,56.5,1388,High
BLW-MFG-0088,CNC Turning Center,Manufacturing,High,22,3650,2020-09-28,2026-02-15,2117,14.3,26001.5,92.6,2.48,0.838,1,117,2025-10-21,60545.0,59.4,1226,Medium
BLW-MFG-0088,CNC Turning Center,Manufacturing,High,22,3650,2020-09-28,2026-03-02,2132,14.3,26216.0,47.3,2.51,0.731,1,52,2026-01-09,50436.0,75.4,1631,Low
BLW-MFG-0088,CNC Turning Center,Manufacturing,High,22,3650,2020-09-28,2026-03-17,2147,14.3,26430.5,76.8,0.92,1.049,4,70,2026-01-06,60495.0,64.5,1337,Medium
BLW-MFG-0088,CNC Turning Center,Manufacturing,High,22,3650,2020-09-28,2026-04-01,2162,14.3,26645.0,71.7,3.26,0.783,2,328,2025-05-08,148976.0,59.1,1321,High
BLW-MFG-0088,CNC Turning Center,Manufacturing,High,22,3650,2020-09-28,2026-04-16,2177,14.3,26859.5,65.7,2.53,0.712,2,35,2026-03-12,81924.0,71.7,1527,Low
BLW-MFG-0088,CNC Turning Center,Manufacturing,High,22,3650,2020-09-28,2026-05-01,2192,14.3,27074.0,77.6,3.94,0.892,0,312,2025-06-23,99253.0,57.6,1316,High
BLW-MFG-0088,CNC Turning Center,Manufacturing,High,22,3650,2020-09-28,2026-05-16,2207,14.3,27288.5,55.9,2.44,0.769,7,179,2025-11-18,109753.0,62.7,1580,Medium
BLW-MFG-0089,Hydraulic Press,Manufacturing,High,55,5475,2022-04-23,2026-01-01,1500,14.6,18236.0,70.8,3.76,0.732,3,44,2025-11-18,135006.0,74.7,2428,Low
BLW-MFG-0089,Hydraulic Press,Manufacturing,High,55,5475,2022-04-23,2026-01-16,1515,14.6,18455.0,76.0,2.75,0.787,2,63,2025-11-14,90488.0,77.2,2603,Low
BLW-MFG-0089,Hydraulic Press,Manufacturing,High,55,5475,2022-04-23,2026-01-31,1530,14.6,18674.0,58.6,2.85,0.724,6,179,2025-08-05,144671.0,68.3,2711,Medium
BLW-MFG-0089,Hydraulic Press,Manufacturing,High,55,5475,2022-04-23,2026-02-15,1545,14.6,18893.0,74.7,3.19,0.64,5,71,2025-12-06,40929.0,69.4,2155,Medium
BLW-MFG-0089,Hydraulic Press,Manufacturing,High,55,5475,2022-04-23,2026-03-02,1560,14.6,19112.0,84.6,2.02,0.966,1,127,2025-10-26,85243.0,76.5,2346,Medium
BLW-MFG-0089,Hydraulic Press,Manufacturing,High,55,5475,2022-04-23,2026-03-17,1575,14.6,19331.0,55.4,3.37,0.761,4,353,2025-03-29,8890.0,69.4,2584,High
BLW-MFG-0089,Hydraulic Press,Manufacturing,High,55,5475,2022-04-23,2026-04-01,1590,14.6,19550.0,48.4,1.09,0.873,4,105,2025-12-17,80074.0,79.4,2732,Low
BLW-MFG-0089,Hydraulic Press,Manufacturing,High,55,5475,2022-04-23,2026-04-16,1605,14.6,19769.0,79.0,4.21,0.828,8,96,2026-01-10,113437.0,58.5,2252,Medium
BLW-MFG-0089,Hydraulic Press,Manufacturing,High,55,5475,2022-04-23,2026-05-01,1620,14.6,19988.0,55.1,3.4,0.915,4,330,2025-06-05,12913.0,70.8,2388,High
BLW-MFG-0089,Hydraulic Press,Manufacturing,High,55,5475,2022-04-23,2026-05-16,1635,14.6,20207.0,63.1,2.46,0.875,3,253,2025-09-05,60953.0,76.0,2923,High
BLW-MFG-0090,Material Handling Crane,Manufacturing,Critical,75,7300,2022-10-20,2026-01-01,1320,14.9,14187.0,59.1,2.35,0.935,0,184,2025-07-01,140419.0,88.2,4202,High
BLW-MFG-0090,Material Handling Crane,Manufacturing,Critical,75,7300,2022-10-20,2026-01-16,1335,14.9,14410.5,69.3,1.81,0.692,2,198,2025-07-02,129818.0,78.8,3896,High
BLW-MFG-0090,Material Handling Crane,Manufacturing,Critical,75,7300,2022-10-20,2026-01-31,1350,14.9,14634.0,80.9,4.56,0.914,6,187,2025-07-28,84222.0,63.7,2938,High
BLW-MFG-0090,Material Handling Crane,Manufacturing,Critical,75,7300,2022-10-20,2026-02-15,1365,14.9,14857.5,53.5,3.72,0.877,2,241,2025-06-19,143396.0,78.7,3763,High
BLW-MFG-0090,Material Handling Crane,Manufacturing,Critical,75,7300,2022-10-20,2026-03-02,1380,14.9,15081.0,72.1,4.16,0.969,1,8,2026-02-22,90168.0,81.4,3515,Low
BLW-MFG-0090,Material Handling Crane,Manufacturing,Critical,75,7300,2022-10-20,2026-03-17,1395,14.9,15304.5,75.2,2.63,0.921,0,134,2025-11-03,36283.0,80.2,3761,Medium
BLW-MFG-0090,Material Handling Crane,Manufacturing,Critical,75,7300,2022-10-20,2026-04-01,1410,14.9,15528.0,55.5,3.36,0.765,0,203,2025-09-10,78459.0,85.1,3780,High
BLW-MFG-0090,Material Handling Crane,Manufacturing,Critical,75,7300,2022-10-20,2026-04-16,1425,14.9,15751.5,51.5,3.53,0.797,8,212,2025-09-16,66418.0,70.4,3618,High
BLW-MFG-0090,Material Handling Crane,Manufacturing,Critical,75,7300,2022-10-20,2026-05-01,1440,14.9,15975.0,76.1,2.34,0.801,6,42,2026-03-20,97878.0,73.8,3646,Low
BLW-MFG-0090,Material Handling Crane,Manufacturing,Critical,75,7300,2022-10-20,2026-05-16,1455,14.9,16198.5,92.3,2.53,0.973,8,315,2025-07-05,27139.0,53.0,2891,High
BLW-MFG-0091,CNC Turning Center,Manufacturing,High,22,3650,2021-09-26,2026-01-01,1709,7.1,11846.0,53.5,1.58,0.662,2,274,2025-04-02,52379.0,76.0,1751,High
BLW-MFG-0091,CNC Turning Center,Manufacturing,High,22,3650,2021-09-26,2026-01-16,1724,7.1,11952.5,70.4,3.47,0.852,1,158,2025-08-11,106308.0,72.8,1547,Medium
BLW-MFG-0091,CNC Turning Center,Manufacturing,High,22,3650,2021-09-26,2026-01-31,1739,7.1,12059.0,52.4,3.85,0.771,3,29,2026-01-02,40450.0,73.4,1601,Low
BLW-MFG-0091,CNC Turning Center,Manufacturing,High,22,3650,2021-09-26,2026-02-15,1754,7.1,12165.5,56.4,2.57,0.869,6,59,2025-12-18,70739.0,73.0,1615,Low
BLW-MFG-0091,CNC Turning Center,Manufacturing,High,22,3650,2021-09-26,2026-03-02,1769,7.1,12272.0,62.3,3.97,0.89,0,158,2025-09-25,101582.0,78.5,1702,Medium
BLW-MFG-0091,CNC Turning Center,Manufacturing,High,22,3650,2021-09-26,2026-03-17,1784,7.1,12378.5,82.7,1.8,0.921,2,61,2026-01-15,6836.0,72.1,1489,Low
BLW-MFG-0091,CNC Turning Center,Manufacturing,High,22,3650,2021-09-26,2026-04-01,1799,7.1,12485.0,71.8,3.95,0.9,2,359,2025-04-07,6646.0,61.1,1547,High
BLW-MFG-0091,CNC Turning Center,Manufacturing,High,22,3650,2021-09-26,2026-04-16,1814,7.1,12591.5,62.9,3.35,0.825,7,177,2025-10-21,80836.0,63.5,1652,Medium
BLW-MFG-0091,CNC Turning Center,Manufacturing,High,22,3650,2021-09-26,2026-05-01,1829,7.1,12698.0,58.9,4.95,0.678,4,85,2026-02-05,58921.0,67.3,1548,Medium
BLW-MFG-0091,CNC Turning Center,Manufacturing,High,22,3650,2021-09-26,2026-05-16,1844,7.1,12804.5,79.2,3.16,0.859,4,60,2026-03-17,116857.0,67.2,1442,Medium
BLW-MFG-0092,CNC Wheel Lathe,Manufacturing,High,45,3650,2021-11-17,2026-01-01,1657,17.3,22405.0,81.7,3.56,0.907,1,134,2025-08-20,108287.0,62.9,1335,Medium
BLW-MFG-0092,CNC Wheel Lathe,Manufacturing,High,45,3650,2021-11-17,2026-01-16,1672,17.3,22664.5,62.2,1.94,0.861,1,254,2025-05-07,71004.0,72.7,1724,High
BLW-MFG-0092,CNC Wheel Lathe,Manufacturing,High,45,3650,2021-11-17,2026-01-31,1687,17.3,22924.0,53.8,4.45,0.74,5,28,2026-01-03,77443.0,66.4,1523,Medium
BLW-MFG-0092,CNC Wheel Lathe,Manufacturing,High,45,3650,2021-11-17,2026-02-15,1702,17.3,23183.5,60.6,3.72,0.712,2,188,2025-08-11,27810.0,71.2,1543,High
BLW-MFG-0092,CNC Wheel Lathe,Manufacturing,High,45,3650,2021-11-17,2026-03-02,1717,17.3,23443.0,61.0,2.73,0.921,1,293,2025-05-13,102747.0,69.8,1563,High
BLW-MFG-0092,CNC Wheel Lathe,Manufacturing,High,45,3650,2021-11-17,2026-03-17,1732,17.3,23702.5,66.3,1.99,1.027,1,116,2025-11-21,112413.0,74.9,1694,Low
BLW-MFG-0092,CNC Wheel Lathe,Manufacturing,High,45,3650,2021-11-17,2026-04-01,1747,17.3,23962.0,72.3,2.21,0.849,0,22,2026-03-10,129510.0,78.3,1540,Low
BLW-MFG-0092,CNC Wheel Lathe,Manufacturing,High,45,3650,2021-11-17,2026-04-16,1762,17.3,24221.5,84.9,4.07,0.947,0,125,2025-12-12,11667.0,62.9,1206,Medium
BLW-MFG-0092,CNC Wheel Lathe,Manufacturing,High,45,3650,2021-11-17,2026-05-01,1777,17.3,24481.0,64.0,3.38,0.915,5,196,2025-10-17,138433.0,59.8,1507,High
BLW-MFG-0092,CNC Wheel Lathe,Manufacturing,High,45,3650,2021-11-17,2026-05-16,1792,17.3,24740.5,74.1,3.0,0.994,2,18,2026-04-28,85165.0,71.1,1552,Low
BLW-LOC-0093,Wheel Assembly,Locomotive,Critical,0,5475,2021-04-04,2026-01-01,1884,10.5,16318.0,74.8,4.62,1.046,5,138,2025-08-16,124770.0,64.7,2043,Medium
BLW-LOC-0093,Wheel Assembly,Locomotive,Critical,0,5475,2021-04-04,2026-01-16,1899,10.5,16475.5,75.0,3.14,0.914,5,61,2025-11-16,77796.0,70.3,2242,Low
BLW-LOC-0093,Wheel Assembly,Locomotive,Critical,0,5475,2021-04-04,2026-01-31,1914,10.5,16633.0,80.6,1.18,1.033,0,91,2025-11-01,37362.0,77.9,2461,Low
BLW-LOC-0093,Wheel Assembly,Locomotive,Critical,0,5475,2021-04-04,2026-02-15,1929,10.5,16790.5,75.8,5.03,0.524,8,23,2026-01-23,143342.0,58.9,2044,Medium
BLW-LOC-0093,Wheel Assembly,Locomotive,Critical,0,5475,2021-04-04,2026-03-02,1944,10.5,16948.0,74.4,5.77,0.764,1,238,2025-07-07,130575.0,65.1,2116,High
BLW-LOC-0093,Wheel Assembly,Locomotive,Critical,0,5475,2021-04-04,2026-03-17,1959,10.5,17105.5,100.9,2.95,0.787,4,167,2025-10-01,17526.0,60.0,1993,Medium
BLW-LOC-0093,Wheel Assembly,Locomotive,Critical,0,5475,2021-04-04,2026-04-01,1974,10.5,17263.0,59.6,3.15,0.926,7,4,2026-03-28,58493.0,74.5,2472,Low
BLW-LOC-0093,Wheel Assembly,Locomotive,Critical,0,5475,2021-04-04,2026-04-16,1989,10.5,17420.5,39.9,4.48,0.739,4,288,2025-07-02,118754.0,63.7,2090,High
BLW-LOC-0093,Wheel Assembly,Locomotive,Critical,0,5475,2021-04-04,2026-05-01,2004,10.5,17578.0,96.6,4.05,0.863,3,237,2025-09-06,58400.0,58.7,1960,High
BLW-LOC-0093,Wheel Assembly,Locomotive,Critical,0,5475,2021-04-04,2026-05-16,2019,10.5,17735.5,109.4,2.28,0.891,7,100,2026-02-05,111207.0,51.0,1834,Medium
BLW-MFG-0094,Material Handling Crane,Manufacturing,Critical,75,7300,2020-11-04,2026-01-01,2035,6.1,10216.0,62.0,3.36,0.825,3,277,2025-03-30,55231.0,75.6,3725,High
BLW-MFG-0094,Material Handling Crane,Manufacturing,Critical,75,7300,2020-11-04,2026-01-16,2050,6.1,10307.5,91.7,2.57,0.731,0,171,2025-07-29,5212.0,73.9,3005,Medium
BLW-MFG-0094,Material Handling Crane,Manufacturing,Critical,75,7300,2020-11-04,2026-01-31,2065,6.1,10399.0,84.4,2.65,0.773,6,157,2025-08-27,20073.0,65.1,3286,Medium
BLW-MFG-0094,Material Handling Crane,Manufacturing,Critical,75,7300,2020-11-04,2026-02-15,2080,6.1,10490.5,65.5,2.37,1.002,8,121,2025-10-17,65873.0,70.3,3603,Medium
BLW-MFG-0094,Material Handling Crane,Manufacturing,Critical,75,7300,2020-11-04,2026-03-02,2095,6.1,10582.0,76.0,1.53,0.888,0,72,2025-12-20,108190.0,82.7,3714,Low
BLW-MFG-0094,Material Handling Crane,Manufacturing,Critical,75,7300,2020-11-04,2026-03-17,2110,6.1,10673.5,57.4,3.67,0.956,1,22,2026-02-23,138585.0,86.5,3672,Low
BLW-MFG-0094,Material Handling Crane,Manufacturing,Critical,75,7300,2020-11-04,2026-04-01,2125,6.1,10765.0,67.0,2.58,0.997,8,211,2025-09-02,106623.0,66.8,3346,High
BLW-MFG-0094,Material Handling Crane,Manufacturing,Critical,75,7300,2020-11-04,2026-04-16,2140,6.1,10856.5,78.6,2.43,0.76,5,234,2025-08-25,146310.0,66.3,3271,High
BLW-MFG-0094,Material Handling Crane,Manufacturing,Critical,75,7300,2020-11-04,2026-05-01,2155,6.1,10948.0,70.4,3.42,0.955,1,297,2025-07-08,18859.0,75.0,3407,High
BLW-MFG-0094,Material Handling Crane,Manufacturing,Critical,75,7300,2020-11-04,2026-05-16,2170,6.1,11039.5,69.8,3.71,0.992,2,326,2025-06-24,123895.0,71.2,3308,High
BLW-MFG-0095,CNC Turning Center,Manufacturing,High,22,3650,2023-04-27,2026-01-01,1131,13.9,13056.0,53.1,1.5,0.887,2,121,2025-09-02,47293.0,83.2,1913,Medium
BLW-MFG-0095,CNC Turning Center,Manufacturing,High,22,3650,2023-04-27,2026-01-16,1146,13.9,13264.5,64.3,4.12,0.777,5,201,2025-06-29,106605.0,68.1,1618,High
BLW-MFG-0095,CNC Turning Center,Manufacturing,High,22,3650,2023-04-27,2026-01-31,1161,13.9,13473.0,59.3,3.43,0.871,5,162,2025-08-22,70650.0,72.1,1728,Medium
BLW-MFG-0095,CNC Turning Center,Manufacturing,High,22,3650,2023-04-27,2026-02-15,1176,13.9,13681.5,66.9,5.1,0.953,3,38,2026-01-08,141815.0,71.9,1542,Low
BLW-MFG-0095,CNC Turning Center,Manufacturing,High,22,3650,2023-04-27,2026-03-02,1191,13.9,13890.0,80.3,3.47,0.843,2,299,2025-05-07,20801.0,64.4,1523,High
BLW-MFG-0095,CNC Turning Center,Manufacturing,High,22,3650,2023-04-27,2026-03-17,1206,13.9,14098.5,31.0,3.24,0.796,1,84,2025-12-23,70187.0,83.9,1772,Low
BLW-MFG-0095,CNC Turning Center,Manufacturing,High,22,3650,2023-04-27,2026-04-01,1221,13.9,14307.0,55.5,3.06,0.745,5,208,2025-09-05,22507.0,72.1,1776,High
BLW-MFG-0095,CNC Turning Center,Manufacturing,High,22,3650,2023-04-27,2026-04-16,1236,13.9,14515.5,82.1,2.44,0.858,5,106,2025-12-31,70528.0,65.2,1621,Medium
BLW-MFG-0095,CNC Turning Center,Manufacturing,High,22,3650,2023-04-27,2026-05-01,1251,13.9,14724.0,77.6,3.65,0.86,7,135,2025-12-17,128610.0,61.6,1622,Medium
BLW-MFG-0095,CNC Turning Center,Manufacturing,High,22,3650,2023-04-27,2026-05-16,1266,13.9,14932.5,68.8,3.37,0.756,1,80,2026-02-25,122102.0,76.4,1675,Low
BLW-LOC-0096,Air Compressor,Locomotive,High,22,3650,2024-08-19,2026-01-01,651,15.9,9119.0,94.6,3.19,0.822,3,167,2025-07-18,26507.0,65.3,1471,Medium
BLW-LOC-0096,Air Compressor,Locomotive,High,22,3650,2024-08-19,2026-01-16,666,15.9,9357.5,83.2,1.75,1.009,3,182,2025-07-18,62455.0,72.6,1787,High
BLW-LOC-0096,Air Compressor,Locomotive,High,22,3650,2024-08-19,2026-01-31,681,15.9,9596.0,60.6,4.4,0.941,0,346,2025-02-19,48332.0,76.8,1709,High
BLW-LOC-0096,Air Compressor,Locomotive,High,22,3650,2024-08-19,2026-02-15,696,15.9,9834.5,84.1,2.23,0.835,2,15,2026-01-31,143054.0,80.5,1774,Low
BLW-LOC-0096,Air Compressor,Locomotive,High,22,3650,2024-08-19,2026-03-02,711,15.9,10073.0,81.4,2.53,0.947,7,284,2025-05-22,113471.0,62.7,1475,High
BLW-LOC-0096,Air Compressor,Locomotive,High,22,3650,2024-08-19,2026-03-17,726,15.9,10311.5,93.7,3.72,1.019,3,48,2026-01-28,71996.0,66.3,1244,Medium
BLW-LOC-0096,Air Compressor,Locomotive,High,22,3650,2024-08-19,2026-04-01,741,15.9,10550.0,87.0,4.15,0.677,2,62,2026-01-29,6734.0,69.3,1733,Medium
BLW-LOC-0096,Air Compressor,Locomotive,High,22,3650,2024-08-19,2026-04-16,756,15.9,10788.5,79.0,4.73,0.807,3,66,2026-02-09,33729.0,67.2,1540,Medium
BLW-LOC-0096,Air Compressor,Locomotive,High,22,3650,2024-08-19,2026-05-01,771,15.9,11027.0,80.4,3.42,0.876,6,190,2025-10-23,104511.0,65.2,1605,High
BLW-LOC-0096,Air Compressor,Locomotive,High,22,3650,2024-08-19,2026-05-16,786,15.9,11265.5,66.2,4.53,0.661,1,298,2025-07-22,89987.0,70.1,1785,High
BLW-MFG-0097,CNC Turning Center,Manufacturing,High,22,3650,2020-02-14,2026-01-01,2299,20.0,34914.0,71.1,2.75,0.68,7,65,2025-10-28,18337.0,53.3,1225,Medium
BLW-MFG-0097,CNC Turning Center,Manufacturing,High,22,3650,2020-02-14,2026-01-16,2314,20.0,35214.0,46.6,2.18,0.89,5,62,2025-11-15,11191.0,66.3,1390,Medium
BLW-MFG-0097,CNC Turning Center,Manufacturing,High,22,3650,2020-02-14,2026-01-31,2329,20.0,35514.0,75.7,1.18,0.896,7,25,2026-01-06,29358.0,54.7,1271,Medium
BLW-MFG-0097,CNC Turning Center,Manufacturing,High,22,3650,2020-02-14,2026-02-15,2344,20.0,35814.0,64.4,4.14,0.748,6,202,2025-07-28,76938.0,51.8,1194,High
BLW-MFG-0097,CNC Turning Center,Manufacturing,High,22,3650,2020-02-14,2026-03-02,2359,20.0,36114.0,66.3,2.83,0.755,6,349,2025-03-18,66866.0,49.9,1290,High
BLW-MFG-0097,CNC Turning Center,Manufacturing,High,22,3650,2020-02-14,2026-03-17,2374,20.0,36414.0,71.9,3.13,0.925,5,109,2025-11-28,136704.0,56.7,1156,Medium
BLW-MFG-0097,CNC Turning Center,Manufacturing,High,22,3650,2020-02-14,2026-04-01,2389,20.0,36714.0,80.2,2.03,0.909,4,143,2025-11-09,69672.0,57.0,1110,Medium
BLW-MFG-0097,CNC Turning Center,Manufacturing,High,22,3650,2020-02-14,2026-04-16,2404,20.0,37014.0,71.7,2.73,0.779,2,17,2026-03-30,94045.0,66.5,1237,Medium
BLW-MFG-0097,CNC Turning Center,Manufacturing,High,22,3650,2020-02-14,2026-05-01,2419,20.0,37314.0,61.7,3.27,0.929,3,331,2025-06-04,47790.0,56.1,1411,High
BLW-MFG-0097,CNC Turning Center,Manufacturing,High,22,3650,2020-02-14,2026-05-16,2434,20.0,37614.0,78.6,1.29,0.812,6,281,2025-08-08,74459.0,48.6,1260,High
BLW-MFG-0098,CNC Turning Center,Manufacturing,High,22,3650,2021-07-26,2026-01-01,1771,11.4,16672.0,33.5,5.09,0.873,8,127,2025-08-27,96459.0,57.6,1505,Medium
BLW-MFG-0098,CNC Turning Center,Manufacturing,High,22,3650,2021-07-26,2026-01-16,1786,11.4,16843.0,93.9,3.63,0.92,8,9,2026-01-07,148464.0,51.7,1171,Medium
BLW-MFG-0098,CNC Turning Center,Manufacturing,High,22,3650,2021-07-26,2026-01-31,1801,11.4,17014.0,60.9,2.16,0.761,5,245,2025-05-31,83955.0,65.9,1662,High
BLW-MFG-0098,CNC Turning Center,Manufacturing,High,22,3650,2021-07-26,2026-02-15,1816,11.4,17185.0,47.2,3.12,0.831,7,176,2025-08-23,137338.0,64.0,1544,Medium
BLW-MFG-0098,CNC Turning Center,Manufacturing,High,22,3650,2021-07-26,2026-03-02,1831,11.4,17356.0,105.1,4.22,0.716,8,164,2025-09-19,61315.0,41.3,984,High
BLW-MFG-0098,CNC Turning Center,Manufacturing,High,22,3650,2021-07-26,2026-03-17,1846,11.4,17527.0,56.8,1.84,0.888,2,13,2026-03-04,51237.0,79.6,1799,Low
BLW-MFG-0098,CNC Turning Center,Manufacturing,High,22,3650,2021-07-26,2026-04-01,1861,11.4,17698.0,81.7,4.34,0.765,3,15,2026-03-17,134886.0,63.8,1335,Medium
BLW-MFG-0098,CNC Turning Center,Manufacturing,High,22,3650,2021-07-26,2026-04-16,1876,11.4,17869.0,64.9,2.46,1.016,4,29,2026-03-18,122255.0,73.6,1662,Low
BLW-MFG-0098,CNC Turning Center,Manufacturing,High,22,3650,2021-07-26,2026-05-01,1891,11.4,18040.0,61.5,2.1,0.803,7,271,2025-08-03,56828.0,63.4,1562,High
BLW-MFG-0098,CNC Turning Center,Manufacturing,High,22,3650,2021-07-26,2026-05-16,1906,11.4,18211.0,72.1,1.73,0.753,3,81,2026-02-24,19519.0,73.1,1628,Low
BLW-MFG-0099,Material Handling Crane,Manufacturing,Critical,75,7300,2021-06-29,2026-01-01,1798,13.5,22753.0,60.3,1.88,0.717,0,112,2025-09-11,88475.0,87.4,3960,Low
BLW-MFG-0099,Material Handling Crane,Manufacturing,Critical,75,7300,2021-06-29,2026-01-16,1813,13.5,22955.5,76.9,2.4,0.71,6,181,2025-07-19,140605.0,67.8,3166,High
BLW-MFG-0099,Material Handling Crane,Manufacturing,Critical,75,7300,2021-06-29,2026-01-31,1828,13.5,23158.0,60.4,4.09,0.913,2,90,2025-11-02,39300.0,78.9,3236,Low
BLW-MFG-0099,Material Handling Crane,Manufacturing,Critical,75,7300,2021-06-29,2026-02-15,1843,13.5,23360.5,69.9,3.91,0.797,5,357,2025-02-23,57024.0,64.6,3433,High
BLW-MFG-0099,Material Handling Crane,Manufacturing,Critical,75,7300,2021-06-29,2026-03-02,1858,13.5,23563.0,88.2,3.27,0.899,0,360,2025-03-07,106581.0,68.2,3084,High
BLW-MFG-0099,Material Handling Crane,Manufacturing,Critical,75,7300,2021-06-29,2026-03-17,1873,13.5,23765.5,63.0,2.65,0.869,2,288,2025-06-02,142513.0,74.5,3610,High
BLW-MFG-0099,Material Handling Crane,Manufacturing,Critical,75,7300,2021-06-29,2026-04-01,1888,13.5,23968.0,83.0,1.13,1.003,7,277,2025-06-28,49813.0,63.4,3143,High
BLW-MFG-0099,Material Handling Crane,Manufacturing,Critical,75,7300,2021-06-29,2026-04-16,1903,13.5,24170.5,77.1,3.15,0.978,7,19,2026-03-28,18087.0,69.2,2936,Medium
BLW-MFG-0099,Material Handling Crane,Manufacturing,Critical,75,7300,2021-06-29,2026-05-01,1918,13.5,24373.0,78.4,3.01,0.868,3,308,2025-06-27,36727.0,65.7,3503,High
BLW-MFG-0099,Material Handling Crane,Manufacturing,Critical,75,7300,2021-06-29,2026-05-16,1933,13.5,24575.5,84.7,2.58,0.732,8,244,2025-09-14,5099.0,57.8,3133,High
BLW-MFG-0100,Paint Booth Ventilation,Manufacturing,Low,15,2555,2024-07-09,2026-01-01,692,7.8,4939.0,67.9,3.93,0.899,5,30,2025-12-02,8177.0,74.8,1222,Low
BLW-MFG-0100,Paint Booth Ventilation,Manufacturing,Low,15,2555,2024-07-09,2026-01-16,707,7.8,5056.0,49.1,2.67,0.931,2,56,2025-11-21,127740.0,84.9,1370,Low
BLW-MFG-0100,Paint Booth Ventilation,Manufacturing,Low,15,2555,2024-07-09,2026-01-31,722,7.8,5173.0,62.8,1.97,0.818,5,37,2025-12-25,59171.0,81.5,1291,Low
BLW-MFG-0100,Paint Booth Ventilation,Manufacturing,Low,15,2555,2024-07-09,2026-02-15,737,7.8,5290.0,64.6,2.1,0.947,6,300,2025-04-21,19650.0,70.5,1408,High
BLW-MFG-0100,Paint Booth Ventilation,Manufacturing,Low,15,2555,2024-07-09,2026-03-02,752,7.8,5407.0,86.5,2.93,0.739,4,165,2025-09-18,24785.0,63.9,1049,Medium
BLW-MFG-0100,Paint Booth Ventilation,Manufacturing,Low,15,2555,2024-07-09,2026-03-17,767,7.8,5524.0,52.5,4.29,0.857,2,223,2025-08-06,119817.0,76.1,1114,High
BLW-MFG-0100,Paint Booth Ventilation,Manufacturing,Low,15,2555,2024-07-09,2026-04-01,782,7.8,5641.0,55.4,3.9,0.879,7,332,2025-05-04,51006.0,64.4,1282,High
BLW-MFG-0100,Paint Booth Ventilation,Manufacturing,Low,15,2555,2024-07-09,2026-04-16,797,7.8,5758.0,90.2,2.95,0.862,8,355,2025-04-26,133992.0,53.3,1214,High
BLW-MFG-0100,Paint Booth Ventilation,Manufacturing,Low,15,2555,2024-07-09,2026-05-01,812,7.8,5875.0,46.2,3.81,0.849,5,114,2026-01-07,101502.0,75.4,1220,Low
BLW-MFG-0100,Paint Booth Ventilation,Manufacturing,Low,15,2555,2024-07-09,2026-05-16,827,7.8,5992.0,71.6,3.89,1.176,2,193,2025-11-04,49489.0,74.1,1144,High
BLW-LOC-0101,Air Compressor,Locomotive,High,22,3650,2020-09-17,2026-01-01,2083,8.5,12403.0,71.6,2.96,0.635,6,290,2025-03-17,9695.0,57.5,1522,High
BLW-LOC-0101,Air Compressor,Locomotive,High,22,3650,2020-09-17,2026-01-16,2098,8.5,12530.5,59.7,4.81,0.914,5,313,2025-03-09,37030.0,57.1,1443,High
BLW-LOC-0101,Air Compressor,Locomotive,High,22,3650,2020-09-17,2026-01-31,2113,8.5,12658.0,103.6,4.48,0.861,1,254,2025-05-22,25393.0,50.2,1057,High
BLW-LOC-0101,Air Compressor,Locomotive,High,22,3650,2020-09-17,2026-02-15,2128,8.5,12785.5,72.7,1.12,1.11,1,121,2025-10-17,55287.0,74.3,1606,Medium
BLW-LOC-0101,Air Compressor,Locomotive,High,22,3650,2020-09-17,2026-03-02,2143,8.5,12913.0,80.3,2.82,0.848,5,85,2025-12-07,97247.0,60.0,1555,Medium
BLW-LOC-0101,Air Compressor,Locomotive,High,22,3650,2020-09-17,2026-03-17,2158,8.5,13040.5,63.5,2.51,0.822,1,362,2025-03-20,102154.0,71.5,1633,High
BLW-LOC-0101,Air Compressor,Locomotive,High,22,3650,2020-09-17,2026-04-01,2173,8.5,13168.0,64.3,5.31,0.968,5,228,2025-08-16,6652.0,58.2,1417,High
BLW-LOC-0101,Air Compressor,Locomotive,High,22,3650,2020-09-17,2026-04-16,2188,8.5,13295.5,119.5,6.47,0.803,3,127,2025-12-10,105511.0,44.4,725,High
BLW-LOC-0101,Air Compressor,Locomotive,High,22,3650,2020-09-17,2026-05-01,2203,8.5,13423.0,91.9,1.87,0.87,5,131,2025-12-21,119118.0,57.7,1394,Medium
BLW-LOC-0101,Air Compressor,Locomotive,High,22,3650,2020-09-17,2026-05-16,2218,8.5,13550.5,101.3,1.46,0.892,0,24,2026-04-22,60961.0,68.8,1270,Medium
BLW-LOC-0102,Wheel Assembly,Locomotive,Critical,0,5475,2020-12-06,2026-01-01,2003,18.4,31250.0,88.9,3.92,0.891,6,179,2025-07-06,84173.0,52.0,1729,Medium
BLW-LOC-0102,Wheel Assembly,Locomotive,Critical,0,5475,2020-12-06,2026-01-16,2018,18.4,31526.0,62.0,4.4,0.857,1,245,2025-05-16,119366.0,68.7,2241,High
BLW-LOC-0102,Wheel Assembly,Locomotive,Critical,0,5475,2020-12-06,2026-01-31,2033,18.4,31802.0,75.0,4.86,0.82,3,83,2025-11-09,70437.0,61.3,2067,Medium
BLW-LOC-0102,Wheel Assembly,Locomotive,Critical,0,5475,2020-12-06,2026-02-15,2048,18.4,32078.0,77.3,3.69,1.058,0,150,2025-09-18,7911.0,69.4,2170,Medium
BLW-LOC-0102,Wheel Assembly,Locomotive,Critical,0,5475,2020-12-06,2026-03-02,2063,18.4,32354.0,63.5,3.44,0.943,4,53,2026-01-08,15759.0,68.8,2368,Medium
BLW-LOC-0102,Wheel Assembly,Locomotive,Critical,0,5475,2020-12-06,2026-03-17,2078,18.4,32630.0,83.5,3.8,0.999,2,192,2025-09-06,28331.0,62.3,2145,High
BLW-LOC-0102,Wheel Assembly,Locomotive,Critical,0,5475,2020-12-06,2026-04-01,2093,18.4,32906.0,67.9,3.96,0.89,1,280,2025-06-25,141566.0,65.3,2355,High
BLW-LOC-0102,Wheel Assembly,Locomotive,Critical,0,5475,2020-12-06,2026-04-16,2108,18.4,33182.0,118.5,3.83,0.946,1,173,2025-10-25,91134.0,53.6,1381,Medium
BLW-LOC-0102,Wheel Assembly,Locomotive,Critical,0,5475,2020-12-06,2026-05-01,2123,18.4,33458.0,57.1,3.05,0.723,7,360,2025-05-06,9494.0,62.4,2396,High
BLW-LOC-0102,Wheel Assembly,Locomotive,Critical,0,5475,2020-12-06,2026-05-16,2138,18.4,33734.0,80.0,5.02,0.76,2,310,2025-07-10,134014.0,55.1,1911,High
BLW-MFG-0103,Compressor Unit,Manufacturing,Medium,37,3650,2020-04-19,2026-01-01,2234,7.4,12592.0,77.3,3.25,0.845,3,209,2025-06-06,106094.0,61.7,1443,High
BLW-MFG-0103,Compressor Unit,Manufacturing,Medium,37,3650,2020-04-19,2026-01-16,2249,7.4,12703.0,68.2,1.92,0.83,8,135,2025-09-03,100787.0,60.4,1567,Medium
BLW-MFG-0103,Compressor Unit,Manufacturing,Medium,37,3650,2020-04-19,2026-01-31,2264,7.4,12814.0,60.8,5.19,0.826,4,121,2025-10-02,18908.0,60.9,1416,Medium
BLW-MFG-0103,Compressor Unit,Manufacturing,Medium,37,3650,2020-04-19,2026-02-15,2279,7.4,12925.0,73.6,4.46,0.776,6,292,2025-04-29,84701.0,49.3,1390,High
BLW-MFG-0103,Compressor Unit,Manufacturing,Medium,37,3650,2020-04-19,2026-03-02,2294,7.4,13036.0,51.6,2.61,0.814,7,78,2025-12-14,12903.0,66.7,1661,Medium
BLW-MFG-0103,Compressor Unit,Manufacturing,Medium,37,3650,2020-04-19,2026-03-17,2309,7.4,13147.0,60.8,2.8,0.844,0,218,2025-08-11,17706.0,74.9,1648,High
BLW-MFG-0103,Compressor Unit,Manufacturing,Medium,37,3650,2020-04-19,2026-04-01,2324,7.4,13258.0,75.0,3.86,0.889,7,102,2025-12-20,19063.0,57.1,1251,Medium
BLW-MFG-0103,Compressor Unit,Manufacturing,Medium,37,3650,2020-04-19,2026-04-16,2339,7.4,13369.0,71.2,3.58,0.928,3,87,2026-01-19,97538.0,65.4,1403,Medium
BLW-MFG-0103,Compressor Unit,Manufacturing,Medium,37,3650,2020-04-19,2026-05-01,2354,7.4,13480.0,64.5,3.68,0.963,1,242,2025-09-01,127347.0,67.5,1597,High
BLW-MFG-0103,Compressor Unit,Manufacturing,Medium,37,3650,2020-04-19,2026-05-16,2369,7.4,13591.0,73.7,3.14,0.844,4,203,2025-10-25,73287.0,62.8,1475,High
BLW-LOC-0104,Traction Motor,Locomotive,Critical,350,4380,2020-07-05,2026-01-01,2157,15.0,26410.0,112.1,2.48,0.912,5,195,2025-06-20,58563.0,46.0,1155,High
BLW-LOC-0104,Traction Motor,Locomotive,Critical,350,4380,2020-07-05,2026-01-16,2172,15.0,26635.0,78.6,3.71,1.205,7,22,2025-12-25,43178.0,56.6,1421,Medium
BLW-LOC-0104,Traction Motor,Locomotive,Critical,350,4380,2020-07-05,2026-01-31,2187,15.0,26860.0,83.7,1.11,0.849,7,134,2025-09-19,37805.0,56.8,1671,Medium
BLW-LOC-0104,Traction Motor,Locomotive,Critical,350,4380,2020-07-05,2026-02-15,2202,15.0,27085.0,95.0,3.05,0.847,4,288,2025-05-03,13938.0,49.1,1309,High
BLW-LOC-0104,Traction Motor,Locomotive,Critical,350,4380,2020-07-05,2026-03-02,2217,15.0,27310.0,85.8,2.17,0.82,1,43,2026-01-18,101880.0,67.3,1671,Medium
BLW-LOC-0104,Traction Motor,Locomotive,Critical,350,4380,2020-07-05,2026-03-17,2232,15.0,27535.0,109.0,2.19,0.653,8,211,2025-08-18,145752.0,42.0,1246,High
BLW-LOC-0104,Traction Motor,Locomotive,Critical,350,4380,2020-07-05,2026-04-01,2247,15.0,27760.0,86.1,3.26,0.856,3,283,2025-06-22,13843.0,55.7,1571,High
BLW-LOC-0104,Traction Motor,Locomotive,Critical,350,4380,2020-07-05,2026-04-16,2262,15.0,27985.0,54.3,3.41,0.911,6,267,2025-07-23,65702.0,58.8,1945,High
BLW-LOC-0104,Traction Motor,Locomotive,Critical,350,4380,2020-07-05,2026-05-01,2277,15.0,28210.0,74.9,3.85,0.957,8,351,2025-05-15,130700.0,46.1,1389,High
BLW-LOC-0104,Traction Motor,Locomotive,Critical,350,4380,2020-07-05,2026-05-16,2292,15.0,28435.0,78.8,5.19,0.855,7,293,2025-07-27,132840.0,43.5,1420,High
BLW-LOC-0105,Diesel Engine Auxiliary,Locomotive,High,85,3650,2021-09-04,2026-01-01,1731,7.1,11932.0,73.0,2.89,0.868,0,257,2025-04-19,87827.0,72.6,1763,High
BLW-LOC-0105,Diesel Engine Auxiliary,Locomotive,High,85,3650,2021-09-04,2026-01-16,1746,7.1,12038.5,91.2,4.94,0.794,8,292,2025-03-30,103243.0,41.1,1157,High
BLW-LOC-0105,Diesel Engine Auxiliary,Locomotive,High,85,3650,2021-09-04,2026-01-31,1761,7.1,12145.0,81.2,2.31,0.839,2,61,2025-12-01,142642.0,72.3,1545,Low
BLW-LOC-0105,Diesel Engine Auxiliary,Locomotive,High,85,3650,2021-09-04,2026-02-15,1776,7.1,12251.5,88.0,4.0,0.804,7,88,2025-11-19,142614.0,53.4,1194,Medium
BLW-LOC-0105,Diesel Engine Auxiliary,Locomotive,High,85,3650,2021-09-04,2026-03-02,1791,7.1,12358.0,108.0,3.72,0.843,2,108,2025-11-14,122227.0,54.1,1289,Medium
BLW-LOC-0105,Diesel Engine Auxiliary,Locomotive,High,85,3650,2021-09-04,2026-03-17,1806,7.1,12464.5,65.9,3.24,0.925,2,21,2026-02-24,66389.0,77.1,1682,Low
BLW-LOC-0105,Diesel Engine Auxiliary,Locomotive,High,85,3650,2021-09-04,2026-04-01,1821,7.1,12571.0,109.9,4.41,0.753,6,103,2025-12-19,149604.0,45.2,1031,High
BLW-LOC-0105,Diesel Engine Auxiliary,Locomotive,High,85,3650,2021-09-04,2026-04-16,1836,7.1,12677.5,114.6,2.17,1.029,2,304,2025-06-16,42394.0,54.1,1226,High
BLW-LOC-0105,Diesel Engine Auxiliary,Locomotive,High,85,3650,2021-09-04,2026-05-01,1851,7.1,12784.0,82.9,2.89,0.98,1,44,2026-03-18,61274.0,72.6,1533,Low
BLW-LOC-0105,Diesel Engine Auxiliary,Locomotive,High,85,3650,2021-09-04,2026-05-16,1866,7.1,12890.5,85.0,3.23,0.708,6,282,2025-08-07,52288.0,55.3,1400,High
BLW-LOC-0106,Traction Motor,Locomotive,Critical,350,4380,2022-11-30,2026-01-01,1279,12.4,15258.0,63.5,2.85,0.794,8,214,2025-06-01,21315.0,63.3,1957,High
BLW-LOC-0106,Traction Motor,Locomotive,Critical,350,4380,2022-11-30,2026-01-16,1294,12.4,15444.0,61.8,3.06,0.766,2,75,2025-11-02,87156.0,77.8,2319,Low
BLW-LOC-0106,Traction Motor,Locomotive,Critical,350,4380,2022-11-30,2026-01-31,1309,12.4,15630.0,98.4,2.67,0.893,1,54,2025-12-08,86589.0,69.8,1773,Medium
BLW-LOC-0106,Traction Motor,Locomotive,Critical,350,4380,2022-11-30,2026-02-15,1324,12.4,15816.0,68.1,4.96,0.799,1,146,2025-09-22,130784.0,69.8,1913,Medium
BLW-LOC-0106,Traction Motor,Locomotive,Critical,350,4380,2022-11-30,2026-03-02,1339,12.4,16002.0,100.6,6.81,0.726,5,210,2025-08-04,43300.0,45.4,1170,High
BLW-LOC-0106,Traction Motor,Locomotive,Critical,350,4380,2022-11-30,2026-03-17,1354,12.4,16188.0,93.8,1.99,0.723,7,292,2025-05-29,93300.0,54.4,1744,High
BLW-LOC-0106,Traction Motor,Locomotive,Critical,350,4380,2022-11-30,2026-04-01,1369,12.4,16374.0,73.2,4.59,1.003,0,88,2026-01-03,44935.0,75.2,1974,Low
BLW-LOC-0106,Traction Motor,Locomotive,Critical,350,4380,2022-11-30,2026-04-16,1384,12.4,16560.0,89.8,2.39,1.049,2,316,2025-06-04,93255.0,63.4,1886,High
BLW-LOC-0106,Traction Motor,Locomotive,Critical,350,4380,2022-11-30,2026-05-01,1399,12.4,16746.0,108.0,4.45,0.71,6,19,2026-04-12,62390.0,50.6,1407,Medium
BLW-LOC-0106,Traction Motor,Locomotive,Critical,350,4380,2022-11-30,2026-05-16,1414,12.4,16932.0,82.7,4.05,0.986,5,353,2025-05-28,39449.0,56.8,1726,High
BLW-LOC-0107,Diesel Engine Auxiliary,Locomotive,High,85,3650,2021-07-04,2026-01-01,1793,18.6,23547.0,74.9,3.12,0.953,4,159,2025-07-26,45650.0,62.0,1370,Medium
BLW-LOC-0107,Diesel Engine Auxiliary,Locomotive,High,85,3650,2021-07-04,2026-01-16,1808,18.6,23826.0,95.0,3.4,0.753,7,356,2025-01-25,104304.0,40.3,1073,High
BLW-LOC-0107,Diesel Engine Auxiliary,Locomotive,High,85,3650,2021-07-04,2026-01-31,1823,18.6,24105.0,75.5,5.08,0.763,3,68,2025-11-24,48570.0,59.7,1194,Medium
BLW-LOC-0107,Diesel Engine Auxiliary,Locomotive,High,85,3650,2021-07-04,2026-02-15,1838,18.6,24384.0,76.5,1.84,0.839,7,164,2025-09-04,44066.0,58.1,1473,Medium
BLW-LOC-0107,Diesel Engine Auxiliary,Locomotive,High,85,3650,2021-07-04,2026-03-02,1853,18.6,24663.0,84.5,2.26,1.0,6,309,2025-04-27,98605.0,52.5,1351,High
BLW-LOC-0107,Diesel Engine Auxiliary,Locomotive,High,85,3650,2021-07-04,2026-03-17,1868,18.6,24942.0,81.9,3.13,0.901,3,226,2025-08-03,35652.0,59.0,1206,High
BLW-LOC-0107,Diesel Engine Auxiliary,Locomotive,High,85,3650,2021-07-04,2026-04-01,1883,18.6,25221.0,74.7,3.49,0.911,6,248,2025-07-27,115127.0,55.9,1292,High
BLW-LOC-0107,Diesel Engine Auxiliary,Locomotive,High,85,3650,2021-07-04,2026-04-16,1898,18.6,25500.0,76.1,3.23,0.789,5,28,2026-03-19,79714.0,61.7,1410,Medium
BLW-LOC-0107,Diesel Engine Auxiliary,Locomotive,High,85,3650,2021-07-04,2026-05-01,1913,18.6,25779.0,68.6,4.41,0.686,2,33,2026-03-29,50113.0,66.1,1346,Medium
BLW-LOC-0107,Diesel Engine Auxiliary,Locomotive,High,85,3650,2021-07-04,2026-05-16,1928,18.6,26058.0,110.3,3.62,0.631,8,206,2025-10-22,24669.0,34.1,943,High
BLW-MFG-0108,CNC Wheel Lathe,Manufacturing,High,45,3650,2020-12-21,2026-01-01,1988,8.7,16429.0,72.4,3.14,0.837,0,127,2025-08-27,9795.0,73.3,1437,Medium
BLW-MFG-0108,CNC Wheel Lathe,Manufacturing,High,45,3650,2020-12-21,2026-01-16,2003,8.7,16559.5,76.5,1.38,0.735,0,184,2025-07-16,107172.0,69.1,1502,High
BLW-MFG-0108,CNC Wheel Lathe,Manufacturing,High,45,3650,2020-12-21,2026-01-31,2018,8.7,16690.0,66.0,3.0,0.836,4,188,2025-07-27,124408.0,64.3,1507,High
BLW-MFG-0108,CNC Wheel Lathe,Manufacturing,High,45,3650,2020-12-21,2026-02-15,2033,8.7,16820.5,49.4,4.18,0.805,8,203,2025-07-27,97134.0,56.2,1573,High
BLW-MFG-0108,CNC Wheel Lathe,Manufacturing,High,45,3650,2020-12-21,2026-03-02,2048,8.7,16951.0,53.3,1.99,0.73,1,348,2025-03-19,9432.0,71.9,1725,High
BLW-MFG-0108,CNC Wheel Lathe,Manufacturing,High,45,3650,2020-12-21,2026-03-17,2063,8.7,17081.5,77.9,5.36,0.62,5,250,2025-07-10,91136.0,51.2,1167,High
BLW-MFG-0108,CNC Wheel Lathe,Manufacturing,High,45,3650,2020-12-21,2026-04-01,2078,8.7,17212.0,62.8,2.54,0.759,2,242,2025-08-02,90098.0,72.9,1676,High
BLW-MFG-0108,CNC Wheel Lathe,Manufacturing,High,45,3650,2020-12-21,2026-04-16,2093,8.7,17342.5,70.9,4.37,0.704,5,176,2025-10-22,28709.0,56.1,1206,Medium
BLW-MFG-0108,CNC Wheel Lathe,Manufacturing,High,45,3650,2020-12-21,2026-05-01,2108,8.7,17473.0,63.0,3.35,0.87,4,352,2025-05-14,18107.0,61.5,1418,High
BLW-MFG-0108,CNC Wheel Lathe,Manufacturing,High,45,3650,2020-12-21,2026-05-16,2123,8.7,17603.5,81.8,3.47,0.938,0,197,2025-10-31,12199.0,62.0,1372,High
BLW-MFG-0109,Paint Booth Ventilation,Manufacturing,Low,15,2555,2024-10-21,2026-01-01,588,9.1,4107.0,50.7,2.44,0.873,3,137,2025-08-17,99480.0,83.0,1308,Medium
BLW-MFG-0109,Paint Booth Ventilation,Manufacturing,Low,15,2555,2024-10-21,2026-01-16,603,9.1,4243.5,65.9,1.47,0.94,8,10,2026-01-06,130371.0,76.0,1395,Low
BLW-MFG-0109,Paint Booth Ventilation,Manufacturing,Low,15,2555,2024-10-21,2026-01-31,618,9.1,4380.0,60.3,2.43,0.754,0,242,2025-06-03,137170.0,86.6,1332,High
BLW-MFG-0109,Paint Booth Ventilation,Manufacturing,Low,15,2555,2024-10-21,2026-02-15,633,9.1,4516.5,75.1,2.61,0.637,2,307,2025-04-14,121125.0,72.5,1186,High
BLW-MFG-0109,Paint Booth Ventilation,Manufacturing,Low,15,2555,2024-10-21,2026-03-02,648,9.1,4653.0,68.6,1.93,0.933,3,129,2025-10-24,93210.0,80.8,1318,Medium
BLW-MFG-0109,Paint Booth Ventilation,Manufacturing,Low,15,2555,2024-10-21,2026-03-17,663,9.1,4789.5,76.9,3.92,0.843,4,364,2025-03-18,145219.0,62.5,1066,High
BLW-MFG-0109,Paint Booth Ventilation,Manufacturing,Low,15,2555,2024-10-21,2026-04-01,678,9.1,4926.0,61.6,2.54,0.861,4,216,2025-08-28,134845.0,77.4,1391,High
BLW-MFG-0109,Paint Booth Ventilation,Manufacturing,Low,15,2555,2024-10-21,2026-04-16,693,9.1,5062.5,63.2,3.1,0.973,5,235,2025-08-24,41540.0,73.8,1296,High
BLW-MFG-0109,Paint Booth Ventilation,Manufacturing,Low,15,2555,2024-10-21,2026-05-01,708,9.1,5199.0,64.2,2.63,0.775,7,154,2025-11-28,103193.0,72.1,1355,Medium
BLW-MFG-0109,Paint Booth Ventilation,Manufacturing,Low,15,2555,2024-10-21,2026-05-16,723,9.1,5335.5,69.5,2.04,1.042,6,299,2025-07-21,19835.0,70.8,1214,High
BLW-LOC-0110,Cooling System,Locomotive,High,18,3285,2023-02-23,2026-01-01,1194,15.1,15915.0,71.4,3.63,1.055,4,350,2025-01-16,20675.0,58.6,1433,High
BLW-LOC-0110,Cooling System,Locomotive,High,18,3285,2023-02-23,2026-01-16,1209,15.1,16141.5,99.8,2.8,0.822,1,172,2025-07-28,148312.0,60.2,1167,Medium
BLW-LOC-0110,Cooling System,Locomotive,High,18,3285,2023-02-23,2026-01-31,1224,15.1,16368.0,79.1,4.39,0.991,5,141,2025-09-12,42866.0,57.8,1110,Medium
BLW-LOC-0110,Cooling System,Locomotive,High,18,3285,2023-02-23,2026-02-15,1239,15.1,16594.5,80.1,4.0,0.895,4,96,2025-11-11,26740.0,62.3,1265,Medium
BLW-LOC-0110,Cooling System,Locomotive,High,18,3285,2023-02-23,2026-03-02,1254,15.1,16821.0,103.9,4.16,0.825,3,29,2026-02-01,121787.0,55.7,1019,Medium
BLW-LOC-0110,Cooling System,Locomotive,High,18,3285,2023-02-23,2026-03-17,1269,15.1,17047.5,106.6,3.53,0.873,6,338,2025-04-13,51340.0,42.5,1080,High
BLW-LOC-0110,Cooling System,Locomotive,High,18,3285,2023-02-23,2026-04-01,1284,15.1,17274.0,112.2,4.34,0.89,2,13,2026-03-19,100033.0,55.7,831,Medium
BLW-LOC-0110,Cooling System,Locomotive,High,18,3285,2023-02-23,2026-04-16,1299,15.1,17500.5,94.8,4.01,0.936,4,132,2025-12-05,136502.0,54.8,1096,Medium
BLW-LOC-0110,Cooling System,Locomotive,High,18,3285,2023-02-23,2026-05-01,1314,15.1,17727.0,78.2,5.13,0.845,6,198,2025-10-15,111826.0,56.8,1205,High
BLW-LOC-0110,Cooling System,Locomotive,High,18,3285,2023-02-23,2026-05-16,1329,15.1,17953.5,66.1,3.8,0.817,3,175,2025-11-22,110350.0,65.3,1525,Medium
BLW-MFG-0111,Material Handling Crane,Manufacturing,Critical,75,7300,2023-11-06,2026-01-01,938,13.5,11846.0,73.4,3.28,0.837,5,259,2025-04-17,48528.0,67.9,3424,High
BLW-MFG-0111,Material Handling Crane,Manufacturing,Critical,75,7300,2023-11-06,2026-01-16,953,13.5,12048.5,75.9,1.9,0.572,2,336,2025-02-14,132092.0,75.8,3691,High
BLW-MFG-0111,Material Handling Crane,Manufacturing,Critical,75,7300,2023-11-06,2026-01-31,968,13.5,12251.0,68.2,3.56,0.894,2,150,2025-09-03,19152.0,80.1,3846,Medium
BLW-MFG-0111,Material Handling Crane,Manufacturing,Critical,75,7300,2023-11-06,2026-02-15,983,13.5,12453.5,49.2,3.4,0.898,2,132,2025-10-06,110152.0,82.1,3547,Medium
BLW-MFG-0111,Material Handling Crane,Manufacturing,Critical,75,7300,2023-11-06,2026-03-02,998,13.5,12656.0,59.2,2.4,0.915,8,93,2025-11-29,142304.0,76.3,3728,Low
BLW-MFG-0111,Material Handling Crane,Manufacturing,Critical,75,7300,2023-11-06,2026-03-17,1013,13.5,12858.5,61.7,4.06,0.846,5,335,2025-04-16,17948.0,70.0,3617,High
BLW-MFG-0111,Material Handling Crane,Manufacturing,Critical,75,7300,2023-11-06,2026-04-01,1028,13.5,13061.0,85.3,2.43,0.982,5,114,2025-12-08,112910.0,72.1,3361,Low
BLW-MFG-0111,Material Handling Crane,Manufacturing,Critical,75,7300,2023-11-06,2026-04-16,1043,13.5,13263.5,100.6,2.2,0.82,4,215,2025-09-13,119273.0,63.5,3256,High
BLW-MFG-0111,Material Handling Crane,Manufacturing,Critical,75,7300,2023-11-06,2026-05-01,1058,13.5,13466.0,91.7,4.7,0.982,5,190,2025-10-23,42781.0,60.0,2822,High
BLW-MFG-0111,Material Handling Crane,Manufacturing,Critical,75,7300,2023-11-06,2026-05-16,1073,13.5,13668.5,52.1,5.08,0.912,4,237,2025-09-21,128426.0,71.6,3758,High
BLW-LOC-0112,Diesel Engine Auxiliary,Locomotive,High,85,3650,2020-04-19,2026-01-01,2234,18.1,35384.0,63.4,3.99,0.829,1,241,2025-05-05,133967.0,60.8,1278,High
BLW-LOC-0112,Diesel Engine Auxiliary,Locomotive,High,85,3650,2020-04-19,2026-01-16,2249,18.1,35655.5,57.0,3.64,0.981,8,61,2025-11-16,130787.0,54.6,1336,Medium
BLW-LOC-0112,Diesel Engine Auxiliary,Locomotive,High,85,3650,2020-04-19,2026-01-31,2264,18.1,35927.0,63.9,3.57,0.785,6,271,2025-05-05,48262.0,52.2,1270,High
BLW-LOC-0112,Diesel Engine Auxiliary,Locomotive,High,85,3650,2020-04-19,2026-02-15,2279,18.1,36198.5,90.8,4.96,0.948,0,77,2025-11-30,24918.0,52.7,879,Medium
BLW-LOC-0112,Diesel Engine Auxiliary,Locomotive,High,85,3650,2020-04-19,2026-03-02,2294,18.1,36470.0,81.2,3.06,0.829,3,175,2025-09-08,64333.0,53.2,1095,Medium
BLW-LOC-0112,Diesel Engine Auxiliary,Locomotive,High,85,3650,2020-04-19,2026-03-17,2309,18.1,36741.5,52.6,2.95,0.898,7,73,2026-01-03,50876.0,56.1,1351,Medium
BLW-LOC-0112,Diesel Engine Auxiliary,Locomotive,High,85,3650,2020-04-19,2026-04-01,2324,18.1,37013.0,111.3,5.03,1.077,2,41,2026-02-19,75699.0,42.4,727,High
BLW-LOC-0112,Diesel Engine Auxiliary,Locomotive,High,85,3650,2020-04-19,2026-04-16,2339,18.1,37284.5,72.7,3.08,0.556,2,160,2025-11-07,97002.0,61.1,1344,Medium
BLW-LOC-0112,Diesel Engine Auxiliary,Locomotive,High,85,3650,2020-04-19,2026-05-01,2354,18.1,37556.0,76.1,3.6,0.8,0,231,2025-09-12,44662.0,58.6,1254,High
BLW-LOC-0112,Diesel Engine Auxiliary,Locomotive,High,85,3650,2020-04-19,2026-05-16,2369,18.1,37827.5,59.1,4.44,0.862,2,295,2025-07-25,115850.0,56.7,1303,High
BLW-LOC-0113,Diesel Engine Auxiliary,Locomotive,High,85,3650,2024-05-27,2026-01-01,735,16.7,8916.0,75.2,3.38,0.824,6,324,2025-02-11,67264.0,64.4,1697,High
BLW-LOC-0113,Diesel Engine Auxiliary,Locomotive,High,85,3650,2024-05-27,2026-01-16,750,16.7,9166.5,82.1,2.02,0.81,6,244,2025-05-17,60581.0,67.8,1700,High
BLW-LOC-0113,Diesel Engine Auxiliary,Locomotive,High,85,3650,2024-05-27,2026-01-31,765,16.7,9417.0,89.5,5.72,0.985,0,273,2025-05-03,33915.0,62.5,1342,High
BLW-LOC-0113,Diesel Engine Auxiliary,Locomotive,High,85,3650,2024-05-27,2026-02-15,780,16.7,9667.5,42.1,3.45,0.826,5,7,2026-02-08,134341.0,80.0,1811,Low
BLW-LOC-0113,Diesel Engine Auxiliary,Locomotive,High,85,3650,2024-05-27,2026-03-02,795,16.7,9918.0,76.4,1.56,0.757,8,97,2025-11-25,7598.0,70.0,1891,Low
BLW-LOC-0113,Diesel Engine Auxiliary,Locomotive,High,85,3650,2024-05-27,2026-03-17,810,16.7,10168.5,80.5,4.14,0.989,0,320,2025-05-01,111372.0,68.2,1626,High
BLW-LOC-0113,Diesel Engine Auxiliary,Locomotive,High,85,3650,2024-05-27,2026-04-01,825,16.7,10419.0,71.7,4.84,0.898,3,355,2025-04-11,132163.0,64.9,1546,High
BLW-LOC-0113,Diesel Engine Auxiliary,Locomotive,High,85,3650,2024-05-27,2026-04-16,840,16.7,10669.5,94.2,6.35,0.764,4,66,2026-02-09,19893.0,56.6,1259,Medium
BLW-LOC-0113,Diesel Engine Auxiliary,Locomotive,High,85,3650,2024-05-27,2026-05-01,855,16.7,10920.0,96.2,3.23,0.55,8,301,2025-07-04,49387.0,54.0,1491,High
BLW-LOC-0113,Diesel Engine Auxiliary,Locomotive,High,85,3650,2024-05-27,2026-05-16,870,16.7,11170.5,59.1,3.22,1.083,1,23,2026-04-23,48239.0,89.0,1965,Low
BLW-LOC-0114,Air Compressor,Locomotive,High,22,3650,2022-07-22,2026-01-01,1410,16.2,20076.0,75.4,3.6,0.834,5,222,2025-05-24,133756.0,61.0,1371,High
BLW-LOC-0114,Air Compressor,Locomotive,High,22,3650,2022-07-22,2026-01-16,1425,16.2,20319.0,66.7,4.76,0.85,2,175,2025-07-25,149440.0,68.0,1410,Medium
BLW-LOC-0114,Air Compressor,Locomotive,High,22,3650,2022-07-22,2026-01-31,1440,16.2,20562.0,78.8,2.49,0.861,7,183,2025-08-01,113767.0,56.5,1433,High
BLW-LOC-0114,Air Compressor,Locomotive,High,22,3650,2022-07-22,2026-02-15,1455,16.2,20805.0,58.9,4.48,0.951,2,206,2025-07-24,7773.0,66.0,1655,High
BLW-LOC-0114,Air Compressor,Locomotive,High,22,3650,2022-07-22,2026-03-02,1470,16.2,21048.0,118.7,3.76,0.793,3,67,2025-12-25,35623.0,57.1,917,Medium
BLW-LOC-0114,Air Compressor,Locomotive,High,22,3650,2022-07-22,2026-03-17,1485,16.2,21291.0,82.3,3.97,1.036,0,301,2025-05-20,78172.0,62.7,1340,High
BLW-LOC-0114,Air Compressor,Locomotive,High,22,3650,2022-07-22,2026-04-01,1500,16.2,21534.0,68.5,3.39,0.759,1,187,2025-09-26,108111.0,70.9,1513,High
BLW-LOC-0114,Air Compressor,Locomotive,High,22,3650,2022-07-22,2026-04-16,1515,16.2,21777.0,61.2,5.36,0.825,0,192,2025-10-06,132099.0,67.6,1474,High
BLW-LOC-0114,Air Compressor,Locomotive,High,22,3650,2022-07-22,2026-05-01,1530,16.2,22020.0,85.4,1.8,0.93,4,273,2025-08-01,95355.0,58.9,1588,High
BLW-LOC-0114,Air Compressor,Locomotive,High,22,3650,2022-07-22,2026-05-16,1545,16.2,22263.0,93.1,3.47,0.806,0,338,2025-06-12,20676.0,58.2,1339,High
BLW-MFG-0115,CNC Wheel Lathe,Manufacturing,High,45,3650,2020-04-08,2026-01-01,2245,15.7,29080.0,64.7,2.6,0.826,6,63,2025-10-30,84356.0,60.6,1367,Medium
BLW-MFG-0115,CNC Wheel Lathe,Manufacturing,High,45,3650,2020-04-08,2026-01-16,2260,15.7,29315.5,40.8,3.73,0.855,7,359,2025-01-22,27203.0,48.8,1470,High
BLW-MFG-0115,CNC Wheel Lathe,Manufacturing,High,45,3650,2020-04-08,2026-01-31,2275,15.7,29551.0,67.6,1.97,0.916,0,154,2025-08-30,66026.0,71.0,1487,Medium
BLW-MFG-0115,CNC Wheel Lathe,Manufacturing,High,45,3650,2020-04-08,2026-02-15,2290,15.7,29786.5,62.3,3.36,0.809,1,339,2025-03-13,80445.0,62.4,1265,High
BLW-MFG-0115,CNC Wheel Lathe,Manufacturing,High,45,3650,2020-04-08,2026-03-02,2305,15.7,30022.0,63.0,4.55,0.763,2,214,2025-07-31,125445.0,58.4,1260,High
BLW-MFG-0115,CNC Wheel Lathe,Manufacturing,High,45,3650,2020-04-08,2026-03-17,2320,15.7,30257.5,54.4,1.06,0.822,1,261,2025-06-29,109221.0,68.9,1526,High
BLW-MFG-0115,CNC Wheel Lathe,Manufacturing,High,45,3650,2020-04-08,2026-04-01,2335,15.7,30493.0,68.1,3.14,0.952,1,144,2025-11-08,21532.0,65.0,1316,Medium
BLW-MFG-0115,CNC Wheel Lathe,Manufacturing,High,45,3650,2020-04-08,2026-04-16,2350,15.7,30728.5,67.2,3.67,0.996,1,254,2025-08-05,33804.0,60.1,1329,High
BLW-MFG-0115,CNC Wheel Lathe,Manufacturing,High,45,3650,2020-04-08,2026-05-01,2365,15.7,30964.0,75.5,2.31,0.862,3,134,2025-12-18,125567.0,59.3,1208,Medium
BLW-MFG-0115,CNC Wheel Lathe,Manufacturing,High,45,3650,2020-04-08,2026-05-16,2380,15.7,31199.5,76.6,2.9,0.885,3,183,2025-11-14,106998.0,57.9,1205,High
BLW-LOC-0116,Air Compressor,Locomotive,High,22,3650,2020-11-24,2026-01-01,2015,6.6,11290.0,77.3,2.02,1.017,3,352,2025-01-14,140303.0,60.9,1515,High
BLW-LOC-0116,Air Compressor,Locomotive,High,22,3650,2020-11-24,2026-01-16,2030,6.6,11389.0,63.2,4.23,0.815,5,120,2025-09-18,5397.0,64.0,1550,Medium
BLW-LOC-0116,Air Compressor,Locomotive,High,22,3650,2020-11-24,2026-01-31,2045,6.6,11488.0,80.0,4.22,0.742,1,56,2025-12-06,126109.0,65.0,1352,Medium
BLW-LOC-0116,Air Compressor,Locomotive,High,22,3650,2020-11-24,2026-02-15,2060,6.6,11587.0,75.6,4.4,0.855,7,76,2025-12-01,142670.0,57.2,1218,Medium
BLW-LOC-0116,Air Compressor,Locomotive,High,22,3650,2020-11-24,2026-03-02,2075,6.6,11686.0,109.5,3.5,0.954,8,38,2026-01-23,109917.0,44.1,1047,High
BLW-LOC-0116,Air Compressor,Locomotive,High,22,3650,2020-11-24,2026-03-17,2090,6.6,11785.0,62.5,4.29,0.832,1,131,2025-11-06,98429.0,71.8,1576,Medium
BLW-LOC-0116,Air Compressor,Locomotive,High,22,3650,2020-11-24,2026-04-01,2105,6.6,11884.0,64.3,2.98,0.935,7,151,2025-11-01,43298.0,66.8,1546,Medium
BLW-LOC-0116,Air Compressor,Locomotive,High,22,3650,2020-11-24,2026-04-16,2120,6.6,11983.0,92.5,3.72,1.118,0,51,2026-02-24,122911.0,62.9,1267,Medium
BLW-LOC-0116,Air Compressor,Locomotive,High,22,3650,2020-11-24,2026-05-01,2135,6.6,12082.0,60.0,0.89,0.926,0,148,2025-12-04,57231.0,81.2,1714,Medium
BLW-LOC-0116,Air Compressor,Locomotive,High,22,3650,2020-11-24,2026-05-16,2150,6.6,12181.0,83.6,7.67,0.864,5,218,2025-10-10,112088.0,46.4,967,High
BLW-MFG-0117,Welding Robot,Manufacturing,Medium,18,2920,2024-10-09,2026-01-01,600,16.6,7109.0,68.5,2.59,0.779,2,339,2025-01-27,98844.0,77.4,1559,High
BLW-MFG-0117,Welding Robot,Manufacturing,Medium,18,2920,2024-10-09,2026-01-16,615,16.6,7358.0,67.4,0.78,0.789,5,183,2025-07-17,134707.0,79.9,1481,High
BLW-MFG-0117,Welding Robot,Manufacturing,Medium,18,2920,2024-10-09,2026-01-31,630,16.6,7607.0,79.8,4.2,0.852,4,47,2025-12-15,59030.0,68.6,1116,Medium
BLW-MFG-0117,Welding Robot,Manufacturing,Medium,18,2920,2024-10-09,2026-02-15,645,16.6,7856.0,75.6,2.22,0.853,5,93,2025-11-14,21506.0,72.5,1399,Low
BLW-MFG-0117,Welding Robot,Manufacturing,Medium,18,2920,2024-10-09,2026-03-02,660,16.6,8105.0,68.6,3.24,0.729,6,233,2025-07-12,44416.0,70.2,1365,High
BLW-MFG-0117,Welding Robot,Manufacturing,Medium,18,2920,2024-10-09,2026-03-17,675,16.6,8354.0,48.9,2.95,0.848,6,353,2025-03-29,128347.0,69.6,1596,High
BLW-MFG-0117,Welding Robot,Manufacturing,Medium,18,2920,2024-10-09,2026-04-01,690,16.6,8603.0,67.0,2.99,0.74,6,332,2025-05-04,133488.0,68.3,1448,High
BLW-MFG-0117,Welding Robot,Manufacturing,Medium,18,2920,2024-10-09,2026-04-16,705,16.6,8852.0,65.6,1.44,0.999,2,57,2026-02-18,24214.0,83.6,1487,Low
BLW-MFG-0117,Welding Robot,Manufacturing,Medium,18,2920,2024-10-09,2026-05-01,720,16.6,9101.0,75.7,2.12,0.711,0,81,2026-02-09,20038.0,80.8,1508,Low
BLW-MFG-0117,Welding Robot,Manufacturing,Medium,18,2920,2024-10-09,2026-05-16,735,16.6,9350.0,65.7,5.88,0.766,7,291,2025-07-29,103367.0,56.9,1227,High
BLW-MFG-0118,Compressor Unit,Manufacturing,Medium,37,3650,2023-06-05,2026-01-01,1092,11.3,9965.0,67.9,2.38,0.881,0,350,2025-01-16,132593.0,75.1,1688,High
BLW-MFG-0118,Compressor Unit,Manufacturing,Medium,37,3650,2023-06-05,2026-01-16,1107,11.3,10134.5,44.2,0.85,0.773,2,247,2025-05-14,138458.0,79.7,1845,High
BLW-MFG-0118,Compressor Unit,Manufacturing,Medium,37,3650,2023-06-05,2026-01-31,1122,11.3,10304.0,81.5,4.01,0.797,1,210,2025-07-05,68900.0,65.6,1499,High
BLW-MFG-0118,Compressor Unit,Manufacturing,Medium,37,3650,2023-06-05,2026-02-15,1137,11.3,10473.5,60.2,2.36,0.765,1,133,2025-10-05,99971.0,83.0,1848,Medium
BLW-MFG-0118,Compressor Unit,Manufacturing,Medium,37,3650,2023-06-05,2026-03-02,1152,11.3,10643.0,60.6,3.19,0.876,0,360,2025-03-07,130908.0,75.4,1941,High
BLW-MFG-0118,Compressor Unit,Manufacturing,Medium,37,3650,2023-06-05,2026-03-17,1167,11.3,10812.5,57.2,1.59,0.883,8,295,2025-05-26,109947.0,66.8,1887,High
BLW-MFG-0118,Compressor Unit,Manufacturing,Medium,37,3650,2023-06-05,2026-04-01,1182,11.3,10982.0,41.0,4.35,0.917,3,342,2025-04-24,131606.0,66.4,1592,High
BLW-MFG-0118,Compressor Unit,Manufacturing,Medium,37,3650,2023-06-05,2026-04-16,1197,11.3,11151.5,90.7,2.49,0.772,8,267,2025-07-23,104795.0,51.6,1482,High
BLW-MFG-0118,Compressor Unit,Manufacturing,Medium,37,3650,2023-06-05,2026-05-01,1212,11.3,11321.0,68.7,3.84,0.72,1,221,2025-09-22,100948.0,71.4,1724,High
BLW-MFG-0118,Compressor Unit,Manufacturing,Medium,37,3650,2023-06-05,2026-05-16,1227,11.3,11490.5,84.3,1.84,0.973,3,246,2025-09-12,55134.0,68.7,1741,High
BLW-LOC-0119,Brake System,Locomotive,Critical,12,2920,2020-10-31,2026-01-01,2039,17.7,31308.0,76.9,0.47,0.832,0,5,2025-12-27,98293.0,67.3,901,Medium
BLW-LOC-0119,Brake System,Locomotive,Critical,12,2920,2020-10-31,2026-01-16,2054,17.7,31573.5,73.0,3.34,0.507,2,258,2025-05-03,128083.0,55.2,836,High
BLW-LOC-0119,Brake System,Locomotive,Critical,12,2920,2020-10-31,2026-01-31,2069,17.7,31839.0,87.2,3.5,1.011,7,84,2025-11-08,15855.0,42.9,697,High
BLW-LOC-0119,Brake System,Locomotive,Critical,12,2920,2020-10-31,2026-02-15,2084,17.7,32104.5,67.0,4.61,0.64,7,164,2025-09-04,39929.0,45.8,765,High
BLW-LOC-0119,Brake System,Locomotive,Critical,12,2920,2020-10-31,2026-03-02,2099,17.7,32370.0,100.0,3.89,0.947,4,25,2026-02-05,78505.0,43.2,537,High
BLW-LOC-0119,Brake System,Locomotive,Critical,12,2920,2020-10-31,2026-03-17,2114,17.7,32635.5,69.1,4.56,0.895,8,329,2025-04-22,59902.0,39.5,803,High
BLW-LOC-0119,Brake System,Locomotive,Critical,12,2920,2020-10-31,2026-04-01,2129,17.7,32901.0,68.3,2.84,0.892,3,40,2026-02-20,71569.0,56.8,1021,Medium
BLW-LOC-0119,Brake System,Locomotive,Critical,12,2920,2020-10-31,2026-04-16,2144,17.7,33166.5,90.2,5.32,0.695,7,45,2026-03-02,129205.0,38.6,622,High
BLW-LOC-0119,Brake System,Locomotive,Critical,12,2920,2020-10-31,2026-05-01,2159,17.7,33432.0,64.6,4.83,0.89,7,161,2025-11-21,22212.0,42.9,836,High
BLW-LOC-0119,Brake System,Locomotive,Critical,12,2920,2020-10-31,2026-05-16,2174,17.7,33697.5,97.7,3.23,1.035,7,334,2025-06-16,7577.0,29.5,584,Critical
BLW-LOC-0120,Brake System,Locomotive,Critical,12,2920,2022-04-24,2026-01-01,1499,6.5,8425.0,80.0,3.53,0.764,1,309,2025-02-26,144660.0,64.4,1150,High
BLW-LOC-0120,Brake System,Locomotive,Critical,12,2920,2022-04-24,2026-01-16,1514,6.5,8522.5,91.7,3.4,0.927,4,260,2025-05-01,86538.0,54.2,1109,High
BLW-LOC-0120,Brake System,Locomotive,Critical,12,2920,2022-04-24,2026-01-31,1529,6.5,8620.0,67.4,6.13,0.864,7,174,2025-08-10,57685.0,51.3,1088,Medium
BLW-LOC-0120,Brake System,Locomotive,Critical,12,2920,2022-04-24,2026-02-15,1544,6.5,8717.5,82.3,4.67,1.012,0,114,2025-10-24,127426.0,66.5,1002,Medium
BLW-LOC-0120,Brake System,Locomotive,Critical,12,2920,2022-04-24,2026-03-02,1559,6.5,8815.0,95.8,3.7,0.952,5,286,2025-05-20,116275.0,46.5,964,High
BLW-LOC-0120,Brake System,Locomotive,Critical,12,2920,2022-04-24,2026-03-17,1574,6.5,8912.5,72.4,5.73,0.95,7,336,2025-04-15,57678.0,48.4,1025,High
BLW-LOC-0120,Brake System,Locomotive,Critical,12,2920,2022-04-24,2026-04-01,1589,6.5,9010.0,67.8,5.75,1.119,7,58,2026-02-02,19128.0,58.1,1122,Medium
BLW-LOC-0120,Brake System,Locomotive,Critical,12,2920,2022-04-24,2026-04-16,1604,6.5,9107.5,75.1,2.89,0.89,3,1,2026-04-15,54497.0,72.6,1168,Low
BLW-LOC-0120,Brake System,Locomotive,Critical,12,2920,2022-04-24,2026-05-01,1619,6.5,9205.0,92.5,4.27,0.77,4,280,2025-07-25,80688.0,52.1,982,High
BLW-LOC-0120,Brake System,Locomotive,Critical,12,2920,2022-04-24,2026-05-16,1634,6.5,9302.5,87.8,5.33,0.749,1,23,2026-04-23,135047.0,63.3,879,Medium
BLW-LOC-0121,Diesel Engine Auxiliary,Locomotive,High,85,3650,2020-10-14,2026-01-01,2056,17.5,33201.0,61.3,2.74,0.737,6,54,2025-11-08,41872.0,61.5,1396,Medium
BLW-LOC-0121,Diesel Engine Auxiliary,Locomotive,High,85,3650,2020-10-14,2026-01-16,2071,17.5,33463.5,91.4,3.16,0.665,3,96,2025-10-12,22508.0,55.0,1041,Medium
BLW-LOC-0121,Diesel Engine Auxiliary,Locomotive,High,85,3650,2020-10-14,2026-01-31,2086,17.5,33726.0,78.7,4.14,0.884,6,110,2025-10-13,71272.0,51.2,1144,Medium
BLW-LOC-0121,Diesel Engine Auxiliary,Locomotive,High,85,3650,2020-10-14,2026-02-15,2101,17.5,33988.5,67.5,6.26,0.888,3,173,2025-08-26,20626.0,51.2,1146,Medium
BLW-LOC-0121,Diesel Engine Auxiliary,Locomotive,High,85,3650,2020-10-14,2026-03-02,2116,17.5,34251.0,84.9,4.18,1.169,6,23,2026-02-07,139361.0,49.0,1032,High
BLW-LOC-0121,Diesel Engine Auxiliary,Locomotive,High,85,3650,2020-10-14,2026-03-17,2131,17.5,34513.5,83.7,5.04,0.694,1,230,2025-07-30,71321.0,47.6,1005,High
BLW-LOC-0121,Diesel Engine Auxiliary,Locomotive,High,85,3650,2020-10-14,2026-04-01,2146,17.5,34776.0,58.3,3.29,0.94,8,68,2026-01-23,144759.0,55.9,1267,Medium
BLW-LOC-0121,Diesel Engine Auxiliary,Locomotive,High,85,3650,2020-10-14,2026-04-16,2161,17.5,35038.5,84.6,4.89,0.682,0,271,2025-07-19,111751.0,52.6,1089,High
BLW-LOC-0121,Diesel Engine Auxiliary,Locomotive,High,85,3650,2020-10-14,2026-05-01,2176,17.5,35301.0,98.7,5.36,1.154,8,221,2025-09-22,126628.0,30.7,798,High
BLW-LOC-0121,Diesel Engine Auxiliary,Locomotive,High,85,3650,2020-10-14,2026-05-16,2191,17.5,35563.5,79.0,3.95,1.079,7,260,2025-08-29,118257.0,42.1,1073,High
BLW-MFG-0122,Compressor Unit,Manufacturing,Medium,37,3650,2023-11-17,2026-01-01,927,14.1,12014.0,81.5,3.72,0.784,2,53,2025-11-09,61174.0,73.3,1594,Low
BLW-MFG-0122,Compressor Unit,Manufacturing,Medium,37,3650,2023-11-17,2026-01-16,942,14.1,12225.5,83.8,2.92,0.928,5,258,2025-05-03,132802.0,66.3,1627,High
BLW-MFG-0122,Compressor Unit,Manufacturing,Medium,37,3650,2023-11-17,2026-01-31,957,14.1,12437.0,67.2,3.55,0.793,6,311,2025-03-26,137807.0,67.4,1707,High
BLW-MFG-0122,Compressor Unit,Manufacturing,Medium,37,3650,2023-11-17,2026-02-15,972,14.1,12648.5,64.1,2.2,0.945,3,140,2025-09-28,62691.0,80.6,1804,Medium
BLW-MFG-0122,Compressor Unit,Manufacturing,Medium,37,3650,2023-11-17,2026-03-02,987,14.1,12860.0,75.1,1.64,0.858,5,150,2025-10-03,70663.0,72.3,1886,Medium
BLW-MFG-0122,Compressor Unit,Manufacturing,Medium,37,3650,2023-11-17,2026-03-17,1002,14.1,13071.5,59.8,1.9,0.755,2,70,2026-01-06,64848.0,83.3,2043,Low
BLW-MFG-0122,Compressor Unit,Manufacturing,Medium,37,3650,2023-11-17,2026-04-01,1017,14.1,13283.0,88.4,3.39,0.972,8,153,2025-10-30,127246.0,56.8,1466,Medium
BLW-MFG-0122,Compressor Unit,Manufacturing,Medium,37,3650,2023-11-17,2026-04-16,1032,14.1,13494.5,66.6,2.87,0.7,8,160,2025-11-07,108222.0,67.1,1730,Medium
BLW-MFG-0122,Compressor Unit,Manufacturing,Medium,37,3650,2023-11-17,2026-05-01,1047,14.1,13706.0,80.3,3.28,0.844,8,323,2025-06-12,36515.0,54.2,1569,High
BLW-MFG-0122,Compressor Unit,Manufacturing,Medium,37,3650,2023-11-17,2026-05-16,1062,14.1,13917.5,81.1,2.22,0.874,3,319,2025-07-01,108586.0,67.8,1617,High
BLW-LOC-0123,Cooling System,Locomotive,High,18,3285,2023-10-09,2026-01-01,966,7.9,6968.0,69.2,3.78,0.714,2,257,2025-04-19,83661.0,72.2,1444,High
BLW-LOC-0123,Cooling System,Locomotive,High,18,3285,2023-10-09,2026-01-16,981,7.9,7086.5,94.7,6.36,0.752,5,363,2025-01-18,21734.0,46.3,1025,High
BLW-LOC-0123,Cooling System,Locomotive,High,18,3285,2023-10-09,2026-01-31,996,7.9,7205.0,95.2,2.08,0.918,5,287,2025-04-19,74654.0,58.9,1349,High
BLW-LOC-0123,Cooling System,Locomotive,High,18,3285,2023-10-09,2026-02-15,1011,7.9,7323.5,64.9,4.64,0.765,6,345,2025-03-07,113441.0,62.0,1436,High
BLW-LOC-0123,Cooling System,Locomotive,High,18,3285,2023-10-09,2026-03-02,1026,7.9,7442.0,79.5,3.88,0.779,8,146,2025-10-07,132234.0,59.9,1466,Medium
BLW-LOC-0123,Cooling System,Locomotive,High,18,3285,2023-10-09,2026-03-17,1041,7.9,7560.5,70.3,5.16,1.055,6,6,2026-03-11,80796.0,65.7,1273,Medium
BLW-LOC-0123,Cooling System,Locomotive,High,18,3285,2023-10-09,2026-04-01,1056,7.9,7679.0,87.3,3.14,1.104,0,195,2025-09-18,26072.0,71.8,1345,High
BLW-LOC-0123,Cooling System,Locomotive,High,18,3285,2023-10-09,2026-04-16,1071,7.9,7797.5,66.4,5.16,0.816,0,102,2026-01-04,43712.0,76.7,1525,Low
BLW-LOC-0123,Cooling System,Locomotive,High,18,3285,2023-10-09,2026-05-01,1086,7.9,7916.0,77.1,3.84,0.888,2,146,2025-12-06,104092.0,72.5,1475,Medium
BLW-LOC-0123,Cooling System,Locomotive,High,18,3285,2023-10-09,2026-05-16,1101,7.9,8034.5,81.9,4.03,0.85,2,31,2026-04-15,105136.0,69.9,1391,Medium
BLW-LOC-0124,Air Compressor,Locomotive,High,22,3650,2021-02-21,2026-01-01,1926,16.6,22690.0,106.4,2.44,0.757,7,52,2025-11-10,94336.0,46.4,1107,High
BLW-LOC-0124,Air Compressor,Locomotive,High,22,3650,2021-02-21,2026-01-16,1941,16.6,22939.0,85.5,3.36,0.745,8,114,2025-09-24,112650.0,50.0,1113,Medium
BLW-LOC-0124,Air Compressor,Locomotive,High,22,3650,2021-02-21,2026-01-31,1956,16.6,23188.0,81.8,4.65,0.71,8,199,2025-07-16,39451.0,42.8,1235,High
BLW-LOC-0124,Air Compressor,Locomotive,High,22,3650,2021-02-21,2026-02-15,1971,16.6,23437.0,71.2,5.01,0.847,4,354,2025-02-26,101352.0,50.9,1290,High
BLW-LOC-0124,Air Compressor,Locomotive,High,22,3650,2021-02-21,2026-03-02,1986,16.6,23686.0,67.9,3.86,0.824,6,198,2025-08-16,65402.0,54.7,1394,High
BLW-LOC-0124,Air Compressor,Locomotive,High,22,3650,2021-02-21,2026-03-17,2001,16.6,23935.0,78.1,3.56,0.73,5,282,2025-06-08,12801.0,55.3,1352,High
BLW-LOC-0124,Air Compressor,Locomotive,High,22,3650,2021-02-21,2026-04-01,2016,16.6,24184.0,97.3,3.43,0.672,4,103,2025-12-19,94981.0,55.3,1108,Medium
BLW-LOC-0124,Air Compressor,Locomotive,High,22,3650,2021-02-21,2026-04-16,2031,16.6,24433.0,72.4,4.35,1.025,7,115,2025-12-22,137166.0,53.8,1358,Medium
BLW-LOC-0124,Air Compressor,Locomotive,High,22,3650,2021-02-21,2026-05-01,2046,16.6,24682.0,100.6,2.61,0.809,5,301,2025-07-04,84259.0,47.7,980,High
BLW-LOC-0124,Air Compressor,Locomotive,High,22,3650,2021-02-21,2026-05-16,2061,16.6,24931.0,83.0,2.23,0.838,3,99,2026-02-06,47656.0,63.2,1341,Medium
BLW-MFG-0125,Compressor Unit,Manufacturing,Medium,37,3650,2023-10-30,2026-01-01,945,7.0,6541.0,58.4,1.81,1.049,8,61,2025-11-01,59694.0,79.3,1800,Low
BLW-MFG-0125,Compressor Unit,Manufacturing,Medium,37,3650,2023-10-30,2026-01-16,960,7.0,6646.0,84.8,2.49,0.838,6,142,2025-08-27,85707.0,66.4,1585,Medium
BLW-MFG-0125,Compressor Unit,Manufacturing,Medium,37,3650,2023-10-30,2026-01-31,975,7.0,6751.0,78.4,3.01,0.782,2,82,2025-11-10,89678.0,74.4,1621,Low
BLW-MFG-0125,Compressor Unit,Manufacturing,Medium,37,3650,2023-10-30,2026-02-15,990,7.0,6856.0,47.7,2.96,0.715,4,2,2026-02-13,52932.0,82.0,1999,Low
BLW-MFG-0125,Compressor Unit,Manufacturing,Medium,37,3650,2023-10-30,2026-03-02,1005,7.0,6961.0,82.6,2.97,0.831,2,20,2026-02-10,27287.0,79.3,1700,Low
BLW-MFG-0125,Compressor Unit,Manufacturing,Medium,37,3650,2023-10-30,2026-03-17,1020,7.0,7066.0,65.1,1.77,0.884,5,305,2025-05-16,12374.0,74.3,1824,High
BLW-MFG-0125,Compressor Unit,Manufacturing,Medium,37,3650,2023-10-30,2026-04-01,1035,7.0,7171.0,73.3,2.77,0.832,4,251,2025-07-24,119537.0,67.0,1731,High
BLW-MFG-0125,Compressor Unit,Manufacturing,Medium,37,3650,2023-10-30,2026-04-16,1050,7.0,7276.0,82.2,2.58,0.86,8,183,2025-10-15,15568.0,61.3,1672,High
BLW-MFG-0125,Compressor Unit,Manufacturing,Medium,37,3650,2023-10-30,2026-05-01,1065,7.0,7381.0,68.8,2.35,0.993,5,269,2025-08-05,36894.0,72.9,1765,High
BLW-MFG-0125,Compressor Unit,Manufacturing,Medium,37,3650,2023-10-30,2026-05-16,1080,7.0,7486.0,78.2,3.73,0.929,2,266,2025-08-23,14886.0,66.6,1727,High
BLW-MFG-0126,Compressor Unit,Manufacturing,Medium,37,3650,2022-05-01,2026-01-01,1492,13.6,16660.0,58.2,2.48,1.084,5,113,2025-09-10,133093.0,73.0,1687,Low
BLW-MFG-0126,Compressor Unit,Manufacturing,Medium,37,3650,2022-05-01,2026-01-16,1507,13.6,16864.0,39.3,4.1,0.69,5,169,2025-07-31,57316.0,64.6,1571,Medium
BLW-MFG-0126,Compressor Unit,Manufacturing,Medium,37,3650,2022-05-01,2026-01-31,1522,13.6,17068.0,83.6,3.6,0.814,3,316,2025-03-21,81922.0,58.2,1370,High
BLW-MFG-0126,Compressor Unit,Manufacturing,Medium,37,3650,2022-05-01,2026-02-15,1537,13.6,17272.0,69.1,3.02,0.932,8,332,2025-03-20,6277.0,57.2,1601,High
BLW-MFG-0126,Compressor Unit,Manufacturing,Medium,37,3650,2022-05-01,2026-03-02,1552,13.6,17476.0,63.9,3.67,0.831,5,228,2025-07-17,39850.0,62.6,1558,High
BLW-MFG-0126,Compressor Unit,Manufacturing,Medium,37,3650,2022-05-01,2026-03-17,1567,13.6,17680.0,70.0,3.87,0.827,3,20,2026-02-25,103970.0,68.7,1534,Medium
BLW-MFG-0126,Compressor Unit,Manufacturing,Medium,37,3650,2022-05-01,2026-04-01,1582,13.6,17884.0,71.2,3.27,0.942,5,195,2025-09-18,137810.0,64.9,1501,High
BLW-MFG-0126,Compressor Unit,Manufacturing,Medium,37,3650,2022-05-01,2026-04-16,1597,13.6,18088.0,63.2,2.21,0.925,1,197,2025-10-01,42206.0,79.1,1713,High
BLW-MFG-0126,Compressor Unit,Manufacturing,Medium,37,3650,2022-05-01,2026-05-01,1612,13.6,18292.0,68.5,4.52,0.911,4,12,2026-04-19,137144.0,68.3,1399,Medium
BLW-MFG-0126,Compressor Unit,Manufacturing,Medium,37,3650,2022-05-01,2026-05-16,1627,13.6,18496.0,80.3,2.41,0.752,5,263,2025-08-26,121408.0,59.9,1475,High
BLW-LOC-0127,Axle Bearing Assembly,Locomotive,Critical,0,4015,2022-09-23,2026-01-01,1347,6.6,8619.0,74.7,1.77,0.965,3,164,2025-07-21,79515.0,76.5,1697,Medium
BLW-LOC-0127,Axle Bearing Assembly,Locomotive,Critical,0,4015,2022-09-23,2026-01-16,1362,6.6,8718.0,93.5,2.58,0.958,1,85,2025-10-23,145886.0,71.2,1623,Low
BLW-LOC-0127,Axle Bearing Assembly,Locomotive,Critical,0,4015,2022-09-23,2026-01-31,1377,6.6,8817.0,76.8,5.05,0.711,8,273,2025-05-03,6063.0,53.7,1615,High
BLW-LOC-0127,Axle Bearing Assembly,Locomotive,Critical,0,4015,2022-09-23,2026-02-15,1392,6.6,8916.0,91.1,6.44,0.802,1,107,2025-10-31,102199.0,61.5,1294,Medium
BLW-LOC-0127,Axle Bearing Assembly,Locomotive,Critical,0,4015,2022-09-23,2026-03-02,1407,6.6,9015.0,99.7,3.69,0.823,3,350,2025-03-17,66510.0,56.5,1391,High
BLW-LOC-0127,Axle Bearing Assembly,Locomotive,Critical,0,4015,2022-09-23,2026-03-17,1422,6.6,9114.0,60.8,3.13,0.949,1,105,2025-12-02,82974.0,84.3,1975,Low
BLW-LOC-0127,Axle Bearing Assembly,Locomotive,Critical,0,4015,2022-09-23,2026-04-01,1437,6.6,9213.0,102.6,2.17,0.827,6,331,2025-05-05,123429.0,52.6,1491,High
BLW-LOC-0127,Axle Bearing Assembly,Locomotive,Critical,0,4015,2022-09-23,2026-04-16,1452,6.6,9312.0,84.9,4.68,0.832,1,351,2025-04-30,27294.0,61.3,1531,High
BLW-LOC-0127,Axle Bearing Assembly,Locomotive,Critical,0,4015,2022-09-23,2026-05-01,1467,6.6,9411.0,70.5,3.76,0.873,7,169,2025-11-13,10494.0,63.6,1736,Medium
BLW-LOC-0127,Axle Bearing Assembly,Locomotive,Critical,0,4015,2022-09-23,2026-05-16,1482,6.6,9510.0,86.3,3.43,1.048,1,27,2026-04-19,30809.0,71.5,1571,Low
BLW-LOC-0128,Traction Motor,Locomotive,Critical,350,4380,2023-02-16,2026-01-01,1201,7.0,7957.0,119.7,2.25,0.688,4,208,2025-06-07,61265.0,59.6,1332,High
BLW-LOC-0128,Traction Motor,Locomotive,Critical,350,4380,2023-02-16,2026-01-16,1216,7.0,8062.0,75.3,6.12,0.67,6,221,2025-06-09,50879.0,53.9,1542,High
BLW-LOC-0128,Traction Motor,Locomotive,Critical,350,4380,2023-02-16,2026-01-31,1231,7.0,8167.0,93.1,4.95,0.798,6,344,2025-02-21,22154.0,50.8,1656,High
BLW-LOC-0128,Traction Motor,Locomotive,Critical,350,4380,2023-02-16,2026-02-15,1246,7.0,8272.0,107.2,3.35,0.589,0,328,2025-03-24,109441.0,59.0,1550,High
BLW-LOC-0128,Traction Motor,Locomotive,Critical,350,4380,2023-02-16,2026-03-02,1261,7.0,8377.0,77.3,3.47,1.004,1,299,2025-05-07,11600.0,72.7,1938,High
BLW-LOC-0128,Traction Motor,Locomotive,Critical,350,4380,2023-02-16,2026-03-17,1276,7.0,8482.0,98.5,4.18,0.883,1,183,2025-09-15,139567.0,64.8,1612,High
BLW-LOC-0128,Traction Motor,Locomotive,Critical,350,4380,2023-02-16,2026-04-01,1291,7.0,8587.0,113.7,2.07,0.818,1,148,2025-11-04,119099.0,65.9,1650,Medium
BLW-LOC-0128,Traction Motor,Locomotive,Critical,350,4380,2023-02-16,2026-04-16,1306,7.0,8692.0,102.6,3.82,0.714,4,310,2025-06-10,17543.0,55.2,1615,High
BLW-LOC-0128,Traction Motor,Locomotive,Critical,350,4380,2023-02-16,2026-05-01,1321,7.0,8797.0,55.3,3.9,0.699,7,195,2025-10-18,62291.0,67.5,1983,High
BLW-LOC-0128,Traction Motor,Locomotive,Critical,350,4380,2023-02-16,2026-05-16,1336,7.0,8902.0,97.3,4.09,0.741,0,242,2025-09-16,27667.0,65.7,1523,High
BLW-MFG-0129,Material Handling Crane,Manufacturing,Critical,75,7300,2020-10-06,2026-01-01,2064,16.5,31980.0,69.0,2.07,0.783,8,151,2025-08-03,144219.0,67.2,3448,Medium
BLW-MFG-0129,Material Handling Crane,Manufacturing,Critical,75,7300,2020-10-06,2026-01-16,2079,16.5,32227.5,81.8,2.78,0.856,2,152,2025-08-17,103207.0,69.3,3096,Medium
BLW-MFG-0129,Material Handling Crane,Manufacturing,Critical,75,7300,2020-10-06,2026-01-31,2094,16.5,32475.0,71.9,2.81,0.65,5,5,2026-01-26,85261.0,73.0,3286,Low
BLW-MFG-0129,Material Handling Crane,Manufacturing,Critical,75,7300,2020-10-06,2026-02-15,2109,16.5,32722.5,59.2,1.79,0.983,8,72,2025-12-05,22869.0,73.2,3528,Low
BLW-MFG-0129,Material Handling Crane,Manufacturing,Critical,75,7300,2020-10-06,2026-03-02,2124,16.5,32970.0,54.6,2.26,0.97,0,293,2025-05-13,91515.0,80.2,3565,High
BLW-MFG-0129,Material Handling Crane,Manufacturing,Critical,75,7300,2020-10-06,2026-03-17,2139,16.5,33217.5,75.1,2.32,0.995,8,280,2025-06-10,142312.0,61.7,3111,High
BLW-MFG-0129,Material Handling Crane,Manufacturing,Critical,75,7300,2020-10-06,2026-04-01,2154,16.5,33465.0,62.3,0.74,0.702,4,107,2025-12-15,113503.0,75.8,3612,Low
BLW-MFG-0129,Material Handling Crane,Manufacturing,Critical,75,7300,2020-10-06,2026-04-16,2169,16.5,33712.5,66.7,1.94,0.827,5,108,2025-12-29,64835.0,74.9,3566,Low
BLW-MFG-0129,Material Handling Crane,Manufacturing,Critical,75,7300,2020-10-06,2026-05-01,2184,16.5,33960.0,48.6,3.08,0.722,8,72,2026-02-18,28338.0,70.6,3524,Low
BLW-MFG-0129,Material Handling Crane,Manufacturing,Critical,75,7300,2020-10-06,2026-05-16,2199,16.5,34207.5,61.4,2.56,0.819,3,315,2025-07-05,126039.0,69.1,3593,High
BLW-MFG-0130,Paint Booth Ventilation,Manufacturing,Low,15,2555,2020-08-22,2026-01-01,2109,8.5,16849.0,61.7,3.67,0.71,0,281,2025-03-26,71883.0,60.8,887,High
BLW-MFG-0130,Paint Booth Ventilation,Manufacturing,Low,15,2555,2020-08-22,2026-01-16,2124,8.5,16976.5,53.7,1.79,0.925,8,37,2025-12-10,47145.0,58.8,1019,Medium
BLW-MFG-0130,Paint Booth Ventilation,Manufacturing,Low,15,2555,2020-08-22,2026-01-31,2139,8.5,17104.0,62.0,1.76,0.813,1,128,2025-09-25,19239.0,70.0,974,Medium
BLW-MFG-0130,Paint Booth Ventilation,Manufacturing,Low,15,2555,2020-08-22,2026-02-15,2154,8.5,17231.5,77.1,2.19,0.787,7,169,2025-08-30,56785.0,51.3,862,Medium
BLW-MFG-0130,Paint Booth Ventilation,Manufacturing,Low,15,2555,2020-08-22,2026-03-02,2169,8.5,17359.0,68.7,2.72,0.853,3,51,2026-01-10,46345.0,59.2,857,Medium
BLW-MFG-0130,Paint Booth Ventilation,Manufacturing,Low,15,2555,2020-08-22,2026-03-17,2184,8.5,17486.5,76.4,3.98,0.754,1,99,2025-12-08,51079.0,57.8,850,Medium
BLW-MFG-0130,Paint Booth Ventilation,Manufacturing,Low,15,2555,2020-08-22,2026-04-01,2199,8.5,17614.0,78.1,1.28,0.761,7,168,2025-10-15,94370.0,50.2,926,Medium
BLW-MFG-0130,Paint Booth Ventilation,Manufacturing,Low,15,2555,2020-08-22,2026-04-16,2214,8.5,17741.5,100.6,2.94,0.714,4,355,2025-04-26,89705.0,39.7,757,High
BLW-MFG-0130,Paint Booth Ventilation,Manufacturing,Low,15,2555,2020-08-22,2026-05-01,2229,8.5,17869.0,72.7,2.38,0.956,5,161,2025-11-21,144006.0,56.6,876,Medium
BLW-MFG-0130,Paint Booth Ventilation,Manufacturing,Low,15,2555,2020-08-22,2026-05-16,2244,8.5,17996.5,76.8,4.15,0.983,2,2,2026-05-14,50416.0,58.3,806,Medium
BLW-MFG-0131,Material Handling Crane,Manufacturing,Critical,75,7300,2023-12-29,2026-01-01,885,16.4,12059.0,79.7,1.71,0.864,5,68,2025-10-25,103539.0,74.7,3780,Low
BLW-MFG-0131,Material Handling Crane,Manufacturing,Critical,75,7300,2023-12-29,2026-01-16,900,16.4,12305.0,62.7,3.99,0.874,5,245,2025-05-16,72113.0,70.8,3893,High
BLW-MFG-0131,Material Handling Crane,Manufacturing,Critical,75,7300,2023-12-29,2026-01-31,915,16.4,12551.0,85.2,3.69,0.754,5,156,2025-08-28,75611.0,66.6,3214,Medium
BLW-MFG-0131,Material Handling Crane,Manufacturing,Critical,75,7300,2023-12-29,2026-02-15,930,16.4,12797.0,59.0,4.47,0.849,1,89,2025-11-18,98605.0,79.8,3747,Low
BLW-MFG-0131,Material Handling Crane,Manufacturing,Critical,75,7300,2023-12-29,2026-03-02,945,16.4,13043.0,64.0,2.93,0.803,1,143,2025-10-10,129513.0,86.6,4065,Medium
BLW-MFG-0131,Material Handling Crane,Manufacturing,Critical,75,7300,2023-12-29,2026-03-17,960,16.4,13289.0,72.4,2.74,0.841,2,275,2025-06-15,33483.0,77.1,3532,High
BLW-MFG-0131,Material Handling Crane,Manufacturing,Critical,75,7300,2023-12-29,2026-04-01,975,16.4,13535.0,76.7,3.51,1.004,1,38,2026-02-22,134355.0,83.3,3357,Low
BLW-MFG-0131,Material Handling Crane,Manufacturing,Critical,75,7300,2023-12-29,2026-04-16,990,16.4,13781.0,80.4,2.29,0.925,8,323,2025-05-28,9523.0,62.3,3295,High
BLW-MFG-0131,Material Handling Crane,Manufacturing,Critical,75,7300,2023-12-29,2026-05-01,1005,16.4,14027.0,74.8,0.79,0.685,6,302,2025-07-03,35850.0,70.1,3694,High
BLW-MFG-0131,Material Handling Crane,Manufacturing,Critical,75,7300,2023-12-29,2026-05-16,1020,16.4,14273.0,67.8,1.83,0.783,0,282,2025-08-07,42789.0,85.1,4051,High
BLW-LOC-0132,Diesel Engine Auxiliary,Locomotive,High,85,3650,2023-09-01,2026-01-01,1004,16.9,13739.0,77.8,4.89,0.898,3,301,2025-03-06,111318.0,59.1,1430,High
BLW-LOC-0132,Diesel Engine Auxiliary,Locomotive,High,85,3650,2023-09-01,2026-01-16,1019,16.9,13992.5,57.8,3.42,0.988,4,68,2025-11-09,72382.0,77.5,1869,Low
BLW-LOC-0132,Diesel Engine Auxiliary,Locomotive,High,85,3650,2023-09-01,2026-01-31,1034,16.9,14246.0,75.1,5.22,0.837,8,46,2025-12-16,62534.0,60.6,1409,Medium
BLW-LOC-0132,Diesel Engine Auxiliary,Locomotive,High,85,3650,2023-09-01,2026-02-15,1049,16.9,14499.5,91.0,5.42,0.842,8,5,2026-02-10,101088.0,52.9,1307,Medium
BLW-LOC-0132,Diesel Engine Auxiliary,Locomotive,High,85,3650,2023-09-01,2026-03-02,1064,16.9,14753.0,79.2,2.11,1.127,2,263,2025-06-12,25354.0,70.2,1677,High
BLW-LOC-0132,Diesel Engine Auxiliary,Locomotive,High,85,3650,2023-09-01,2026-03-17,1079,16.9,15006.5,99.3,3.02,0.754,2,91,2025-12-16,87122.0,65.3,1257,Medium
BLW-LOC-0132,Diesel Engine Auxiliary,Locomotive,High,85,3650,2023-09-01,2026-04-01,1094,16.9,15260.0,78.5,4.09,0.848,2,247,2025-07-28,141180.0,63.3,1636,High
BLW-LOC-0132,Diesel Engine Auxiliary,Locomotive,High,85,3650,2023-09-01,2026-04-16,1109,16.9,15513.5,85.2,5.57,0.854,0,112,2025-12-25,115413.0,64.6,1362,Medium
BLW-LOC-0132,Diesel Engine Auxiliary,Locomotive,High,85,3650,2023-09-01,2026-05-01,1124,16.9,15767.0,81.2,2.49,1.066,3,32,2026-03-30,43332.0,72.6,1457,Low
BLW-LOC-0132,Diesel Engine Auxiliary,Locomotive,High,85,3650,2023-09-01,2026-05-16,1139,16.9,16020.5,105.1,3.34,0.822,3,21,2026-04-25,101945.0,59.1,1397,Medium
BLW-LOC-0133,Cooling System,Locomotive,High,18,3285,2022-03-05,2026-01-01,1549,12.6,16324.0,58.7,3.57,0.96,0,20,2025-12-12,147186.0,79.7,1439,Low
BLW-LOC-0133,Cooling System,Locomotive,High,18,3285,2022-03-05,2026-01-16,1564,12.6,16513.0,53.3,2.58,0.878,5,52,2025-11-25,107042.0,71.0,1491,Low
BLW-LOC-0133,Cooling System,Locomotive,High,18,3285,2022-03-05,2026-01-31,1579,12.6,16702.0,89.8,4.76,0.713,8,324,2025-03-13,125299.0,44.1,1055,High
BLW-LOC-0133,Cooling System,Locomotive,High,18,3285,2022-03-05,2026-02-15,1594,12.6,16891.0,80.4,4.96,1.149,4,296,2025-04-25,83931.0,49.7,1108,High
BLW-LOC-0133,Cooling System,Locomotive,High,18,3285,2022-03-05,2026-03-02,1609,12.6,17080.0,45.5,3.93,0.914,2,192,2025-08-22,99783.0,69.6,1357,High
BLW-LOC-0133,Cooling System,Locomotive,High,18,3285,2022-03-05,2026-03-17,1624,12.6,17269.0,51.3,4.2,1.05,5,300,2025-05-21,99734.0,59.5,1391,High
BLW-LOC-0133,Cooling System,Locomotive,High,18,3285,2022-03-05,2026-04-01,1639,12.6,17458.0,59.3,4.35,0.833,1,264,2025-07-11,41480.0,67.0,1328,High
BLW-LOC-0133,Cooling System,Locomotive,High,18,3285,2022-03-05,2026-04-16,1654,12.6,17647.0,77.7,4.31,0.728,3,264,2025-07-26,63847.0,57.0,1198,High
BLW-LOC-0133,Cooling System,Locomotive,High,18,3285,2022-03-05,2026-05-01,1669,12.6,17836.0,67.9,6.06,0.788,5,249,2025-08-25,119935.0,52.1,1097,High
BLW-LOC-0133,Cooling System,Locomotive,High,18,3285,2022-03-05,2026-05-16,1684,12.6,18025.0,112.2,4.61,0.783,0,256,2025-09-02,132895.0,51.1,883,High
BLW-LOC-0134,Axle Bearing Assembly,Locomotive,Critical,0,4015,2020-12-05,2026-01-01,2004,9.2,15752.0,81.9,3.09,0.76,4,108,2025-09-15,26785.0,63.4,1459,Medium
BLW-LOC-0134,Axle Bearing Assembly,Locomotive,Critical,0,4015,2020-12-05,2026-01-16,2019,9.2,15890.0,106.1,2.03,1.039,2,185,2025-07-15,92293.0,57.7,1343,High
BLW-LOC-0134,Axle Bearing Assembly,Locomotive,Critical,0,4015,2020-12-05,2026-01-31,2034,9.2,16028.0,92.1,2.84,0.964,1,338,2025-02-27,38400.0,54.5,1377,High
BLW-LOC-0134,Axle Bearing Assembly,Locomotive,Critical,0,4015,2020-12-05,2026-02-15,2049,9.2,16166.0,66.5,2.15,0.839,5,58,2025-12-19,74820.0,72.0,1822,Low
BLW-LOC-0134,Axle Bearing Assembly,Locomotive,Critical,0,4015,2020-12-05,2026-03-02,2064,9.2,16304.0,84.8,2.9,0.914,7,245,2025-06-30,35552.0,53.3,1521,High
BLW-LOC-0134,Axle Bearing Assembly,Locomotive,Critical,0,4015,2020-12-05,2026-03-17,2079,9.2,16442.0,93.7,3.79,0.767,2,331,2025-04-20,125838.0,52.5,1278,High
BLW-LOC-0134,Axle Bearing Assembly,Locomotive,Critical,0,4015,2020-12-05,2026-04-01,2094,9.2,16580.0,78.1,4.12,0.966,0,124,2025-11-28,11256.0,68.0,1492,Medium
BLW-LOC-0134,Axle Bearing Assembly,Locomotive,Critical,0,4015,2020-12-05,2026-04-16,2109,9.2,16718.0,85.7,3.23,0.774,2,68,2026-02-07,96283.0,63.0,1410,Medium
BLW-LOC-0134,Axle Bearing Assembly,Locomotive,Critical,0,4015,2020-12-05,2026-05-01,2124,9.2,16856.0,91.5,3.06,0.861,0,293,2025-07-12,26295.0,61.9,1463,High
BLW-LOC-0134,Axle Bearing Assembly,Locomotive,Critical,0,4015,2020-12-05,2026-05-16,2139,9.2,16994.0,69.0,5.15,1.03,2,132,2026-01-04,138755.0,63.1,1427,Medium
BLW-LOC-0135,Brake System,Locomotive,Critical,12,2920,2023-05-12,2026-01-01,1116,19.6,19496.0,95.9,3.32,0.584,4,43,2025-11-19,36406.0,55.2,927,Medium
BLW-LOC-0135,Brake System,Locomotive,Critical,12,2920,2023-05-12,2026-01-16,1131,19.6,19790.0,61.4,3.05,0.859,7,246,2025-05-15,29732.0,63.1,1220,High
BLW-LOC-0135,Brake System,Locomotive,Critical,12,2920,2023-05-12,2026-01-31,1146,19.6,20084.0,95.7,5.31,1.032,6,307,2025-03-30,25693.0,40.9,718,High
BLW-LOC-0135,Brake System,Locomotive,Critical,12,2920,2023-05-12,2026-02-15,1161,19.6,20378.0,87.3,4.91,0.855,2,319,2025-04-02,100649.0,54.5,964,High
BLW-LOC-0135,Brake System,Locomotive,Critical,12,2920,2023-05-12,2026-03-02,1176,19.6,20672.0,89.7,5.0,0.91,4,85,2025-12-07,110007.0,49.8,861,High
BLW-LOC-0135,Brake System,Locomotive,Critical,12,2920,2023-05-12,2026-03-17,1191,19.6,20966.0,100.0,2.78,0.848,5,232,2025-07-28,91497.0,48.7,1015,High
BLW-LOC-0135,Brake System,Locomotive,Critical,12,2920,2023-05-12,2026-04-01,1206,19.6,21260.0,108.0,2.74,0.898,1,117,2025-12-05,59841.0,56.5,920,Medium
BLW-LOC-0135,Brake System,Locomotive,Critical,12,2920,2023-05-12,2026-04-16,1221,19.6,21554.0,91.2,4.82,0.925,2,55,2026-02-20,7402.0,62.3,850,Medium
BLW-LOC-0135,Brake System,Locomotive,Critical,12,2920,2023-05-12,2026-05-01,1236,19.6,21848.0,58.7,3.43,0.702,8,258,2025-08-16,104233.0,55.9,1157,High
BLW-LOC-0135,Brake System,Locomotive,Critical,12,2920,2023-05-12,2026-05-16,1251,19.6,22142.0,71.4,2.8,0.957,2,310,2025-07-10,18963.0,64.1,1191,High
BLW-LOC-0136,Diesel Engine Auxiliary,Locomotive,High,85,3650,2023-06-13,2026-01-01,1084,14.4,15037.0,91.4,2.58,0.818,8,257,2025-04-19,114096.0,53.6,1284,High
BLW-LOC-0136,Diesel Engine Auxiliary,Locomotive,High,85,3650,2023-06-13,2026-01-16,1099,14.4,15253.0,43.0,3.97,0.914,1,246,2025-05-15,100612.0,77.5,1716,High
BLW-LOC-0136,Diesel Engine Auxiliary,Locomotive,High,85,3650,2023-06-13,2026-01-31,1114,14.4,15469.0,91.9,3.37,0.896,8,0,2026-01-31,135060.0,60.1,1211,Medium
BLW-LOC-0136,Diesel Engine Auxiliary,Locomotive,High,85,3650,2023-06-13,2026-02-15,1129,14.4,15685.0,86.6,6.21,0.899,6,267,2025-05-24,65999.0,49.9,1165,High
BLW-LOC-0136,Diesel Engine Auxiliary,Locomotive,High,85,3650,2023-06-13,2026-03-02,1144,14.4,15901.0,80.7,3.74,0.604,0,357,2025-03-10,81823.0,63.7,1428,High
BLW-LOC-0136,Diesel Engine Auxiliary,Locomotive,High,85,3650,2023-06-13,2026-03-17,1159,14.4,16117.0,94.3,4.8,0.914,3,246,2025-07-14,119486.0,55.8,1248,High
BLW-LOC-0136,Diesel Engine Auxiliary,Locomotive,High,85,3650,2023-06-13,2026-04-01,1174,14.4,16333.0,100.8,3.81,0.887,6,179,2025-10-04,90412.0,51.0,1285,Medium
BLW-LOC-0136,Diesel Engine Auxiliary,Locomotive,High,85,3650,2023-06-13,2026-04-16,1189,14.4,16549.0,77.3,5.02,0.749,1,217,2025-09-11,24413.0,63.5,1486,High
BLW-LOC-0136,Diesel Engine Auxiliary,Locomotive,High,85,3650,2023-06-13,2026-05-01,1204,14.4,16765.0,83.1,3.36,0.997,7,119,2026-01-02,136962.0,58.8,1442,Medium
BLW-LOC-0136,Diesel Engine Auxiliary,Locomotive,High,85,3650,2023-06-13,2026-05-16,1219,14.4,16981.0,106.2,5.8,1.084,1,145,2025-12-22,91752.0,52.8,1137,Medium
BLW-LOC-0137,Wheel Assembly,Locomotive,Critical,0,5475,2021-06-11,2026-01-01,1816,8.6,14255.0,63.8,2.41,0.568,0,295,2025-03-12,80768.0,81.7,2594,High
BLW-LOC-0137,Wheel Assembly,Locomotive,Critical,0,5475,2021-06-11,2026-01-16,1831,8.6,14384.0,76.9,2.46,0.938,8,3,2026-01-13,59379.0,66.9,2230,Medium
BLW-LOC-0137,Wheel Assembly,Locomotive,Critical,0,5475,2021-06-11,2026-01-31,1846,8.6,14513.0,86.2,1.88,0.76,3,352,2025-02-13,121622.0,61.3,2187,High
BLW-LOC-0137,Wheel Assembly,Locomotive,Critical,0,5475,2021-06-11,2026-02-15,1861,8.6,14642.0,83.1,1.29,0.687,6,185,2025-08-14,20455.0,64.9,2302,High
BLW-LOC-0137,Wheel Assembly,Locomotive,Critical,0,5475,2021-06-11,2026-03-02,1876,8.6,14771.0,111.1,5.9,0.766,6,333,2025-04-03,89879.0,39.2,1479,High
BLW-LOC-0137,Wheel Assembly,Locomotive,Critical,0,5475,2021-06-11,2026-03-17,1891,8.6,14900.0,73.0,1.96,0.874,4,274,2025-06-16,66416.0,69.8,2503,High
BLW-LOC-0137,Wheel Assembly,Locomotive,Critical,0,5475,2021-06-11,2026-04-01,1906,8.6,15029.0,89.4,2.9,0.742,5,313,2025-05-23,44956.0,58.1,2207,High
BLW-LOC-0137,Wheel Assembly,Locomotive,Critical,0,5475,2021-06-11,2026-04-16,1921,8.6,15158.0,66.0,4.96,0.673,6,104,2026-01-02,64918.0,64.3,2253,Medium
BLW-LOC-0137,Wheel Assembly,Locomotive,Critical,0,5475,2021-06-11,2026-05-01,1936,8.6,15287.0,74.9,3.22,1.115,8,247,2025-08-27,30914.0,58.0,2608,High
BLW-LOC-0137,Wheel Assembly,Locomotive,Critical,0,5475,2021-06-11,2026-05-16,1951,8.6,15416.0,91.8,4.06,0.952,8,284,2025-08-05,75145.0,52.7,1847,High
BLW-LOC-0138,Air Compressor,Locomotive,High,22,3650,2023-03-29,2026-01-01,1160,10.8,11421.0,61.2,2.59,0.854,2,337,2025-01-29,22267.0,71.9,1812,High
BLW-LOC-0138,Air Compressor,Locomotive,High,22,3650,2023-03-29,2026-01-16,1175,10.8,11583.0,104.2,3.73,0.82,3,228,2025-06-02,118551.0,54.2,1315,High
BLW-LOC-0138,Air Compressor,Locomotive,High,22,3650,2023-03-29,2026-01-31,1190,10.8,11745.0,67.2,5.82,1.092,2,51,2025-12-11,36096.0,70.8,1490,Low
BLW-LOC-0138,Air Compressor,Locomotive,High,22,3650,2023-03-29,2026-02-15,1205,10.8,11907.0,95.9,4.96,0.768,6,173,2025-08-26,121124.0,50.1,1142,Medium
BLW-LOC-0138,Air Compressor,Locomotive,High,22,3650,2023-03-29,2026-03-02,1220,10.8,12069.0,87.3,4.5,0.708,0,82,2025-12-10,61420.0,68.4,1306,Medium
BLW-LOC-0138,Air Compressor,Locomotive,High,22,3650,2023-03-29,2026-03-17,1235,10.8,12231.0,68.5,4.41,0.787,0,46,2026-01-30,124372.0,77.4,1475,Low
BLW-LOC-0138,Air Compressor,Locomotive,High,22,3650,2023-03-29,2026-04-01,1250,10.8,12393.0,85.6,3.75,0.793,7,307,2025-05-29,68130.0,52.8,1432,High
BLW-LOC-0138,Air Compressor,Locomotive,High,22,3650,2023-03-29,2026-04-16,1265,10.8,12555.0,71.4,2.08,1.102,1,134,2025-12-03,37157.0,78.5,1743,Medium
BLW-LOC-0138,Air Compressor,Locomotive,High,22,3650,2023-03-29,2026-05-01,1280,10.8,12717.0,99.6,8.13,0.741,1,311,2025-06-24,10475.0,49.1,941,High
BLW-LOC-0138,Air Compressor,Locomotive,High,22,3650,2023-03-29,2026-05-16,1295,10.8,12879.0,77.1,3.09,0.76,6,205,2025-10-23,94025.0,63.1,1453,High
BLW-LOC-0139,Air Compressor,Locomotive,High,22,3650,2023-12-28,2026-01-01,886,19.5,12392.0,92.2,3.57,0.901,2,327,2025-02-08,76683.0,59.9,1418,High
BLW-LOC-0139,Air Compressor,Locomotive,High,22,3650,2023-12-28,2026-01-16,901,19.5,12684.5,83.1,2.15,0.812,0,103,2025-10-05,128332.0,77.1,1595,Low
BLW-LOC-0139,Air Compressor,Locomotive,High,22,3650,2023-12-28,2026-01-31,916,19.5,12977.0,48.0,5.21,0.778,8,146,2025-09-07,33238.0,64.6,1689,Medium
BLW-LOC-0139,Air Compressor,Locomotive,High,22,3650,2023-12-28,2026-02-15,931,19.5,13269.5,61.1,2.34,1.172,8,264,2025-05-27,106275.0,70.3,1816,High
BLW-LOC-0139,Air Compressor,Locomotive,High,22,3650,2023-12-28,2026-03-02,946,19.5,13562.0,85.1,2.94,0.922,2,345,2025-03-22,10229.0,63.8,1410,High
BLW-LOC-0139,Air Compressor,Locomotive,High,22,3650,2023-12-28,2026-03-17,961,19.5,13854.5,62.2,3.78,0.739,3,335,2025-04-16,5042.0,69.9,1642,High
BLW-LOC-0139,Air Compressor,Locomotive,High,22,3650,2023-12-28,2026-04-01,976,19.5,14147.0,71.1,4.82,0.91,2,44,2026-02-16,149538.0,73.2,1637,Low
BLW-LOC-0139,Air Compressor,Locomotive,High,22,3650,2023-12-28,2026-04-16,991,19.5,14439.5,90.8,5.59,0.83,6,180,2025-10-18,102101.0,51.4,1183,Medium
BLW-LOC-0139,Air Compressor,Locomotive,High,22,3650,2023-12-28,2026-05-01,1006,19.5,14732.0,78.0,5.06,1.046,6,300,2025-07-05,34045.0,56.8,1313,High
BLW-LOC-0139,Air Compressor,Locomotive,High,22,3650,2023-12-28,2026-05-16,1021,19.5,15024.5,101.4,1.74,1.003,0,360,2025-05-21,14949.0,63.8,1541,High
BLW-MFG-0140,CNC Turning Center,Manufacturing,High,22,3650,2023-01-30,2026-01-01,1218,10.0,11558.0,49.0,3.85,0.674,5,177,2025-07-08,144677.0,68.9,1602,Medium
BLW-MFG-0140,CNC Turning Center,Manufacturing,High,22,3650,2023-01-30,2026-01-16,1233,10.0,11708.0,44.7,2.94,1.006,4,115,2025-09-23,92923.0,80.2,1775,Low
BLW-MFG-0140,CNC Turning Center,Manufacturing,High,22,3650,2023-01-30,2026-01-31,1248,10.0,11858.0,80.0,3.11,0.88,3,232,2025-06-13,139809.0,65.7,1566,High
BLW-MFG-0140,CNC Turning Center,Manufacturing,High,22,3650,2023-01-30,2026-02-15,1263,10.0,12008.0,73.8,2.43,0.827,0,133,2025-10-05,30380.0,78.8,1765,Medium
BLW-MFG-0140,CNC Turning Center,Manufacturing,High,22,3650,2023-01-30,2026-03-02,1278,10.0,12158.0,55.4,2.95,1.031,8,54,2026-01-07,86001.0,72.4,1849,Low
BLW-MFG-0140,CNC Turning Center,Manufacturing,High,22,3650,2023-01-30,2026-03-17,1293,10.0,12308.0,69.3,3.34,0.945,8,150,2025-10-18,54295.0,65.4,1447,Medium
BLW-MFG-0140,CNC Turning Center,Manufacturing,High,22,3650,2023-01-30,2026-04-01,1308,10.0,12458.0,54.0,4.28,0.822,1,262,2025-07-13,143723.0,72.4,1580,High
BLW-MFG-0140,CNC Turning Center,Manufacturing,High,22,3650,2023-01-30,2026-04-16,1323,10.0,12608.0,63.9,1.89,1.064,8,294,2025-06-26,41271.0,65.2,1761,High
BLW-MFG-0140,CNC Turning Center,Manufacturing,High,22,3650,2023-01-30,2026-05-01,1338,10.0,12758.0,78.5,4.07,0.955,7,193,2025-10-20,86659.0,59.4,1411,High
BLW-MFG-0140,CNC Turning Center,Manufacturing,High,22,3650,2023-01-30,2026-05-16,1353,10.0,12908.0,68.6,3.94,0.812,3,173,2025-11-24,144380.0,69.9,1637,Medium
BLW-LOC-0141,Axle Bearing Assembly,Locomotive,Critical,0,4015,2023-10-27,2026-01-01,948,12.5,10381.0,89.8,1.37,0.936,0,246,2025-04-30,21859.0,72.9,1845,High
BLW-LOC-0141,Axle Bearing Assembly,Locomotive,Critical,0,4015,2023-10-27,2026-01-16,963,12.5,10568.5,90.5,5.48,1.017,1,195,2025-07-05,96881.0,64.2,1554,High
BLW-LOC-0141,Axle Bearing Assembly,Locomotive,Critical,0,4015,2023-10-27,2026-01-31,978,12.5,10756.0,84.0,3.64,0.965,3,346,2025-02-19,106671.0,63.6,1649,High
BLW-LOC-0141,Axle Bearing Assembly,Locomotive,Critical,0,4015,2023-10-27,2026-02-15,993,12.5,10943.5,86.5,3.61,0.763,5,211,2025-07-19,143540.0,63.7,1633,High
BLW-LOC-0141,Axle Bearing Assembly,Locomotive,Critical,0,4015,2023-10-27,2026-03-02,1008,12.5,11131.0,111.9,1.75,0.803,8,274,2025-06-01,6410.0,50.1,1521,High
BLW-LOC-0141,Axle Bearing Assembly,Locomotive,Critical,0,4015,2023-10-27,2026-03-17,1023,12.5,11318.5,88.0,4.12,0.74,4,127,2025-11-10,46657.0,62.0,1599,Medium
BLW-LOC-0141,Axle Bearing Assembly,Locomotive,Critical,0,4015,2023-10-27,2026-04-01,1038,12.5,11506.0,62.3,3.16,0.94,6,344,2025-04-22,113574.0,65.8,2107,High
BLW-LOC-0141,Axle Bearing Assembly,Locomotive,Critical,0,4015,2023-10-27,2026-04-16,1053,12.5,11693.5,102.0,1.96,0.773,5,38,2026-03-09,85410.0,61.8,1525,Medium
BLW-LOC-0141,Axle Bearing Assembly,Locomotive,Critical,0,4015,2023-10-27,2026-05-01,1068,12.5,11881.0,95.9,3.4,0.945,2,243,2025-08-31,50512.0,60.9,1625,High
BLW-LOC-0141,Axle Bearing Assembly,Locomotive,Critical,0,4015,2023-10-27,2026-05-16,1083,12.5,12068.5,76.9,3.96,0.884,3,293,2025-07-27,44016.0,64.0,1632,High
BLW-MFG-0142,Paint Booth Ventilation,Manufacturing,Low,15,2555,2022-10-18,2026-01-01,1322,16.3,16602.0,76.6,3.16,0.925,3,135,2025-08-19,34983.0,62.7,1002,Medium
BLW-MFG-0142,Paint Booth Ventilation,Manufacturing,Low,15,2555,2022-10-18,2026-01-16,1337,16.3,16846.5,45.1,2.61,0.822,3,127,2025-09-11,126269.0,73.7,1175,Medium
BLW-MFG-0142,Paint Booth Ventilation,Manufacturing,Low,15,2555,2022-10-18,2026-01-31,1352,16.3,17091.0,85.0,3.44,0.759,5,79,2025-11-13,117946.0,56.2,924,Medium
BLW-MFG-0142,Paint Booth Ventilation,Manufacturing,Low,15,2555,2022-10-18,2026-02-15,1367,16.3,17335.5,56.1,2.6,0.814,1,40,2026-01-06,102993.0,79.2,1028,Low
BLW-MFG-0142,Paint Booth Ventilation,Manufacturing,Low,15,2555,2022-10-18,2026-03-02,1382,16.3,17580.0,82.7,2.16,0.703,7,314,2025-04-22,5960.0,52.4,1019,High
BLW-MFG-0142,Paint Booth Ventilation,Manufacturing,Low,15,2555,2022-10-18,2026-03-17,1397,16.3,17824.5,84.1,3.77,1.051,8,21,2026-02-24,127962.0,52.4,879,Medium
BLW-MFG-0142,Paint Booth Ventilation,Manufacturing,Low,15,2555,2022-10-18,2026-04-01,1412,16.3,18069.0,73.9,4.22,0.772,5,317,2025-05-19,50735.0,50.5,934,High
BLW-MFG-0142,Paint Booth Ventilation,Manufacturing,Low,15,2555,2022-10-18,2026-04-16,1427,16.3,18313.5,45.3,3.27,0.666,4,251,2025-08-08,31516.0,63.6,1145,High
BLW-MFG-0142,Paint Booth Ventilation,Manufacturing,Low,15,2555,2022-10-18,2026-05-01,1442,16.3,18558.0,65.7,4.71,0.714,8,143,2025-12-09,62693.0,54.5,996,Medium
BLW-MFG-0142,Paint Booth Ventilation,Manufacturing,Low,15,2555,2022-10-18,2026-05-16,1457,16.3,18802.5,51.6,5.69,0.859,2,27,2026-04-19,81232.0,64.8,915,Medium
BLW-LOC-0143,Wheel Assembly,Locomotive,Critical,0,5475,2022-09-06,2026-01-01,1364,19.2,18588.0,74.7,3.35,0.862,5,201,2025-06-14,129758.0,65.8,2467,High
BLW-LOC-0143,Wheel Assembly,Locomotive,Critical,0,5475,2022-09-06,2026-01-16,1379,19.2,18876.0,73.0,1.23,0.837,2,234,2025-05-27,146594.0,71.9,2672,High
BLW-LOC-0143,Wheel Assembly,Locomotive,Critical,0,5475,2022-09-06,2026-01-31,1394,19.2,19164.0,64.9,3.8,1.018,8,235,2025-06-10,50769.0,61.1,2588,High
BLW-LOC-0143,Wheel Assembly,Locomotive,Critical,0,5475,2022-09-06,2026-02-15,1409,19.2,19452.0,73.9,5.75,0.821,0,6,2026-02-09,102745.0,72.5,2250,Low
BLW-LOC-0143,Wheel Assembly,Locomotive,Critical,0,5475,2022-09-06,2026-03-02,1424,19.2,19740.0,74.7,2.69,0.813,6,297,2025-05-09,19608.0,63.7,2625,High
BLW-LOC-0143,Wheel Assembly,Locomotive,Critical,0,5475,2022-09-06,2026-03-17,1439,19.2,20028.0,53.0,3.78,0.95,5,313,2025-05-08,129967.0,68.0,2749,High
BLW-LOC-0143,Wheel Assembly,Locomotive,Critical,0,5475,2022-09-06,2026-04-01,1454,19.2,20316.0,81.7,3.58,0.951,2,280,2025-06-25,43113.0,66.1,2243,High
BLW-LOC-0143,Wheel Assembly,Locomotive,Critical,0,5475,2022-09-06,2026-04-16,1469,19.2,20604.0,91.3,3.07,0.812,4,241,2025-08-18,143986.0,60.4,2313,High
BLW-LOC-0143,Wheel Assembly,Locomotive,Critical,0,5475,2022-09-06,2026-05-01,1484,19.2,20892.0,36.1,4.37,0.894,5,187,2025-10-26,31667.0,66.9,2546,High
BLW-LOC-0143,Wheel Assembly,Locomotive,Critical,0,5475,2022-09-06,2026-05-16,1499,19.2,21180.0,92.3,4.66,0.577,6,107,2026-01-29,65768.0,58.2,1857,Medium
BLW-LOC-0144,Cooling System,Locomotive,High,18,3285,2022-01-17,2026-01-01,1596,18.0,22520.0,88.3,4.39,0.745,2,292,2025-03-15,24015.0,52.5,1018,High
BLW-LOC-0144,Cooling System,Locomotive,High,18,3285,2022-01-17,2026-01-16,1611,18.0,22790.0,47.7,4.95,0.762,3,51,2025-11-26,109518.0,64.8,1233,Medium
BLW-LOC-0144,Cooling System,Locomotive,High,18,3285,2022-01-17,2026-01-31,1626,18.0,23060.0,83.7,3.53,0.926,3,284,2025-04-22,67672.0,52.3,1093,High
BLW-LOC-0144,Cooling System,Locomotive,High,18,3285,2022-01-17,2026-02-15,1641,18.0,23330.0,78.7,5.93,0.851,6,100,2025-11-07,26147.0,50.5,991,Medium
BLW-LOC-0144,Cooling System,Locomotive,High,18,3285,2022-01-17,2026-03-02,1656,18.0,23600.0,73.9,3.4,0.85,2,242,2025-07-03,121822.0,62.5,1330,High
BLW-LOC-0144,Cooling System,Locomotive,High,18,3285,2022-01-17,2026-03-17,1671,18.0,23870.0,87.4,5.17,0.759,2,215,2025-08-14,77442.0,51.0,955,High
BLW-LOC-0144,Cooling System,Locomotive,High,18,3285,2022-01-17,2026-04-01,1686,18.0,24140.0,87.5,3.37,0.968,8,273,2025-07-02,109481.0,43.2,1075,High
BLW-LOC-0144,Cooling System,Locomotive,High,18,3285,2022-01-17,2026-04-16,1701,18.0,24410.0,93.9,1.37,1.14,7,153,2025-11-14,41391.0,50.9,1004,Medium
BLW-LOC-0144,Cooling System,Locomotive,High,18,3285,2022-01-17,2026-05-01,1716,18.0,24680.0,86.8,3.94,0.88,0,203,2025-10-10,19351.0,61.0,1140,High
BLW-LOC-0144,Cooling System,Locomotive,High,18,3285,2022-01-17,2026-05-16,1731,18.0,24950.0,89.7,4.49,0.882,2,30,2026-04-16,36243.0,60.6,942,Medium
BLW-LOC-0145,Traction Motor,Locomotive,Critical,350,4380,2022-09-02,2026-01-01,1368,17.7,17649.0,80.1,3.58,0.948,5,133,2025-08-21,57339.0,62.0,1592,Medium
BLW-LOC-0145,Traction Motor,Locomotive,Critical,350,4380,2022-09-02,2026-01-16,1383,17.7,17914.5,81.2,3.89,1.034,8,285,2025-04-06,140117.0,50.3,1764,High
BLW-LOC-0145,Traction Motor,Locomotive,Critical,350,4380,2022-09-02,2026-01-31,1398,17.7,18180.0,115.1,3.15,0.705,4,176,2025-08-08,7876.0,52.6,1338,Medium
BLW-LOC-0145,Traction Motor,Locomotive,Critical,350,4380,2022-09-02,2026-02-15,1413,17.7,18445.5,88.9,2.94,1.052,1,179,2025-08-20,130768.0,65.9,1583,Medium
BLW-LOC-0145,Traction Motor,Locomotive,Critical,350,4380,2022-09-02,2026-03-02,1428,17.7,18711.0,97.8,0.97,0.846,3,295,2025-05-11,88505.0,64.7,1687,High
BLW-LOC-0145,Traction Motor,Locomotive,Critical,350,4380,2022-09-02,2026-03-17,1443,17.7,18976.5,65.2,3.68,0.869,8,89,2025-12-18,147009.0,65.0,1961,Medium
BLW-LOC-0145,Traction Motor,Locomotive,Critical,350,4380,2022-09-02,2026-04-01,1458,17.7,19242.0,67.2,5.83,0.909,4,181,2025-10-02,52138.0,63.2,1649,High
BLW-LOC-0145,Traction Motor,Locomotive,Critical,350,4380,2022-09-02,2026-04-16,1473,17.7,19507.5,102.9,3.54,0.918,8,249,2025-08-10,117338.0,44.2,1346,High
BLW-LOC-0145,Traction Motor,Locomotive,Critical,350,4380,2022-09-02,2026-05-01,1488,17.7,19773.0,94.7,3.37,0.788,7,40,2026-03-22,60255.0,56.1,1606,Medium
BLW-LOC-0145,Traction Motor,Locomotive,Critical,350,4380,2022-09-02,2026-05-16,1503,17.7,20038.5,75.8,3.81,0.897,4,237,2025-09-21,96598.0,60.3,1657,High
BLW-MFG-0146,Hydraulic Press,Manufacturing,High,55,5475,2024-11-13,2026-01-01,565,8.3,4419.0,69.0,2.14,0.926,5,215,2025-05-31,96535.0,79.4,3030,High
BLW-MFG-0146,Hydraulic Press,Manufacturing,High,55,5475,2024-11-13,2026-01-16,580,8.3,4543.5,87.6,2.78,0.89,6,36,2025-12-11,16471.0,70.9,2854,Low
BLW-MFG-0146,Hydraulic Press,Manufacturing,High,55,5475,2024-11-13,2026-01-31,595,8.3,4668.0,90.4,2.91,0.869,5,116,2025-10-07,50455.0,71.9,2477,Low
BLW-MFG-0146,Hydraulic Press,Manufacturing,High,55,5475,2024-11-13,2026-02-15,610,8.3,4792.5,59.5,3.74,0.843,4,363,2025-02-17,43783.0,74.8,2770,High
BLW-MFG-0146,Hydraulic Press,Manufacturing,High,55,5475,2024-11-13,2026-03-02,625,8.3,4917.0,47.6,3.21,0.93,6,138,2025-10-15,133715.0,78.3,3138,Medium
BLW-MFG-0146,Hydraulic Press,Manufacturing,High,55,5475,2024-11-13,2026-03-17,640,8.3,5041.5,60.6,2.1,0.838,5,300,2025-05-21,80536.0,78.9,3181,High
BLW-MFG-0146,Hydraulic Press,Manufacturing,High,55,5475,2024-11-13,2026-04-01,655,8.3,5166.0,60.5,4.33,1.047,7,211,2025-09-02,29261.0,71.2,2948,High
BLW-MFG-0146,Hydraulic Press,Manufacturing,High,55,5475,2024-11-13,2026-04-16,670,8.3,5290.5,57.9,4.12,0.96,0,64,2026-02-11,110527.0,90.1,2894,Low
BLW-MFG-0146,Hydraulic Press,Manufacturing,High,55,5475,2024-11-13,2026-05-01,685,8.3,5415.0,35.9,2.62,0.797,4,358,2025-05-08,113712.0,76.5,3042,High
BLW-MFG-0146,Hydraulic Press,Manufacturing,High,55,5475,2024-11-13,2026-05-16,700,8.3,5539.5,67.2,2.51,0.759,3,85,2026-02-20,62572.0,83.7,3100,Low
BLW-MFG-0147,Welding Robot,Manufacturing,Medium,18,2920,2020-05-10,2026-01-01,2213,19.1,35588.0,57.1,2.34,0.774,0,13,2025-12-19,116785.0,68.7,1078,Medium
BLW-MFG-0147,Welding Robot,Manufacturing,Medium,18,2920,2020-05-10,2026-01-16,2228,19.1,35874.5,29.3,3.77,0.969,8,42,2025-12-05,20070.0,47.2,871,High
BLW-MFG-0147,Welding Robot,Manufacturing,Medium,18,2920,2020-05-10,2026-01-31,2243,19.1,36161.0,61.2,2.22,0.852,2,43,2025-12-19,99951.0,60.8,981,Medium
BLW-MFG-0147,Welding Robot,Manufacturing,Medium,18,2920,2020-05-10,2026-02-15,2258,19.1,36447.5,85.9,2.11,0.959,6,158,2025-09-10,38257.0,44.3,745,High
BLW-MFG-0147,Welding Robot,Manufacturing,Medium,18,2920,2020-05-10,2026-03-02,2273,19.1,36734.0,75.8,2.89,0.794,4,226,2025-07-19,95840.0,47.5,887,High
BLW-MFG-0147,Welding Robot,Manufacturing,Medium,18,2920,2020-05-10,2026-03-17,2288,19.1,37020.5,77.5,4.11,0.886,2,269,2025-06-21,126585.0,43.1,773,High
BLW-MFG-0147,Welding Robot,Manufacturing,Medium,18,2920,2020-05-10,2026-04-01,2303,19.1,37307.0,105.1,3.75,1.087,0,17,2026-03-15,101215.0,47.9,610,High
BLW-MFG-0147,Welding Robot,Manufacturing,Medium,18,2920,2020-05-10,2026-04-16,2318,19.1,37593.5,74.2,3.12,0.681,5,243,2025-08-16,72743.0,44.8,911,High
BLW-MFG-0147,Welding Robot,Manufacturing,Medium,18,2920,2020-05-10,2026-05-01,2333,19.1,37880.0,64.2,3.57,0.945,8,139,2025-12-13,84539.0,43.6,873,High
BLW-MFG-0147,Welding Robot,Manufacturing,Medium,18,2920,2020-05-10,2026-05-16,2348,19.1,38166.5,60.0,2.51,0.736,2,357,2025-05-24,83197.0,53.2,1104,High
BLW-LOC-0148,Axle Bearing Assembly,Locomotive,Critical,0,4015,2023-07-16,2026-01-01,1051,16.5,16703.0,64.3,3.65,0.79,6,268,2025-04-08,97769.0,66.4,1923,High
BLW-LOC-0148,Axle Bearing Assembly,Locomotive,Critical,0,4015,2023-07-16,2026-01-16,1066,16.5,16950.5,91.8,3.92,0.827,8,158,2025-08-11,136794.0,50.5,1569,Medium
BLW-LOC-0148,Axle Bearing Assembly,Locomotive,Critical,0,4015,2023-07-16,2026-01-31,1081,16.5,17198.0,68.2,4.4,0.987,7,276,2025-04-30,37934.0,58.0,1767,High
BLW-LOC-0148,Axle Bearing Assembly,Locomotive,Critical,0,4015,2023-07-16,2026-02-15,1096,16.5,17445.5,91.9,5.72,0.809,1,226,2025-07-04,49641.0,55.6,1300,High
BLW-LOC-0148,Axle Bearing Assembly,Locomotive,Critical,0,4015,2023-07-16,2026-03-02,1111,16.5,17693.0,84.3,3.77,0.823,6,133,2025-10-20,27579.0,57.2,1589,Medium
BLW-LOC-0148,Axle Bearing Assembly,Locomotive,Critical,0,4015,2023-07-16,2026-03-17,1126,16.5,17940.5,111.6,4.31,0.948,0,0,2026-03-17,80881.0,63.5,1258,Medium
BLW-LOC-0148,Axle Bearing Assembly,Locomotive,Critical,0,4015,2023-07-16,2026-04-01,1141,16.5,18188.0,96.8,4.27,0.842,2,176,2025-10-07,46581.0,58.4,1378,Medium
BLW-LOC-0148,Axle Bearing Assembly,Locomotive,Critical,0,4015,2023-07-16,2026-04-16,1156,16.5,18435.5,88.3,3.47,0.923,8,4,2026-04-12,104727.0,60.0,1575,Medium
BLW-LOC-0148,Axle Bearing Assembly,Locomotive,Critical,0,4015,2023-07-16,2026-05-01,1171,16.5,18683.0,103.6,3.99,0.733,7,244,2025-08-30,48444.0,46.3,1294,High
BLW-LOC-0148,Axle Bearing Assembly,Locomotive,Critical,0,4015,2023-07-16,2026-05-16,1186,16.5,18930.5,57.7,5.62,0.912,6,149,2025-12-18,91566.0,64.3,1793,Medium
BLW-MFG-0149,CNC Wheel Lathe,Manufacturing,High,45,3650,2023-01-27,2026-01-01,1221,11.2,11262.0,57.4,3.32,0.809,8,223,2025-05-23,62239.0,64.6,1639,High
BLW-MFG-0149,CNC Wheel Lathe,Manufacturing,High,45,3650,2023-01-27,2026-01-16,1236,11.2,11430.0,85.8,2.51,0.895,2,330,2025-02-20,61510.0,62.0,1639,High
BLW-MFG-0149,CNC Wheel Lathe,Manufacturing,High,45,3650,2023-01-27,2026-01-31,1251,11.2,11598.0,79.2,2.99,0.807,6,112,2025-10-11,43132.0,65.5,1723,Medium
BLW-MFG-0149,CNC Wheel Lathe,Manufacturing,High,45,3650,2023-01-27,2026-02-15,1266,11.2,11766.0,46.2,3.65,0.744,6,320,2025-04-01,39736.0,64.8,1675,High
BLW-MFG-0149,CNC Wheel Lathe,Manufacturing,High,45,3650,2023-01-27,2026-03-02,1281,11.2,11934.0,63.1,2.99,0.727,4,145,2025-10-08,99026.0,75.6,1577,Medium
BLW-MFG-0149,CNC Wheel Lathe,Manufacturing,High,45,3650,2023-01-27,2026-03-17,1296,11.2,12102.0,75.5,2.76,0.728,8,137,2025-10-31,64871.0,63.1,1462,Medium
BLW-MFG-0149,CNC Wheel Lathe,Manufacturing,High,45,3650,2023-01-27,2026-04-01,1311,11.2,12270.0,70.3,1.82,0.896,1,93,2025-12-29,24810.0,79.6,1720,Low
BLW-MFG-0149,CNC Wheel Lathe,Manufacturing,High,45,3650,2023-01-27,2026-04-16,1326,11.2,12438.0,74.1,2.45,0.849,1,326,2025-05-25,71025.0,69.3,1737,High
BLW-MFG-0149,CNC Wheel Lathe,Manufacturing,High,45,3650,2023-01-27,2026-05-01,1341,11.2,12606.0,92.6,5.71,0.869,7,139,2025-12-13,106569.0,50.0,1076,Medium
BLW-MFG-0149,CNC Wheel Lathe,Manufacturing,High,45,3650,2023-01-27,2026-05-16,1356,11.2,12774.0,90.2,3.95,0.817,7,96,2026-02-09,51493.0,58.1,1328,Medium
BLW-MFG-0150,Hydraulic Press,Manufacturing,High,55,5475,2020-04-11,2026-01-01,2242,19.6,31052.0,59.5,3.23,0.714,1,144,2025-08-10,44033.0,76.8,2328,Medium
BLW-MFG-0150,Hydraulic Press,Manufacturing,High,55,5475,2020-04-11,2026-01-16,2257,19.6,31346.0,53.2,2.03,0.901,7,4,2026-01-12,38758.0,71.0,2354,Low
BLW-MFG-0150,Hydraulic Press,Manufacturing,High,55,5475,2020-04-11,2026-01-31,2272,19.6,31640.0,59.3,2.87,0.712,2,7,2026-01-24,76569.0,76.6,2751,Low
BLW-MFG-0150,Hydraulic Press,Manufacturing,High,55,5475,2020-04-11,2026-02-15,2287,19.6,31934.0,57.1,2.66,0.798,5,215,2025-07-15,50179.0,67.1,2552,High
BLW-MFG-0150,Hydraulic Press,Manufacturing,High,55,5475,2020-04-11,2026-03-02,2302,19.6,32228.0,79.6,2.72,0.716,7,190,2025-08-24,72234.0,58.8,2122,High
BLW-MFG-0150,Hydraulic Press,Manufacturing,High,55,5475,2020-04-11,2026-03-17,2317,19.6,32522.0,89.8,1.03,0.865,0,169,2025-09-29,16632.0,71.0,2107,Medium
BLW-MFG-0150,Hydraulic Press,Manufacturing,High,55,5475,2020-04-11,2026-04-01,2332,19.6,32816.0,67.1,3.37,0.794,2,28,2026-03-04,43643.0,72.9,2277,Low
BLW-MFG-0150,Hydraulic Press,Manufacturing,High,55,5475,2020-04-11,2026-04-16,2347,19.6,33110.0,63.1,4.26,0.901,6,36,2026-03-11,83763.0,65.3,2313,Medium
BLW-MFG-0150,Hydraulic Press,Manufacturing,High,55,5475,2020-04-11,2026-05-01,2362,19.6,33404.0,68.2,2.5,0.8,2,98,2026-01-23,134876.0,73.6,2275,Low
BLW-MFG-0150,Hydraulic Press,Manufacturing,High,55,5475,2020-04-11,2026-05-16,2377,19.6,33698.0,66.2,2.79,1.077,4,195,2025-11-02,125097.0,63.1,2353,High
BLW-MFG-0151,Welding Robot,Manufacturing,Medium,18,2920,2024-04-22,2026-01-01,770,16.0,10046.0,85.7,2.91,0.895,7,126,2025-08-28,111955.0,61.5,1187,Medium
BLW-MFG-0151,Welding Robot,Manufacturing,Medium,18,2920,2024-04-22,2026-01-16,785,16.0,10286.0,38.9,3.03,0.747,0,101,2025-10-07,71821.0,83.3,1437,Low
BLW-MFG-0151,Welding Robot,Manufacturing,Medium,18,2920,2024-04-22,2026-01-31,800,16.0,10526.0,87.5,5.06,0.852,1,266,2025-05-10,101571.0,60.4,1055,High
BLW-MFG-0151,Welding Robot,Manufacturing,Medium,18,2920,2024-04-22,2026-02-15,815,16.0,10766.0,73.0,4.55,0.81,3,242,2025-06-18,61423.0,61.9,1299,High
BLW-MFG-0151,Welding Robot,Manufacturing,Medium,18,2920,2024-04-22,2026-03-02,830,16.0,11006.0,80.0,1.57,0.858,4,165,2025-09-18,27999.0,71.3,1344,Medium
BLW-MFG-0151,Welding Robot,Manufacturing,Medium,18,2920,2024-04-22,2026-03-17,845,16.0,11246.0,59.5,3.96,0.805,0,281,2025-06-09,80534.0,74.5,1272,High
BLW-MFG-0151,Welding Robot,Manufacturing,Medium,18,2920,2024-04-22,2026-04-01,860,16.0,11486.0,84.9,3.65,0.859,4,246,2025-07-29,97585.0,60.8,1177,High
BLW-MFG-0151,Welding Robot,Manufacturing,Medium,18,2920,2024-04-22,2026-04-16,875,16.0,11726.0,57.7,2.76,0.643,3,184,2025-10-14,133690.0,76.5,1448,High
BLW-MFG-0151,Welding Robot,Manufacturing,Medium,18,2920,2024-04-22,2026-05-01,890,16.0,11966.0,78.7,3.16,0.939,3,57,2026-03-05,39215.0,74.5,1364,Low
BLW-MFG-0151,Welding Robot,Manufacturing,Medium,18,2920,2024-04-22,2026-05-16,905,16.0,12206.0,77.8,3.26,0.767,6,166,2025-12-01,7185.0,65.2,1384,Medium
BLW-LOC-0152,Traction Motor,Locomotive,Critical,350,4380,2023-04-12,2026-01-01,1146,7.7,8266.0,83.1,5.8,0.667,0,21,2025-12-11,89256.0,69.5,1737,Medium
BLW-LOC-0152,Traction Motor,Locomotive,Critical,350,4380,2023-04-12,2026-01-16,1161,7.7,8381.5,82.8,5.13,0.853,7,352,2025-01-29,91451.0,50.2,1645,High
BLW-LOC-0152,Traction Motor,Locomotive,Critical,350,4380,2023-04-12,2026-01-31,1176,7.7,8497.0,56.6,2.25,0.977,5,45,2025-12-17,41065.0,82.7,2308,Low
BLW-LOC-0152,Traction Motor,Locomotive,Critical,350,4380,2023-04-12,2026-02-15,1191,7.7,8612.5,54.6,3.22,0.718,7,46,2025-12-31,104462.0,76.6,2088,Low
BLW-LOC-0152,Traction Motor,Locomotive,Critical,350,4380,2023-04-12,2026-03-02,1206,7.7,8728.0,64.9,3.74,0.793,5,320,2025-04-16,13708.0,69.6,1980,High
BLW-LOC-0152,Traction Motor,Locomotive,Critical,350,4380,2023-04-12,2026-03-17,1221,7.7,8843.5,61.0,1.17,0.871,5,330,2025-04-21,27318.0,73.0,2116,High
BLW-LOC-0152,Traction Motor,Locomotive,Critical,350,4380,2023-04-12,2026-04-01,1236,7.7,8959.0,100.6,4.6,0.877,8,54,2026-02-06,23245.0,54.5,1519,Medium
BLW-LOC-0152,Traction Motor,Locomotive,Critical,350,4380,2023-04-12,2026-04-16,1251,7.7,9074.5,71.3,2.6,0.983,3,162,2025-11-05,147343.0,76.8,2123,Medium
BLW-LOC-0152,Traction Motor,Locomotive,Critical,350,4380,2023-04-12,2026-05-01,1266,7.7,9190.0,71.7,4.63,0.799,5,224,2025-09-19,111312.0,64.5,2015,High
BLW-LOC-0152,Traction Motor,Locomotive,Critical,350,4380,2023-04-12,2026-05-16,1281,7.7,9305.5,75.3,2.06,0.769,0,352,2025-05-29,59776.0,77.8,2164,High
BLW-MFG-0153,Hydraulic Press,Manufacturing,High,55,5475,2021-05-28,2026-01-01,1830,18.6,28782.0,63.5,2.34,0.869,7,286,2025-03-21,47734.0,62.5,2563,High
BLW-MFG-0153,Hydraulic Press,Manufacturing,High,55,5475,2021-05-28,2026-01-16,1845,18.6,29061.0,57.0,2.04,0.761,7,97,2025-10-11,87172.0,70.8,2609,Low
BLW-MFG-0153,Hydraulic Press,Manufacturing,High,55,5475,2021-05-28,2026-01-31,1860,18.6,29340.0,69.4,-0.42,0.749,8,178,2025-08-06,51934.0,63.1,2643,Medium
BLW-MFG-0153,Hydraulic Press,Manufacturing,High,55,5475,2021-05-28,2026-02-15,1875,18.6,29619.0,54.4,3.1,0.985,7,140,2025-09-28,130811.0,65.0,2538,Medium
BLW-MFG-0153,Hydraulic Press,Manufacturing,High,55,5475,2021-05-28,2026-03-02,1890,18.6,29898.0,58.6,2.55,0.76,8,82,2025-12-10,14987.0,67.3,2888,Medium
BLW-MFG-0153,Hydraulic Press,Manufacturing,High,55,5475,2021-05-28,2026-03-17,1905,18.6,30177.0,79.1,4.04,0.894,2,230,2025-07-30,47873.0,60.6,2181,High
BLW-MFG-0153,Hydraulic Press,Manufacturing,High,55,5475,2021-05-28,2026-04-01,1920,18.6,30456.0,82.7,2.33,0.947,4,277,2025-06-28,58231.0,62.8,2469,High
BLW-MFG-0153,Hydraulic Press,Manufacturing,High,55,5475,2021-05-28,2026-04-16,1935,18.6,30735.0,65.6,2.16,0.819,0,326,2025-05-25,78364.0,77.1,2363,High
BLW-MFG-0153,Hydraulic Press,Manufacturing,High,55,5475,2021-05-28,2026-05-01,1950,18.6,31014.0,46.6,3.28,0.816,2,9,2026-04-22,94862.0,79.1,2651,Low
BLW-MFG-0153,Hydraulic Press,Manufacturing,High,55,5475,2021-05-28,2026-05-16,1965,18.6,31293.0,65.6,1.56,1.069,5,317,2025-07-03,39624.0,65.2,2421,High
BLW-MFG-0154,CNC Turning Center,Manufacturing,High,22,3650,2023-09-10,2026-01-01,995,19.5,18349.0,78.2,2.45,0.814,3,268,2025-04-08,104068.0,67.5,1686,High
BLW-MFG-0154,CNC Turning Center,Manufacturing,High,22,3650,2023-09-10,2026-01-16,1010,19.5,18641.5,61.8,4.22,0.611,8,78,2025-10-30,93891.0,65.5,1523,Medium
BLW-MFG-0154,CNC Turning Center,Manufacturing,High,22,3650,2023-09-10,2026-01-31,1025,19.5,18934.0,83.1,3.03,0.763,5,209,2025-07-06,97931.0,62.1,1551,High
BLW-MFG-0154,CNC Turning Center,Manufacturing,High,22,3650,2023-09-10,2026-02-15,1040,19.5,19226.5,75.1,2.02,0.787,1,49,2025-12-28,80864.0,79.0,1679,Low
BLW-MFG-0154,CNC Turning Center,Manufacturing,High,22,3650,2023-09-10,2026-03-02,1055,19.5,19519.0,77.2,1.19,0.873,1,22,2026-02-08,126103.0,78.5,1593,Low
BLW-MFG-0154,CNC Turning Center,Manufacturing,High,22,3650,2023-09-10,2026-03-17,1070,19.5,19811.5,60.1,2.86,0.485,2,91,2025-12-16,131656.0,78.5,1689,Low
BLW-MFG-0154,CNC Turning Center,Manufacturing,High,22,3650,2023-09-10,2026-04-01,1085,19.5,20104.0,76.2,2.38,0.828,3,54,2026-02-06,75379.0,76.1,1707,Low
BLW-MFG-0154,CNC Turning Center,Manufacturing,High,22,3650,2023-09-10,2026-04-16,1100,19.5,20396.5,81.4,2.7,0.909,1,16,2026-03-31,87797.0,75.0,1547,Low
BLW-MFG-0154,CNC Turning Center,Manufacturing,High,22,3650,2023-09-10,2026-05-01,1115,19.5,20689.0,76.3,2.66,1.009,6,336,2025-05-30,76037.0,59.4,1626,High
BLW-MFG-0154,CNC Turning Center,Manufacturing,High,22,3650,2023-09-10,2026-05-16,1130,19.5,20981.5,89.7,4.18,0.724,4,25,2026-04-21,58121.0,62.6,1390,Medium
BLW-MFG-0155,CNC Turning Center,Manufacturing,High,22,3650,2020-01-27,2026-01-01,2317,19.0,33573.0,75.7,1.8,0.754,7,40,2025-11-22,72869.0,57.3,1213,Medium
BLW-MFG-0155,CNC Turning Center,Manufacturing,High,22,3650,2020-01-27,2026-01-16,2332,19.0,33858.0,62.2,4.27,0.82,0,184,2025-07-16,85913.0,61.9,1227,High
BLW-MFG-0155,CNC Turning Center,Manufacturing,High,22,3650,2020-01-27,2026-01-31,2347,19.0,34143.0,70.6,1.7,0.805,6,188,2025-07-27,120166.0,56.0,1409,High
BLW-MFG-0155,CNC Turning Center,Manufacturing,High,22,3650,2020-01-27,2026-02-15,2362,19.0,34428.0,75.4,2.31,0.953,0,315,2025-04-06,43543.0,59.5,1219,High
BLW-MFG-0155,CNC Turning Center,Manufacturing,High,22,3650,2020-01-27,2026-03-02,2377,19.0,34713.0,66.1,4.29,0.857,0,36,2026-01-25,125996.0,65.5,1342,Medium
BLW-MFG-0155,CNC Turning Center,Manufacturing,High,22,3650,2020-01-27,2026-03-17,2392,19.0,34998.0,51.8,1.89,0.683,1,110,2025-11-27,144285.0,71.5,1490,Low
BLW-MFG-0155,CNC Turning Center,Manufacturing,High,22,3650,2020-01-27,2026-04-01,2407,19.0,35283.0,88.3,3.32,0.81,1,51,2026-02-09,110150.0,57.3,1081,Medium
BLW-MFG-0155,CNC Turning Center,Manufacturing,High,22,3650,2020-01-27,2026-04-16,2422,19.0,35568.0,50.5,5.59,0.907,8,197,2025-10-01,32472.0,45.5,1169,High
BLW-MFG-0155,CNC Turning Center,Manufacturing,High,22,3650,2020-01-27,2026-05-01,2437,19.0,35853.0,79.9,3.07,0.797,8,336,2025-05-30,41071.0,41.8,1146,High
BLW-MFG-0155,CNC Turning Center,Manufacturing,High,22,3650,2020-01-27,2026-05-16,2452,19.0,36138.0,62.5,4.53,0.894,2,285,2025-08-04,113633.0,56.8,1329,High
BLW-LOC-0156,Wheel Assembly,Locomotive,Critical,0,5475,2024-03-08,2026-01-01,815,7.5,5450.0,78.3,3.88,0.947,5,345,2025-01-21,71514.0,63.1,2496,High
BLW-LOC-0156,Wheel Assembly,Locomotive,Critical,0,5475,2024-03-08,2026-01-16,830,7.5,5562.5,80.7,2.4,1.133,6,53,2025-11-24,29187.0,71.9,2449,Low
BLW-LOC-0156,Wheel Assembly,Locomotive,Critical,0,5475,2024-03-08,2026-01-31,845,7.5,5675.0,99.3,4.46,0.737,2,281,2025-04-25,63226.0,62.2,2267,High
BLW-LOC-0156,Wheel Assembly,Locomotive,Critical,0,5475,2024-03-08,2026-02-15,860,7.5,5787.5,79.9,6.77,0.658,5,336,2025-03-16,27936.0,56.2,2230,High
BLW-LOC-0156,Wheel Assembly,Locomotive,Critical,0,5475,2024-03-08,2026-03-02,875,7.5,5900.0,94.6,3.45,0.835,7,180,2025-09-03,135860.0,60.7,2340,Medium
BLW-LOC-0156,Wheel Assembly,Locomotive,Critical,0,5475,2024-03-08,2026-03-17,890,7.5,6012.5,91.0,5.0,0.753,8,166,2025-10-02,127504.0,55.0,2004,Medium
BLW-LOC-0156,Wheel Assembly,Locomotive,Critical,0,5475,2024-03-08,2026-04-01,905,7.5,6125.0,77.0,5.02,0.893,6,324,2025-05-12,67435.0,64.0,2380,High
BLW-LOC-0156,Wheel Assembly,Locomotive,Critical,0,5475,2024-03-08,2026-04-16,920,7.5,6237.5,84.5,3.98,0.808,5,311,2025-06-09,39905.0,62.3,2509,High
BLW-LOC-0156,Wheel Assembly,Locomotive,Critical,0,5475,2024-03-08,2026-05-01,935,7.5,6350.0,86.1,2.95,0.779,8,109,2026-01-12,59384.0,64.4,2445,Medium
BLW-LOC-0156,Wheel Assembly,Locomotive,Critical,0,5475,2024-03-08,2026-05-16,950,7.5,6462.5,103.1,2.34,0.857,8,130,2026-01-06,57201.0,59.7,2028,Medium
BLW-LOC-0157,Axle Bearing Assembly,Locomotive,Critical,0,4015,2022-07-05,2026-01-01,1427,19.4,19380.0,65.5,2.68,0.754,0,145,2025-08-09,91386.0,78.9,1828,Medium
BLW-LOC-0157,Axle Bearing Assembly,Locomotive,Critical,0,4015,2022-07-05,2026-01-16,1442,19.4,19671.0,70.5,4.06,1.062,8,69,2025-11-08,149045.0,62.6,1429,Medium
BLW-LOC-0157,Axle Bearing Assembly,Locomotive,Critical,0,4015,2022-07-05,2026-01-31,1457,19.4,19962.0,88.3,3.39,0.879,4,3,2026-01-28,48548.0,63.5,1474,Medium
BLW-LOC-0157,Axle Bearing Assembly,Locomotive,Critical,0,4015,2022-07-05,2026-02-15,1472,19.4,20253.0,82.7,2.96,0.757,3,109,2025-10-29,129079.0,65.8,1600,Medium
BLW-LOC-0157,Axle Bearing Assembly,Locomotive,Critical,0,4015,2022-07-05,2026-03-02,1487,19.4,20544.0,90.2,4.72,0.811,0,353,2025-03-14,124239.0,57.2,1426,High
BLW-LOC-0157,Axle Bearing Assembly,Locomotive,Critical,0,4015,2022-07-05,2026-03-17,1502,19.4,20835.0,99.5,3.68,0.848,8,261,2025-06-29,85667.0,44.7,1193,High
BLW-LOC-0157,Axle Bearing Assembly,Locomotive,Critical,0,4015,2022-07-05,2026-04-01,1517,19.4,21126.0,79.9,4.69,0.957,2,48,2026-02-12,10472.0,65.5,1484,Medium
BLW-LOC-0157,Axle Bearing Assembly,Locomotive,Critical,0,4015,2022-07-05,2026-04-16,1532,19.4,21417.0,71.2,4.69,0.876,5,79,2026-01-27,25069.0,62.7,1516,Medium
BLW-LOC-0157,Axle Bearing Assembly,Locomotive,Critical,0,4015,2022-07-05,2026-05-01,1547,19.4,21708.0,83.5,3.36,0.969,5,298,2025-07-07,41229.0,55.5,1637,High
BLW-LOC-0157,Axle Bearing Assembly,Locomotive,Critical,0,4015,2022-07-05,2026-05-16,1562,19.4,21999.0,107.2,2.88,0.903,4,153,2025-12-14,18326.0,52.9,1263,Medium
BLW-LOC-0158,Brake System,Locomotive,Critical,12,2920,2023-03-11,2026-01-01,1178,18.9,20489.0,108.0,3.13,0.893,5,247,2025-04-29,30071.0,45.5,777,High
BLW-LOC-0158,Brake System,Locomotive,Critical,12,2920,2023-03-11,2026-01-16,1193,18.9,20772.5,66.0,2.1,0.749,1,304,2025-03-18,98127.0,65.9,1317,High
BLW-LOC-0158,Brake System,Locomotive,Critical,12,2920,2023-03-11,2026-01-31,1208,18.9,21056.0,110.4,3.78,0.69,0,295,2025-04-11,60324.0,48.7,771,High
BLW-LOC-0158,Brake System,Locomotive,Critical,12,2920,2023-03-11,2026-02-15,1223,18.9,21339.5,65.1,4.68,0.962,0,171,2025-08-28,55450.0,66.6,1168,Medium
BLW-LOC-0158,Brake System,Locomotive,Critical,12,2920,2023-03-11,2026-03-02,1238,18.9,21623.0,104.1,5.98,1.214,6,213,2025-08-01,139886.0,35.5,751,High
BLW-LOC-0158,Brake System,Locomotive,Critical,12,2920,2023-03-11,2026-03-17,1253,18.9,21906.5,76.7,3.04,0.914,1,116,2025-11-21,113413.0,67.5,1149,Medium
BLW-LOC-0158,Brake System,Locomotive,Critical,12,2920,2023-03-11,2026-04-01,1268,18.9,22190.0,63.0,3.51,1.034,0,324,2025-05-12,117726.0,68.3,1231,High
BLW-LOC-0158,Brake System,Locomotive,Critical,12,2920,2023-03-11,2026-04-16,1283,18.9,22473.5,90.7,5.25,0.686,6,27,2026-03-20,49194.0,50.5,812,Medium
BLW-LOC-0158,Brake System,Locomotive,Critical,12,2920,2023-03-11,2026-05-01,1298,18.9,22757.0,86.9,5.17,0.747,0,163,2025-11-19,83290.0,56.8,816,Medium
BLW-LOC-0158,Brake System,Locomotive,Critical,12,2920,2023-03-11,2026-05-16,1313,18.9,23040.5,77.0,5.55,0.881,2,167,2025-11-30,77848.0,55.5,929,Medium
BLW-MFG-0159,Material Handling Crane,Manufacturing,Critical,75,7300,2020-11-09,2026-01-01,2030,6.7,12506.0,47.1,1.79,0.859,6,228,2025-05-18,114162.0,73.4,4003,High
BLW-MFG-0159,Material Handling Crane,Manufacturing,Critical,75,7300,2020-11-09,2026-01-16,2045,6.7,12606.5,64.9,2.93,0.797,8,46,2025-12-01,37202.0,73.0,3634,Low
BLW-MFG-0159,Material Handling Crane,Manufacturing,Critical,75,7300,2020-11-09,2026-01-31,2060,6.7,12707.0,70.6,3.41,0.809,4,201,2025-07-14,26462.0,71.9,3307,High
BLW-MFG-0159,Material Handling Crane,Manufacturing,Critical,75,7300,2020-11-09,2026-02-15,2075,6.7,12807.5,67.4,2.7,0.789,5,42,2026-01-04,73999.0,76.0,3615,Low
BLW-MFG-0159,Material Handling Crane,Manufacturing,Critical,75,7300,2020-11-09,2026-03-02,2090,6.7,12908.0,83.9,4.05,0.714,0,280,2025-05-26,62883.0,70.7,2989,High
BLW-MFG-0159,Material Handling Crane,Manufacturing,Critical,75,7300,2020-11-09,2026-03-17,2105,6.7,13008.5,76.2,2.23,0.859,1,204,2025-08-25,77764.0,78.1,3228,High
BLW-MFG-0159,Material Handling Crane,Manufacturing,Critical,75,7300,2020-11-09,2026-04-01,2120,6.7,13109.0,77.1,4.31,0.833,2,69,2026-01-22,74734.0,75.1,3079,Low
BLW-MFG-0159,Material Handling Crane,Manufacturing,Critical,75,7300,2020-11-09,2026-04-16,2135,6.7,13209.5,80.8,1.15,1.097,3,249,2025-08-10,62321.0,73.9,3341,High
BLW-MFG-0159,Material Handling Crane,Manufacturing,Critical,75,7300,2020-11-09,2026-05-01,2150,6.7,13310.0,47.7,3.46,0.716,3,287,2025-07-18,94320.0,75.2,3679,High
BLW-MFG-0159,Material Handling Crane,Manufacturing,Critical,75,7300,2020-11-09,2026-05-16,2165,6.7,13410.5,60.9,4.26,0.946,8,126,2026-01-10,40136.0,68.7,3368,Medium
BLW-LOC-0160,Traction Motor,Locomotive,Critical,350,4380,2024-05-09,2026-01-01,753,12.0,8181.0,56.8,4.67,0.818,1,57,2025-11-05,102403.0,80.7,2287,Low
BLW-LOC-0160,Traction Motor,Locomotive,Critical,350,4380,2024-05-09,2026-01-16,768,12.0,8361.0,110.3,3.5,1.114,6,187,2025-07-13,55505.0,53.9,1515,High
BLW-LOC-0160,Traction Motor,Locomotive,Critical,350,4380,2024-05-09,2026-01-31,783,12.0,8541.0,70.1,5.56,0.766,5,176,2025-08-08,91112.0,66.7,1827,Medium
BLW-LOC-0160,Traction Motor,Locomotive,Critical,350,4380,2024-05-09,2026-02-15,798,12.0,8721.0,73.5,4.89,0.819,0,156,2025-09-12,29542.0,75.2,2064,Medium
BLW-LOC-0160,Traction Motor,Locomotive,Critical,350,4380,2024-05-09,2026-03-02,813,12.0,8901.0,105.2,4.47,0.791,5,315,2025-04-21,124130.0,50.2,1532,High
BLW-LOC-0160,Traction Motor,Locomotive,Critical,350,4380,2024-05-09,2026-03-17,828,12.0,9081.0,86.8,2.56,0.962,7,319,2025-05-02,26144.0,60.5,1769,High
BLW-LOC-0160,Traction Motor,Locomotive,Critical,350,4380,2024-05-09,2026-04-01,843,12.0,9261.0,68.9,3.2,0.871,0,119,2025-12-03,33954.0,86.6,2207,Low
BLW-LOC-0160,Traction Motor,Locomotive,Critical,350,4380,2024-05-09,2026-04-16,858,12.0,9441.0,71.0,4.11,0.843,5,79,2026-01-27,114871.0,72.8,2069,Low
BLW-LOC-0160,Traction Motor,Locomotive,Critical,350,4380,2024-05-09,2026-05-01,873,12.0,9621.0,102.5,3.87,1.087,1,57,2026-03-05,112239.0,69.6,1604,Medium
BLW-LOC-0160,Traction Motor,Locomotive,Critical,350,4380,2024-05-09,2026-05-16,888,12.0,9801.0,118.3,4.34,0.795,3,317,2025-07-03,139376.0,55.5,1532,High
BLW-LOC-0161,Air Compressor,Locomotive,High,22,3650,2020-01-29,2026-01-01,2315,10.8,23534.0,77.5,2.9,0.829,4,230,2025-05-16,73323.0,57.0,1370,High
BLW-LOC-0161,Air Compressor,Locomotive,High,22,3650,2020-01-29,2026-01-16,2330,10.8,23696.0,87.4,3.67,1.035,5,107,2025-10-01,112302.0,50.8,1171,Medium
BLW-LOC-0161,Air Compressor,Locomotive,High,22,3650,2020-01-29,2026-01-31,2345,10.8,23858.0,75.3,4.12,0.846,3,104,2025-10-19,84232.0,58.4,1199,Medium
BLW-LOC-0161,Air Compressor,Locomotive,High,22,3650,2020-01-29,2026-02-15,2360,10.8,24020.0,100.6,2.77,0.776,4,280,2025-05-11,75039.0,48.9,1106,High
BLW-LOC-0161,Air Compressor,Locomotive,High,22,3650,2020-01-29,2026-03-02,2375,10.8,24182.0,45.4,3.02,0.653,2,355,2025-03-12,106320.0,61.3,1247,High
BLW-LOC-0161,Air Compressor,Locomotive,High,22,3650,2020-01-29,2026-03-17,2390,10.8,24344.0,79.9,2.38,0.882,0,192,2025-09-06,89536.0,62.4,1342,High
BLW-LOC-0161,Air Compressor,Locomotive,High,22,3650,2020-01-29,2026-04-01,2405,10.8,24506.0,76.6,5.6,1.049,8,22,2026-03-10,42041.0,48.0,1032,High
BLW-LOC-0161,Air Compressor,Locomotive,High,22,3650,2020-01-29,2026-04-16,2420,10.8,24668.0,113.4,1.99,0.717,0,145,2025-11-22,34101.0,55.1,1128,Medium
BLW-LOC-0161,Air Compressor,Locomotive,High,22,3650,2020-01-29,2026-05-01,2435,10.8,24830.0,81.4,3.68,0.717,4,27,2026-04-04,72419.0,59.1,1241,Medium
BLW-LOC-0161,Air Compressor,Locomotive,High,22,3650,2020-01-29,2026-05-16,2450,10.8,24992.0,97.0,3.19,0.81,0,34,2026-04-12,61354.0,58.0,1097,Medium
BLW-LOC-0162,Traction Motor,Locomotive,Critical,350,4380,2023-09-19,2026-01-01,986,17.9,15850.0,61.8,2.09,0.799,1,9,2025-12-23,47412.0,87.2,2198,Low
BLW-LOC-0162,Traction Motor,Locomotive,Critical,350,4380,2023-09-19,2026-01-16,1001,17.9,16118.5,85.8,3.64,0.82,6,118,2025-09-20,147070.0,61.9,1652,Medium
BLW-LOC-0162,Traction Motor,Locomotive,Critical,350,4380,2023-09-19,2026-01-31,1016,17.9,16387.0,81.2,3.78,0.68,8,363,2025-02-02,19443.0,54.2,1686,High
BLW-LOC-0162,Traction Motor,Locomotive,Critical,350,4380,2023-09-19,2026-02-15,1031,17.9,16655.5,81.8,5.05,0.976,5,248,2025-06-12,130682.0,57.3,1632,High
BLW-LOC-0162,Traction Motor,Locomotive,Critical,350,4380,2023-09-19,2026-03-02,1046,17.9,16924.0,95.4,4.51,0.796,8,45,2026-01-16,32031.0,52.4,1349,Medium
BLW-LOC-0162,Traction Motor,Locomotive,Critical,350,4380,2023-09-19,2026-03-17,1061,17.9,17192.5,84.3,3.65,1.011,8,234,2025-07-26,86300.0,55.9,1852,High
BLW-LOC-0162,Traction Motor,Locomotive,Critical,350,4380,2023-09-19,2026-04-01,1076,17.9,17461.0,72.3,5.17,0.817,0,20,2026-03-12,40872.0,77.2,1695,Low
BLW-LOC-0162,Traction Motor,Locomotive,Critical,350,4380,2023-09-19,2026-04-16,1091,17.9,17729.5,87.1,1.47,0.853,8,156,2025-11-11,53368.0,62.1,1813,Medium
BLW-LOC-0162,Traction Motor,Locomotive,Critical,350,4380,2023-09-19,2026-05-01,1106,17.9,17998.0,68.6,4.92,0.878,6,80,2026-02-10,7664.0,65.0,1842,Medium
BLW-LOC-0162,Traction Motor,Locomotive,Critical,350,4380,2023-09-19,2026-05-16,1121,17.9,18266.5,124.8,5.33,1.035,5,181,2025-11-16,95658.0,47.6,1079,High
BLW-MFG-0163,Material Handling Crane,Manufacturing,Critical,75,7300,2022-10-23,2026-01-01,1317,9.9,9369.0,36.2,2.19,0.772,4,198,2025-06-17,134108.0,78.7,3725,High
BLW-MFG-0163,Material Handling Crane,Manufacturing,Critical,75,7300,2022-10-23,2026-01-16,1332,9.9,9517.5,42.0,2.82,0.907,0,284,2025-04-07,142622.0,86.1,4002,High
BLW-MFG-0163,Material Handling Crane,Manufacturing,Critical,75,7300,2022-10-23,2026-01-31,1347,9.9,9666.0,55.0,1.16,0.654,3,77,2025-11-15,54559.0,85.3,3825,Low
BLW-MFG-0163,Material Handling Crane,Manufacturing,Critical,75,7300,2022-10-23,2026-02-15,1362,9.9,9814.5,65.5,2.04,0.869,6,336,2025-03-16,24903.0,72.0,3825,High
BLW-MFG-0163,Material Handling Crane,Manufacturing,Critical,75,7300,2022-10-23,2026-03-02,1377,9.9,9963.0,81.9,1.94,0.882,6,266,2025-06-09,144288.0,67.8,3413,High
BLW-MFG-0163,Material Handling Crane,Manufacturing,Critical,75,7300,2022-10-23,2026-03-17,1392,9.9,10111.5,79.6,3.84,0.75,3,213,2025-08-16,39852.0,69.8,3317,High
BLW-MFG-0163,Material Handling Crane,Manufacturing,Critical,75,7300,2022-10-23,2026-04-01,1407,9.9,10260.0,66.5,3.63,0.878,2,218,2025-08-26,145728.0,80.4,3334,High
BLW-MFG-0163,Material Handling Crane,Manufacturing,Critical,75,7300,2022-10-23,2026-04-16,1422,9.9,10408.5,69.1,2.33,0.915,5,229,2025-08-30,83624.0,72.4,3778,High
BLW-MFG-0163,Material Handling Crane,Manufacturing,Critical,75,7300,2022-10-23,2026-05-01,1437,9.9,10557.0,63.8,2.54,0.715,3,334,2025-06-01,25094.0,76.3,4038,High
BLW-MFG-0163,Material Handling Crane,Manufacturing,Critical,75,7300,2022-10-23,2026-05-16,1452,9.9,10705.5,71.9,3.81,1.031,8,350,2025-05-31,121015.0,60.9,3263,High
BLW-MFG-0164,Hydraulic Press,Manufacturing,High,55,5475,2021-09-24,2026-01-01,1711,15.6,25880.0,70.6,2.31,0.77,2,220,2025-05-26,149374.0,70.7,2642,High
BLW-MFG-0164,Hydraulic Press,Manufacturing,High,55,5475,2021-09-24,2026-01-16,1726,15.6,26114.0,61.2,3.01,0.721,2,335,2025-02-15,140289.0,72.1,2492,High
BLW-MFG-0164,Hydraulic Press,Manufacturing,High,55,5475,2021-09-24,2026-01-31,1741,15.6,26348.0,64.9,3.69,0.909,2,162,2025-08-22,14833.0,72.7,2235,Medium
BLW-MFG-0164,Hydraulic Press,Manufacturing,High,55,5475,2021-09-24,2026-02-15,1756,15.6,26582.0,103.3,4.52,0.907,8,60,2025-12-17,31700.0,45.8,1661,High
BLW-MFG-0164,Hydraulic Press,Manufacturing,High,55,5475,2021-09-24,2026-03-02,1771,15.6,26816.0,61.7,4.14,0.866,2,15,2026-02-15,115988.0,75.5,2391,Low
BLW-MFG-0164,Hydraulic Press,Manufacturing,High,55,5475,2021-09-24,2026-03-17,1786,15.6,27050.0,82.5,4.49,0.998,6,210,2025-08-19,48985.0,55.9,2003,High
BLW-MFG-0164,Hydraulic Press,Manufacturing,High,55,5475,2021-09-24,2026-04-01,1801,15.6,27284.0,30.9,3.37,0.85,4,77,2026-01-14,117971.0,74.6,2549,Low
BLW-MFG-0164,Hydraulic Press,Manufacturing,High,55,5475,2021-09-24,2026-04-16,1816,15.6,27518.0,54.7,3.65,0.918,1,67,2026-02-08,31788.0,80.3,2667,Low
BLW-MFG-0164,Hydraulic Press,Manufacturing,High,55,5475,2021-09-24,2026-05-01,1831,15.6,27752.0,78.6,2.83,0.853,4,310,2025-06-25,87221.0,62.2,2324,High
BLW-MFG-0164,Hydraulic Press,Manufacturing,High,55,5475,2021-09-24,2026-05-16,1846,15.6,27986.0,84.2,3.83,1.073,3,305,2025-07-15,38666.0,62.1,2126,High
BLW-MFG-0165,CNC Wheel Lathe,Manufacturing,High,45,3650,2022-01-05,2026-01-01,1608,7.1,10663.0,19.0,3.91,0.766,2,257,2025-04-19,127690.0,69.9,1615,High
BLW-MFG-0165,CNC Wheel Lathe,Manufacturing,High,45,3650,2022-01-05,2026-01-16,1623,7.1,10769.5,60.4,3.4,0.669,7,364,2025-01-17,99187.0,59.0,1669,High
BLW-MFG-0165,CNC Wheel Lathe,Manufacturing,High,45,3650,2022-01-05,2026-01-31,1638,7.1,10876.0,74.1,3.48,0.751,2,198,2025-07-17,76260.0,66.9,1494,High
BLW-MFG-0165,CNC Wheel Lathe,Manufacturing,High,45,3650,2022-01-05,2026-02-15,1653,7.1,10982.5,70.3,4.29,0.63,2,83,2025-11-24,33023.0,70.3,1408,Low
BLW-MFG-0165,CNC Wheel Lathe,Manufacturing,High,45,3650,2022-01-05,2026-03-02,1668,7.1,11089.0,48.4,3.87,0.894,0,209,2025-08-05,115858.0,76.8,1744,High
BLW-MFG-0165,CNC Wheel Lathe,Manufacturing,High,45,3650,2022-01-05,2026-03-17,1683,7.1,11195.5,63.2,2.66,1.064,0,138,2025-10-30,142779.0,80.1,1793,Medium
BLW-MFG-0165,CNC Wheel Lathe,Manufacturing,High,45,3650,2022-01-05,2026-04-01,1698,7.1,11302.0,69.9,1.44,0.646,3,343,2025-04-23,148295.0,67.8,1775,High
BLW-MFG-0165,CNC Wheel Lathe,Manufacturing,High,45,3650,2022-01-05,2026-04-16,1713,7.1,11408.5,80.1,3.97,0.756,3,33,2026-03-14,30676.0,69.7,1354,Medium
BLW-MFG-0165,CNC Wheel Lathe,Manufacturing,High,45,3650,2022-01-05,2026-05-01,1728,7.1,11515.0,74.0,3.19,0.843,7,315,2025-06-20,76042.0,59.0,1461,High
BLW-MFG-0165,CNC Wheel Lathe,Manufacturing,High,45,3650,2022-01-05,2026-05-16,1743,7.1,11621.5,56.0,3.27,0.825,5,234,2025-09-24,133700.0,73.3,1729,High
BLW-LOC-0166,Wheel Assembly,Locomotive,Critical,0,5475,2022-04-09,2026-01-01,1514,16.9,22577.0,71.9,2.23,0.624,6,160,2025-07-25,62152.0,67.1,2513,Medium
BLW-LOC-0166,Wheel Assembly,Locomotive,Critical,0,5475,2022-04-09,2026-01-16,1529,16.9,22830.5,100.2,4.9,0.882,8,268,2025-04-23,98002.0,42.2,1701,High
BLW-LOC-0166,Wheel Assembly,Locomotive,Critical,0,5475,2022-04-09,2026-01-31,1544,16.9,23084.0,71.8,5.66,0.837,0,266,2025-05-10,20851.0,66.1,1917,High
BLW-LOC-0166,Wheel Assembly,Locomotive,Critical,0,5475,2022-04-09,2026-02-15,1559,16.9,23337.5,77.5,4.65,0.737,7,21,2026-01-25,132278.0,60.1,2178,Medium
BLW-LOC-0166,Wheel Assembly,Locomotive,Critical,0,5475,2022-04-09,2026-03-02,1574,16.9,23591.0,59.1,4.97,0.806,3,265,2025-06-10,82991.0,67.1,2261,High
BLW-LOC-0166,Wheel Assembly,Locomotive,Critical,0,5475,2022-04-09,2026-03-17,1589,16.9,23844.5,87.7,6.7,0.969,0,285,2025-06-05,61173.0,54.9,1867,High
BLW-LOC-0166,Wheel Assembly,Locomotive,Critical,0,5475,2022-04-09,2026-04-01,1604,16.9,24098.0,78.0,5.45,0.977,0,97,2025-12-25,47221.0,64.7,1976,Medium
BLW-LOC-0166,Wheel Assembly,Locomotive,Critical,0,5475,2022-04-09,2026-04-16,1619,16.9,24351.5,97.8,4.03,0.762,6,155,2025-11-12,117183.0,52.0,1675,Medium
BLW-LOC-0166,Wheel Assembly,Locomotive,Critical,0,5475,2022-04-09,2026-05-01,1634,16.9,24605.0,83.1,6.55,0.987,4,236,2025-09-07,29141.0,56.0,1888,High
BLW-LOC-0166,Wheel Assembly,Locomotive,Critical,0,5475,2022-04-09,2026-05-16,1649,16.9,24858.5,100.6,6.32,0.94,4,313,2025-07-07,138260.0,43.9,1629,High
BLW-MFG-0167,Hydraulic Press,Manufacturing,High,55,5475,2022-08-07,2026-01-01,1394,17.6,20499.0,82.4,2.37,0.748,8,57,2025-11-05,31067.0,64.4,2457,Medium
BLW-MFG-0167,Hydraulic Press,Manufacturing,High,55,5475,2022-08-07,2026-01-16,1409,17.6,20763.0,75.4,1.57,1.016,8,69,2025-11-08,61995.0,66.8,2481,Medium
BLW-MFG-0167,Hydraulic Press,Manufacturing,High,55,5475,2022-08-07,2026-01-31,1424,17.6,21027.0,55.8,5.33,0.854,5,230,2025-06-15,8612.0,63.6,2504,High
BLW-MFG-0167,Hydraulic Press,Manufacturing,High,55,5475,2022-08-07,2026-02-15,1439,17.6,21291.0,76.6,2.78,0.919,7,302,2025-04-19,135010.0,59.0,2356,High
BLW-MFG-0167,Hydraulic Press,Manufacturing,High,55,5475,2022-08-07,2026-03-02,1454,17.6,21555.0,44.1,1.81,1.021,3,232,2025-07-13,18076.0,80.8,2830,High
BLW-MFG-0167,Hydraulic Press,Manufacturing,High,55,5475,2022-08-07,2026-03-17,1469,17.6,21819.0,89.0,2.91,0.821,5,354,2025-03-28,99044.0,57.1,2215,High
BLW-MFG-0167,Hydraulic Press,Manufacturing,High,55,5475,2022-08-07,2026-04-01,1484,17.6,22083.0,67.2,4.13,0.865,2,63,2026-01-28,18223.0,76.7,2594,Low
BLW-MFG-0167,Hydraulic Press,Manufacturing,High,55,5475,2022-08-07,2026-04-16,1499,17.6,22347.0,75.3,2.28,0.72,7,324,2025-05-27,57627.0,61.9,2474,High
BLW-MFG-0167,Hydraulic Press,Manufacturing,High,55,5475,2022-08-07,2026-05-01,1514,17.6,22611.0,72.4,3.19,1.118,8,362,2025-05-04,60693.0,55.3,2179,High
BLW-MFG-0167,Hydraulic Press,Manufacturing,High,55,5475,2022-08-07,2026-05-16,1529,17.6,22875.0,76.2,2.91,0.897,8,313,2025-07-07,142714.0,58.8,2547,High
BLW-LOC-0168,Brake System,Locomotive,Critical,12,2920,2023-02-01,2026-01-01,1216,11.3,12786.0,55.4,2.83,0.901,5,289,2025-03-18,131339.0,67.8,1469,High
BLW-LOC-0168,Brake System,Locomotive,Critical,12,2920,2023-02-01,2026-01-16,1231,11.3,12955.5,93.1,3.48,0.748,2,83,2025-10-25,130979.0,61.8,982,Medium
BLW-LOC-0168,Brake System,Locomotive,Critical,12,2920,2023-02-01,2026-01-31,1246,11.3,13125.0,89.4,3.91,0.701,2,364,2025-02-01,12440.0,54.5,1061,High
BLW-LOC-0168,Brake System,Locomotive,Critical,12,2920,2023-02-01,2026-02-15,1261,11.3,13294.5,85.7,4.33,0.911,4,158,2025-09-10,110873.0,59.8,1019,Medium
BLW-LOC-0168,Brake System,Locomotive,Critical,12,2920,2023-02-01,2026-03-02,1276,11.3,13464.0,75.4,2.6,0.9,7,147,2025-10-06,95836.0,57.9,1179,Medium
BLW-LOC-0168,Brake System,Locomotive,Critical,12,2920,2023-02-01,2026-03-17,1291,11.3,13633.5,78.9,2.11,0.764,1,67,2026-01-09,144263.0,75.9,1248,Low
BLW-LOC-0168,Brake System,Locomotive,Critical,12,2920,2023-02-01,2026-04-01,1306,11.3,13803.0,84.3,4.17,0.891,0,318,2025-05-18,115982.0,63.0,1064,High
BLW-LOC-0168,Brake System,Locomotive,Critical,12,2920,2023-02-01,2026-04-16,1321,11.3,13972.5,61.7,5.81,0.929,0,234,2025-08-25,77156.0,66.7,1076,High
BLW-LOC-0168,Brake System,Locomotive,Critical,12,2920,2023-02-01,2026-05-01,1336,11.3,14142.0,90.3,3.76,1.079,7,278,2025-07-27,122081.0,48.0,942,High
BLW-LOC-0168,Brake System,Locomotive,Critical,12,2920,2023-02-01,2026-05-16,1351,11.3,14311.5,98.6,5.06,0.915,7,121,2026-01-15,36447.0,46.6,823,High
BLW-LOC-0169,Diesel Engine Auxiliary,Locomotive,High,85,3650,2022-07-18,2026-01-01,1414,11.7,11975.0,81.5,4.9,0.925,0,125,2025-08-29,132914.0,67.1,1475,Medium
BLW-LOC-0169,Diesel Engine Auxiliary,Locomotive,High,85,3650,2022-07-18,2026-01-16,1429,11.7,12150.5,43.3,6.01,0.65,4,317,2025-03-05,96152.0,59.2,1483,High
BLW-LOC-0169,Diesel Engine Auxiliary,Locomotive,High,85,3650,2022-07-18,2026-01-31,1444,11.7,12326.0,77.4,4.81,0.733,3,25,2026-01-06,31802.0,67.1,1366,Medium
BLW-LOC-0169,Diesel Engine Auxiliary,Locomotive,High,85,3650,2022-07-18,2026-02-15,1459,11.7,12501.5,84.8,3.57,0.876,0,334,2025-03-18,55608.0,63.4,1414,High
BLW-LOC-0169,Diesel Engine Auxiliary,Locomotive,High,85,3650,2022-07-18,2026-03-02,1474,11.7,12677.0,85.5,4.83,0.798,2,16,2026-02-14,101714.0,64.1,1368,Medium
BLW-LOC-0169,Diesel Engine Auxiliary,Locomotive,High,85,3650,2022-07-18,2026-03-17,1489,11.7,12852.5,81.5,4.75,0.766,4,169,2025-09-29,138456.0,56.7,1323,Medium
BLW-LOC-0169,Diesel Engine Auxiliary,Locomotive,High,85,3650,2022-07-18,2026-04-01,1504,11.7,13028.0,71.3,3.71,0.804,0,55,2026-02-05,65459.0,78.1,1560,Low
BLW-LOC-0169,Diesel Engine Auxiliary,Locomotive,High,85,3650,2022-07-18,2026-04-16,1519,11.7,13203.5,85.9,4.04,0.908,2,82,2026-01-24,102453.0,65.8,1421,Medium
BLW-LOC-0169,Diesel Engine Auxiliary,Locomotive,High,85,3650,2022-07-18,2026-05-01,1534,11.7,13379.0,72.5,5.58,0.862,8,90,2026-01-31,145113.0,53.5,1368,Medium
BLW-LOC-0169,Diesel Engine Auxiliary,Locomotive,High,85,3650,2022-07-18,2026-05-16,1549,11.7,13554.5,72.4,4.75,1.16,5,18,2026-04-28,18503.0,64.3,1471,Medium
BLW-LOC-0170,Air Compressor,Locomotive,High,22,3650,2021-10-23,2026-01-01,1682,11.2,15328.0,51.7,4.04,0.744,1,218,2025-05-28,127280.0,70.6,1503,High
BLW-LOC-0170,Air Compressor,Locomotive,High,22,3650,2021-10-23,2026-01-16,1697,11.2,15496.0,89.8,4.76,0.858,1,149,2025-08-20,73268.0,58.1,1317,Medium
BLW-LOC-0170,Air Compressor,Locomotive,High,22,3650,2021-10-23,2026-01-31,1712,11.2,15664.0,68.3,1.01,0.915,1,355,2025-02-10,129614.0,68.9,1747,High
BLW-LOC-0170,Air Compressor,Locomotive,High,22,3650,2021-10-23,2026-02-15,1727,11.2,15832.0,74.7,4.37,1.033,5,269,2025-05-22,64995.0,54.3,1337,High
BLW-LOC-0170,Air Compressor,Locomotive,High,22,3650,2021-10-23,2026-03-02,1742,11.2,16000.0,80.1,5.55,0.791,3,356,2025-03-11,35312.0,50.7,1272,High
BLW-LOC-0170,Air Compressor,Locomotive,High,22,3650,2021-10-23,2026-03-17,1757,11.2,16168.0,73.3,3.93,0.689,0,55,2026-01-21,87848.0,76.2,1369,Low
BLW-LOC-0170,Air Compressor,Locomotive,High,22,3650,2021-10-23,2026-04-01,1772,11.2,16336.0,78.0,3.76,1.11,8,44,2026-02-16,75131.0,55.4,1499,Medium
BLW-LOC-0170,Air Compressor,Locomotive,High,22,3650,2021-10-23,2026-04-16,1787,11.2,16504.0,95.0,4.35,0.767,4,218,2025-09-10,93282.0,52.1,1130,High
BLW-LOC-0170,Air Compressor,Locomotive,High,22,3650,2021-10-23,2026-05-01,1802,11.2,16672.0,103.4,2.73,0.876,5,132,2025-12-20,81182.0,52.5,1144,Medium
BLW-LOC-0170,Air Compressor,Locomotive,High,22,3650,2021-10-23,2026-05-16,1817,11.2,16840.0,96.3,4.59,1.04,5,66,2026-03-11,94072.0,49.7,1191,High
BLW-LOC-0171,Diesel Engine Auxiliary,Locomotive,High,85,3650,2022-11-30,2026-01-01,1279,16.2,17598.0,115.6,2.96,1.077,2,312,2025-02-23,38745.0,51.4,1053,High
BLW-LOC-0171,Diesel Engine Auxiliary,Locomotive,High,85,3650,2022-11-30,2026-01-16,1294,16.2,17841.0,74.2,4.81,0.754,4,99,2025-10-09,5229.0,62.0,1446,Medium
BLW-LOC-0171,Diesel Engine Auxiliary,Locomotive,High,85,3650,2022-11-30,2026-01-31,1309,16.2,18084.0,79.6,4.3,0.889,0,238,2025-06-07,95692.0,66.3,1391,High
BLW-LOC-0171,Diesel Engine Auxiliary,Locomotive,High,85,3650,2022-11-30,2026-02-15,1324,16.2,18327.0,83.9,2.54,1.02,1,106,2025-11-01,120937.0,70.1,1592,Low
BLW-LOC-0171,Diesel Engine Auxiliary,Locomotive,High,85,3650,2022-11-30,2026-03-02,1339,16.2,18570.0,77.7,3.94,0.811,6,211,2025-08-03,11596.0,55.9,1295,High
BLW-LOC-0171,Diesel Engine Auxiliary,Locomotive,High,85,3650,2022-11-30,2026-03-17,1354,16.2,18813.0,66.2,3.36,0.9,5,286,2025-06-04,121876.0,65.0,1559,High
BLW-LOC-0171,Diesel Engine Auxiliary,Locomotive,High,85,3650,2022-11-30,2026-04-01,1369,16.2,19056.0,69.6,2.07,0.938,3,5,2026-03-27,97890.0,79.5,1784,Low
BLW-LOC-0171,Diesel Engine Auxiliary,Locomotive,High,85,3650,2022-11-30,2026-04-16,1384,16.2,19299.0,94.2,4.62,1.089,4,130,2025-12-07,119578.0,55.1,1247,Medium
BLW-LOC-0171,Diesel Engine Auxiliary,Locomotive,High,85,3650,2022-11-30,2026-05-01,1399,16.2,19542.0,79.6,2.27,0.808,4,153,2025-11-29,78470.0,66.9,1553,Medium
BLW-LOC-0171,Diesel Engine Auxiliary,Locomotive,High,85,3650,2022-11-30,2026-05-16,1414,16.2,19785.0,114.1,4.05,1.036,5,3,2026-05-13,21506.0,51.1,1019,Medium
BLW-LOC-0172,Alternator,Locomotive,Critical,110,4380,2021-11-30,2026-01-01,1644,11.5,16461.0,58.1,2.61,0.913,0,89,2025-10-04,33132.0,83.5,2217,Low
BLW-LOC-0172,Alternator,Locomotive,Critical,110,4380,2021-11-30,2026-01-16,1659,11.5,16633.5,81.5,3.13,1.113,5,344,2025-02-06,74471.0,57.1,1832,High
BLW-LOC-0172,Alternator,Locomotive,Critical,110,4380,2021-11-30,2026-01-31,1674,11.5,16806.0,73.6,4.45,0.971,7,18,2026-01-13,98620.0,62.2,1486,Medium
BLW-LOC-0172,Alternator,Locomotive,Critical,110,4380,2021-11-30,2026-02-15,1689,11.5,16978.5,80.7,5.13,0.928,7,79,2025-11-28,95944.0,56.0,1393,Medium
BLW-LOC-0172,Alternator,Locomotive,Critical,110,4380,2021-11-30,2026-03-02,1704,11.5,17151.0,70.4,4.19,0.919,8,171,2025-09-12,72058.0,59.7,1729,Medium
BLW-LOC-0172,Alternator,Locomotive,Critical,110,4380,2021-11-30,2026-03-17,1719,11.5,17323.5,88.1,3.77,0.757,6,28,2026-02-17,126090.0,56.3,1605,Medium
BLW-LOC-0172,Alternator,Locomotive,Critical,110,4380,2021-11-30,2026-04-01,1734,11.5,17496.0,85.4,3.06,0.686,4,289,2025-06-16,110120.0,60.2,1675,High
BLW-LOC-0172,Alternator,Locomotive,Critical,110,4380,2021-11-30,2026-04-16,1749,11.5,17668.5,92.0,6.09,0.628,5,284,2025-07-06,82703.0,44.8,1288,High
BLW-LOC-0172,Alternator,Locomotive,Critical,110,4380,2021-11-30,2026-05-01,1764,11.5,17841.0,106.2,1.94,1.122,3,295,2025-07-10,104397.0,55.9,1532,High
BLW-LOC-0172,Alternator,Locomotive,Critical,110,4380,2021-11-30,2026-05-16,1779,11.5,18013.5,82.2,3.43,1.021,5,33,2026-04-13,145594.0,63.1,1722,Medium
BLW-LOC-0173,Traction Motor,Locomotive,Critical,350,4380,2024-09-17,2026-01-01,622,6.4,3961.0,72.2,2.59,1.16,8,84,2025-10-09,87792.0,73.3,2243,Low
BLW-LOC-0173,Traction Motor,Locomotive,Critical,350,4380,2024-09-17,2026-01-16,637,6.4,4057.0,95.9,1.84,1.065,6,95,2025-10-13,91303.0,64.5,1869,Medium
BLW-LOC-0173,Traction Motor,Locomotive,Critical,350,4380,2024-09-17,2026-01-31,652,6.4,4153.0,72.7,4.3,0.886,4,361,2025-02-04,129384.0,66.6,2042,High
BLW-LOC-0173,Traction Motor,Locomotive,Critical,350,4380,2024-09-17,2026-02-15,667,6.4,4249.0,65.7,1.85,0.952,0,139,2025-09-29,65011.0,90.9,2594,Medium
BLW-LOC-0173,Traction Motor,Locomotive,Critical,350,4380,2024-09-17,2026-03-02,682,6.4,4345.0,69.3,4.53,0.836,7,121,2025-11-01,58880.0,70.5,2138,Medium
BLW-LOC-0173,Traction Motor,Locomotive,Critical,350,4380,2024-09-17,2026-03-17,697,6.4,4441.0,85.2,3.34,0.99,4,110,2025-11-27,81140.0,72.6,1906,Low
BLW-LOC-0173,Traction Motor,Locomotive,Critical,350,4380,2024-09-17,2026-04-01,712,6.4,4537.0,62.9,3.45,1.062,2,57,2026-02-03,59261.0,87.1,2150,Low
BLW-LOC-0173,Traction Motor,Locomotive,Critical,350,4380,2024-09-17,2026-04-16,727,6.4,4633.0,66.1,5.38,0.749,0,103,2026-01-03,137436.0,81.4,2002,Low
BLW-LOC-0173,Traction Motor,Locomotive,Critical,350,4380,2024-09-17,2026-05-01,742,6.4,4729.0,108.7,2.98,1.027,7,259,2025-08-15,8616.0,54.1,1690,High
BLW-LOC-0173,Traction Motor,Locomotive,Critical,350,4380,2024-09-17,2026-05-16,757,6.4,4825.0,55.6,1.31,0.869,7,256,2025-09-02,27341.0,76.7,2270,High
BLW-LOC-0174,Alternator,Locomotive,Critical,110,4380,2022-09-17,2026-01-01,1353,16.3,18902.0,61.7,4.17,0.918,5,73,2025-10-20,116575.0,70.0,1993,Low
BLW-LOC-0174,Alternator,Locomotive,Critical,110,4380,2022-09-17,2026-01-16,1368,16.3,19146.5,61.2,3.12,1.053,1,264,2025-04-27,103124.0,75.6,2084,High
BLW-LOC-0174,Alternator,Locomotive,Critical,110,4380,2022-09-17,2026-01-31,1383,16.3,19391.0,114.2,1.92,0.956,2,105,2025-10-18,110063.0,64.4,1450,Medium
BLW-LOC-0174,Alternator,Locomotive,Critical,110,4380,2022-09-17,2026-02-15,1398,16.3,19635.5,93.3,2.47,0.783,7,198,2025-08-01,108483.0,56.2,1716,High
BLW-LOC-0174,Alternator,Locomotive,Critical,110,4380,2022-09-17,2026-03-02,1413,16.3,19880.0,98.0,5.58,0.862,8,59,2026-01-02,5596.0,48.2,1249,High
BLW-LOC-0174,Alternator,Locomotive,Critical,110,4380,2022-09-17,2026-03-17,1428,16.3,20124.5,95.5,4.0,0.928,0,351,2025-03-31,127978.0,59.1,1420,High
BLW-LOC-0174,Alternator,Locomotive,Critical,110,4380,2022-09-17,2026-04-01,1443,16.3,20369.0,65.9,3.92,0.678,1,170,2025-10-13,72697.0,75.0,2014,Medium
BLW-LOC-0174,Alternator,Locomotive,Critical,110,4380,2022-09-17,2026-04-16,1458,16.3,20613.5,88.5,2.5,1.051,0,52,2026-02-23,80484.0,77.1,1797,Low
BLW-LOC-0174,Alternator,Locomotive,Critical,110,4380,2022-09-17,2026-05-01,1473,16.3,20858.0,92.1,4.14,0.954,4,11,2026-04-20,88746.0,61.5,1530,Medium
BLW-LOC-0174,Alternator,Locomotive,Critical,110,4380,2022-09-17,2026-05-16,1488,16.3,21102.5,98.8,6.76,0.727,4,327,2025-06-23,134360.0,42.2,1116,High
BLW-LOC-0175,Alternator,Locomotive,Critical,110,4380,2021-02-14,2026-01-01,1933,8.7,13168.0,101.9,2.79,0.677,5,225,2025-05-21,102313.0,54.0,1604,High
BLW-LOC-0175,Alternator,Locomotive,Critical,110,4380,2021-02-14,2026-01-16,1948,8.7,13298.5,88.8,3.8,0.904,4,76,2025-11-01,27837.0,63.3,1491,Medium
BLW-LOC-0175,Alternator,Locomotive,Critical,110,4380,2021-02-14,2026-01-31,1963,8.7,13429.0,77.9,3.06,0.72,1,7,2026-01-24,143953.0,74.6,1906,Low
BLW-LOC-0175,Alternator,Locomotive,Critical,110,4380,2021-02-14,2026-02-15,1978,8.7,13559.5,88.9,4.42,0.883,8,263,2025-05-28,19844.0,47.7,1396,High
BLW-LOC-0175,Alternator,Locomotive,Critical,110,4380,2021-02-14,2026-03-02,1993,8.7,13690.0,76.6,3.93,0.903,8,179,2025-09-04,84658.0,56.1,1653,Medium
BLW-LOC-0175,Alternator,Locomotive,Critical,110,4380,2021-02-14,2026-03-17,2008,8.7,13820.5,76.3,7.54,0.984,4,72,2026-01-04,141775.0,57.3,1339,Medium
BLW-LOC-0175,Alternator,Locomotive,Critical,110,4380,2021-02-14,2026-04-01,2023,8.7,13951.0,76.0,3.64,0.915,4,293,2025-06-12,40500.0,57.9,1606,High
BLW-LOC-0175,Alternator,Locomotive,Critical,110,4380,2021-02-14,2026-04-16,2038,8.7,14081.5,74.0,4.1,0.856,1,159,2025-11-08,93923.0,71.5,1625,Medium
BLW-LOC-0175,Alternator,Locomotive,Critical,110,4380,2021-02-14,2026-05-01,2053,8.7,14212.0,73.1,5.72,0.906,5,276,2025-07-29,69329.0,55.7,1726,High
BLW-LOC-0175,Alternator,Locomotive,Critical,110,4380,2021-02-14,2026-05-16,2068,8.7,14342.5,74.8,3.83,0.862,2,14,2026-05-02,73257.0,69.1,1733,Medium
BLW-MFG-0176,CNC Milling Machine,Manufacturing,High,30,3650,2020-08-04,2026-01-01,2127,11.4,17600.0,75.6,3.29,0.882,6,91,2025-10-02,107178.0,58.3,1302,Medium
BLW-MFG-0176,CNC Milling Machine,Manufacturing,High,30,3650,2020-08-04,2026-01-16,2142,11.4,17771.0,81.0,2.4,0.854,7,315,2025-03-07,56566.0,51.6,1449,High
BLW-MFG-0176,CNC Milling Machine,Manufacturing,High,30,3650,2020-08-04,2026-01-31,2157,11.4,17942.0,78.3,1.73,0.711,5,101,2025-10-22,108370.0,64.1,1423,Medium
BLW-MFG-0176,CNC Milling Machine,Manufacturing,High,30,3650,2020-08-04,2026-02-15,2172,11.4,18113.0,61.9,3.86,0.854,8,40,2026-01-06,146184.0,60.5,1484,Medium
BLW-MFG-0176,CNC Milling Machine,Manufacturing,High,30,3650,2020-08-04,2026-03-02,2187,11.4,18284.0,63.7,4.41,0.761,7,290,2025-05-16,24110.0,53.9,1473,High
BLW-MFG-0176,CNC Milling Machine,Manufacturing,High,30,3650,2020-08-04,2026-03-17,2202,11.4,18455.0,52.5,2.74,0.959,7,49,2026-01-27,71060.0,67.9,1532,Medium
BLW-MFG-0176,CNC Milling Machine,Manufacturing,High,30,3650,2020-08-04,2026-04-01,2217,11.4,18626.0,61.0,3.96,0.968,7,240,2025-08-04,38596.0,55.0,1352,High
BLW-MFG-0176,CNC Milling Machine,Manufacturing,High,30,3650,2020-08-04,2026-04-16,2232,11.4,18797.0,73.3,3.72,0.825,3,73,2026-02-02,129859.0,65.4,1313,Medium
BLW-MFG-0176,CNC Milling Machine,Manufacturing,High,30,3650,2020-08-04,2026-05-01,2247,11.4,18968.0,46.0,2.82,0.866,4,186,2025-10-27,61851.0,67.1,1474,High
BLW-MFG-0176,CNC Milling Machine,Manufacturing,High,30,3650,2020-08-04,2026-05-16,2262,11.4,19139.0,50.4,2.79,0.955,5,166,2025-12-01,70726.0,68.2,1651,Medium
BLW-MFG-0177,CNC Wheel Lathe,Manufacturing,High,45,3650,2020-05-13,2026-01-01,2210,12.7,22606.0,55.2,1.76,0.87,7,87,2025-10-06,45927.0,66.1,1575,Medium
BLW-MFG-0177,CNC Wheel Lathe,Manufacturing,High,45,3650,2020-05-13,2026-01-16,2225,12.7,22796.5,41.6,2.07,0.822,5,309,2025-03-13,88328.0,63.1,1615,High
BLW-MFG-0177,CNC Wheel Lathe,Manufacturing,High,45,3650,2020-05-13,2026-01-31,2240,12.7,22987.0,68.3,3.2,0.838,8,52,2025-12-10,63824.0,58.4,1375,Medium
BLW-MFG-0177,CNC Wheel Lathe,Manufacturing,High,45,3650,2020-05-13,2026-02-15,2255,12.7,23177.5,68.2,2.71,0.843,1,166,2025-09-02,85642.0,69.1,1472,Medium
BLW-MFG-0177,CNC Wheel Lathe,Manufacturing,High,45,3650,2020-05-13,2026-03-02,2270,12.7,23368.0,72.8,4.21,0.867,1,154,2025-09-29,82248.0,61.3,1342,Medium
BLW-MFG-0177,CNC Wheel Lathe,Manufacturing,High,45,3650,2020-05-13,2026-03-17,2285,12.7,23558.5,52.6,2.08,0.879,6,302,2025-05-19,64949.0,61.5,1450,High
BLW-MFG-0177,CNC Wheel Lathe,Manufacturing,High,45,3650,2020-05-13,2026-04-01,2300,12.7,23749.0,65.2,2.55,0.801,3,280,2025-06-25,28058.0,64.7,1532,High
BLW-MFG-0177,CNC Wheel Lathe,Manufacturing,High,45,3650,2020-05-13,2026-04-16,2315,12.7,23939.5,70.4,2.66,0.72,7,196,2025-10-02,14579.0,58.1,1423,High
BLW-MFG-0177,CNC Wheel Lathe,Manufacturing,High,45,3650,2020-05-13,2026-05-01,2330,12.7,24130.0,62.9,3.85,0.853,3,355,2025-05-11,90691.0,57.7,1432,High
BLW-MFG-0177,CNC Wheel Lathe,Manufacturing,High,45,3650,2020-05-13,2026-05-16,2345,12.7,24320.5,63.3,2.94,0.877,6,290,2025-07-30,119162.0,56.4,1492,High
BLW-MFG-0178,Material Handling Crane,Manufacturing,Critical,75,7300,2020-12-20,2026-01-01,1989,15.3,22013.0,87.4,2.12,0.653,7,58,2025-11-04,90864.0,62.2,3050,Medium
BLW-MFG-0178,Material Handling Crane,Manufacturing,Critical,75,7300,2020-12-20,2026-01-16,2004,15.3,22242.5,57.8,3.04,0.838,7,166,2025-08-03,85488.0,68.0,3203,Medium
BLW-MFG-0178,Material Handling Crane,Manufacturing,Critical,75,7300,2020-12-20,2026-01-31,2019,15.3,22472.0,70.2,3.02,0.787,7,90,2025-11-02,49665.0,66.1,3380,Medium
BLW-MFG-0178,Material Handling Crane,Manufacturing,Critical,75,7300,2020-12-20,2026-02-15,2034,15.3,22701.5,82.7,3.2,0.75,6,35,2026-01-11,91748.0,66.4,2810,Medium
BLW-MFG-0178,Material Handling Crane,Manufacturing,Critical,75,7300,2020-12-20,2026-03-02,2049,15.3,22931.0,80.9,3.07,0.663,6,167,2025-09-16,76673.0,63.3,3148,Medium
BLW-MFG-0178,Material Handling Crane,Manufacturing,Critical,75,7300,2020-12-20,2026-03-17,2064,15.3,23160.5,65.0,2.8,0.723,0,46,2026-01-30,36554.0,86.0,3459,Low
BLW-MFG-0178,Material Handling Crane,Manufacturing,Critical,75,7300,2020-12-20,2026-04-01,2079,15.3,23390.0,43.9,2.77,0.948,2,297,2025-06-08,135972.0,76.0,3972,High
BLW-MFG-0178,Material Handling Crane,Manufacturing,Critical,75,7300,2020-12-20,2026-04-16,2094,15.3,23619.5,75.7,3.45,0.842,0,75,2026-01-31,100828.0,78.0,3191,Low
BLW-MFG-0178,Material Handling Crane,Manufacturing,Critical,75,7300,2020-12-20,2026-05-01,2109,15.3,23849.0,67.8,3.68,0.766,7,272,2025-08-02,47268.0,60.9,3064,High
BLW-MFG-0178,Material Handling Crane,Manufacturing,Critical,75,7300,2020-12-20,2026-05-16,2124,15.3,24078.5,96.7,3.73,0.895,7,100,2026-02-05,34821.0,53.9,2686,Medium
BLW-LOC-0179,Alternator,Locomotive,Critical,110,4380,2021-09-05,2026-01-01,1730,14.0,23589.0,76.3,3.76,0.733,4,222,2025-05-24,109080.0,60.4,1630,High
BLW-LOC-0179,Alternator,Locomotive,Critical,110,4380,2021-09-05,2026-01-16,1745,14.0,23799.0,67.3,4.43,0.67,5,45,2025-12-02,89495.0,65.8,1766,Medium
BLW-LOC-0179,Alternator,Locomotive,Critical,110,4380,2021-09-05,2026-01-31,1760,14.0,24009.0,66.4,2.62,0.833,8,206,2025-07-09,127907.0,61.2,1852,High
BLW-LOC-0179,Alternator,Locomotive,Critical,110,4380,2021-09-05,2026-02-15,1775,14.0,24219.0,86.9,5.77,0.804,4,31,2026-01-15,58537.0,52.7,1383,Medium
BLW-LOC-0179,Alternator,Locomotive,Critical,110,4380,2021-09-05,2026-03-02,1790,14.0,24429.0,106.4,4.17,0.739,8,27,2026-02-03,5122.0,45.0,1121,High
BLW-LOC-0179,Alternator,Locomotive,Critical,110,4380,2021-09-05,2026-03-17,1805,14.0,24639.0,91.6,2.13,0.839,8,183,2025-09-15,20906.0,51.3,1593,High
BLW-LOC-0179,Alternator,Locomotive,Critical,110,4380,2021-09-05,2026-04-01,1820,14.0,24849.0,77.3,4.01,0.883,4,15,2026-03-17,39110.0,63.3,1679,Medium
BLW-LOC-0179,Alternator,Locomotive,Critical,110,4380,2021-09-05,2026-04-16,1835,14.0,25059.0,82.9,2.66,1.154,6,320,2025-05-31,51128.0,55.3,1654,High
BLW-LOC-0179,Alternator,Locomotive,Critical,110,4380,2021-09-05,2026-05-01,1850,14.0,25269.0,105.6,6.11,0.873,6,207,2025-10-06,60327.0,38.8,977,High
BLW-LOC-0179,Alternator,Locomotive,Critical,110,4380,2021-09-05,2026-05-16,1865,14.0,25479.0,83.0,3.71,0.917,8,108,2026-01-28,101061.0,54.1,1584,Medium
BLW-LOC-0180,Diesel Engine Auxiliary,Locomotive,High,85,3650,2020-10-11,2026-01-01,2059,8.6,14438.0,81.6,2.05,0.737,5,213,2025-06-02,27369.0,59.2,1409,High
BLW-LOC-0180,Diesel Engine Auxiliary,Locomotive,High,85,3650,2020-10-11,2026-01-16,2074,8.6,14567.0,94.6,2.15,0.812,2,68,2025-11-09,6682.0,65.4,1290,Medium
BLW-LOC-0180,Diesel Engine Auxiliary,Locomotive,High,85,3650,2020-10-11,2026-01-31,2089,8.6,14696.0,86.5,3.43,0.891,0,73,2025-11-19,109594.0,66.5,1354,Medium
BLW-LOC-0180,Diesel Engine Auxiliary,Locomotive,High,85,3650,2020-10-11,2026-02-15,2104,8.6,14825.0,57.2,3.21,0.901,7,336,2025-03-16,68327.0,59.0,1664,High
BLW-LOC-0180,Diesel Engine Auxiliary,Locomotive,High,85,3650,2020-10-11,2026-03-02,2119,8.6,14954.0,75.3,5.48,0.791,2,43,2026-01-18,24897.0,64.4,1301,Medium
BLW-LOC-0180,Diesel Engine Auxiliary,Locomotive,High,85,3650,2020-10-11,2026-03-17,2134,8.6,15083.0,68.3,4.12,0.869,6,233,2025-07-27,134569.0,57.8,1382,High
BLW-LOC-0180,Diesel Engine Auxiliary,Locomotive,High,85,3650,2020-10-11,2026-04-01,2149,8.6,15212.0,78.2,5.44,0.868,6,319,2025-05-17,31071.0,47.8,1175,High
BLW-LOC-0180,Diesel Engine Auxiliary,Locomotive,High,85,3650,2020-10-11,2026-04-16,2164,8.6,15341.0,108.6,3.04,0.811,8,217,2025-09-11,85047.0,43.1,1018,High
BLW-LOC-0180,Diesel Engine Auxiliary,Locomotive,High,85,3650,2020-10-11,2026-05-01,2179,8.6,15470.0,108.4,4.97,0.871,7,196,2025-10-17,56520.0,34.7,898,High
BLW-LOC-0180,Diesel Engine Auxiliary,Locomotive,High,85,3650,2020-10-11,2026-05-16,2194,8.6,15599.0,86.7,5.35,1.086,2,217,2025-10-11,92663.0,52.4,1186,High
BLW-LOC-0181,Diesel Engine Auxiliary,Locomotive,High,85,3650,2024-09-30,2026-01-01,609,16.2,9014.0,89.5,4.79,0.91,4,210,2025-06-05,139352.0,57.5,1427,High
BLW-LOC-0181,Diesel Engine Auxiliary,Locomotive,High,85,3650,2024-09-30,2026-01-16,624,16.2,9257.0,61.5,3.31,0.973,5,17,2025-12-30,146844.0,80.0,1947,Low
BLW-LOC-0181,Diesel Engine Auxiliary,Locomotive,High,85,3650,2024-09-30,2026-01-31,639,16.2,9500.0,84.7,2.04,0.557,7,360,2025-02-05,58444.0,61.2,1663,High
BLW-LOC-0181,Diesel Engine Auxiliary,Locomotive,High,85,3650,2024-09-30,2026-02-15,654,16.2,9743.0,65.7,1.61,0.777,7,353,2025-02-27,16609.0,68.6,1947,High
BLW-LOC-0181,Diesel Engine Auxiliary,Locomotive,High,85,3650,2024-09-30,2026-03-02,669,16.2,9986.0,84.0,5.63,0.746,8,143,2025-10-10,72416.0,56.0,1399,Medium
BLW-LOC-0181,Diesel Engine Auxiliary,Locomotive,High,85,3650,2024-09-30,2026-03-17,684,16.2,10229.0,92.4,3.23,1.004,1,267,2025-06-23,134038.0,68.2,1503,High
BLW-LOC-0181,Diesel Engine Auxiliary,Locomotive,High,85,3650,2024-09-30,2026-04-01,699,16.2,10472.0,82.6,3.51,0.939,1,125,2025-11-27,73505.0,73.0,1635,Medium
BLW-LOC-0181,Diesel Engine Auxiliary,Locomotive,High,85,3650,2024-09-30,2026-04-16,714,16.2,10715.0,89.5,3.89,1.047,1,350,2025-05-01,96885.0,65.7,1534,High
BLW-LOC-0181,Diesel Engine Auxiliary,Locomotive,High,85,3650,2024-09-30,2026-05-01,729,16.2,10958.0,87.7,4.25,0.938,4,313,2025-06-22,12652.0,57.1,1477,High
BLW-LOC-0181,Diesel Engine Auxiliary,Locomotive,High,85,3650,2024-09-30,2026-05-16,744,16.2,11201.0,62.9,5.48,0.888,5,273,2025-08-16,117886.0,65.1,1730,High
BLW-LOC-0182,Diesel Engine Auxiliary,Locomotive,High,85,3650,2022-07-18,2026-01-01,1414,13.2,15693.0,84.3,2.15,0.841,5,215,2025-05-31,56173.0,61.2,1363,High
BLW-LOC-0182,Diesel Engine Auxiliary,Locomotive,High,85,3650,2022-07-18,2026-01-16,1429,13.2,15891.0,68.4,3.33,0.841,4,148,2025-08-21,29289.0,66.0,1667,Medium
BLW-LOC-0182,Diesel Engine Auxiliary,Locomotive,High,85,3650,2022-07-18,2026-01-31,1444,13.2,16089.0,78.1,3.65,0.908,4,288,2025-04-18,42764.0,58.3,1482,High
BLW-LOC-0182,Diesel Engine Auxiliary,Locomotive,High,85,3650,2022-07-18,2026-02-15,1459,13.2,16287.0,74.9,2.57,0.934,7,296,2025-04-25,29516.0,60.6,1598,High
BLW-LOC-0182,Diesel Engine Auxiliary,Locomotive,High,85,3650,2022-07-18,2026-03-02,1474,13.2,16485.0,95.0,3.08,0.678,0,336,2025-03-31,148603.0,62.5,1488,High
BLW-LOC-0182,Diesel Engine Auxiliary,Locomotive,High,85,3650,2022-07-18,2026-03-17,1489,13.2,16683.0,105.1,3.35,0.736,0,146,2025-10-22,75290.0,59.1,1119,Medium
BLW-LOC-0182,Diesel Engine Auxiliary,Locomotive,High,85,3650,2022-07-18,2026-04-01,1504,13.2,16881.0,81.2,5.73,0.863,2,258,2025-07-17,16145.0,56.9,1356,High
BLW-LOC-0182,Diesel Engine Auxiliary,Locomotive,High,85,3650,2022-07-18,2026-04-16,1519,13.2,17079.0,77.5,6.29,1.124,4,129,2025-12-08,24218.0,56.0,1210,Medium
BLW-LOC-0182,Diesel Engine Auxiliary,Locomotive,High,85,3650,2022-07-18,2026-05-01,1534,13.2,17277.0,94.9,3.48,0.751,4,140,2025-12-12,129389.0,59.3,1363,Medium
BLW-LOC-0182,Diesel Engine Auxiliary,Locomotive,High,85,3650,2022-07-18,2026-05-16,1549,13.2,17475.0,87.5,2.43,0.747,0,57,2026-03-20,92554.0,73.2,1443,Low
BLW-MFG-0183,Hydraulic Press,Manufacturing,High,55,5475,2023-09-11,2026-01-01,994,12.3,11521.0,60.9,3.72,0.893,4,358,2025-01-08,39248.0,73.1,2604,High
BLW-MFG-0183,Hydraulic Press,Manufacturing,High,55,5475,2023-09-11,2026-01-16,1009,12.3,11705.5,61.7,3.53,0.87,2,270,2025-04-21,129992.0,79.7,2834,High
BLW-MFG-0183,Hydraulic Press,Manufacturing,High,55,5475,2023-09-11,2026-01-31,1024,12.3,11890.0,88.8,3.39,0.936,5,43,2025-12-19,145265.0,67.4,2327,Medium
BLW-MFG-0183,Hydraulic Press,Manufacturing,High,55,5475,2023-09-11,2026-02-15,1039,12.3,12074.5,78.3,4.4,0.908,2,253,2025-06-07,114150.0,68.5,2576,High
BLW-MFG-0183,Hydraulic Press,Manufacturing,High,55,5475,2023-09-11,2026-03-02,1054,12.3,12259.0,41.9,1.72,0.908,6,196,2025-08-18,39502.0,77.5,3022,High
BLW-MFG-0183,Hydraulic Press,Manufacturing,High,55,5475,2023-09-11,2026-03-17,1069,12.3,12443.5,69.8,3.56,0.764,7,326,2025-04-25,29256.0,64.3,2709,High
BLW-MFG-0183,Hydraulic Press,Manufacturing,High,55,5475,2023-09-11,2026-04-01,1084,12.3,12628.0,84.4,4.91,0.874,5,27,2026-03-05,98128.0,65.9,2046,Medium
BLW-MFG-0183,Hydraulic Press,Manufacturing,High,55,5475,2023-09-11,2026-04-16,1099,12.3,12812.5,64.2,2.98,0.96,1,26,2026-03-21,29302.0,85.7,2926,Low
BLW-MFG-0183,Hydraulic Press,Manufacturing,High,55,5475,2023-09-11,2026-05-01,1114,12.3,12997.0,71.4,3.04,0.885,6,243,2025-08-31,48698.0,67.9,2573,High
BLW-MFG-0183,Hydraulic Press,Manufacturing,High,55,5475,2023-09-11,2026-05-16,1129,12.3,13181.5,51.7,3.03,0.817,8,119,2026-01-17,60071.0,72.2,2844,Low
BLW-LOC-0184,Brake System,Locomotive,Critical,12,2920,2022-08-29,2026-01-01,1372,9.7,11434.0,87.9,3.78,0.969,6,6,2025-12-26,46875.0,59.1,980,Medium
BLW-LOC-0184,Brake System,Locomotive,Critical,12,2920,2022-08-29,2026-01-16,1387,9.7,11579.5,71.9,3.93,0.924,7,195,2025-07-05,103382.0,59.2,1184,High
BLW-LOC-0184,Brake System,Locomotive,Critical,12,2920,2022-08-29,2026-01-31,1402,9.7,11725.0,71.5,3.48,0.941,8,349,2025-02-16,143601.0,54.2,1198,High
BLW-LOC-0184,Brake System,Locomotive,Critical,12,2920,2022-08-29,2026-02-15,1417,9.7,11870.5,79.4,2.15,0.745,1,272,2025-05-19,97427.0,68.6,1232,High
BLW-LOC-0184,Brake System,Locomotive,Critical,12,2920,2022-08-29,2026-03-02,1432,9.7,12016.0,64.7,3.75,0.946,6,312,2025-04-24,138116.0,57.4,1266,High
BLW-LOC-0184,Brake System,Locomotive,Critical,12,2920,2022-08-29,2026-03-17,1447,9.7,12161.5,76.3,5.26,0.811,4,171,2025-09-27,44197.0,55.9,990,Medium
BLW-LOC-0184,Brake System,Locomotive,Critical,12,2920,2022-08-29,2026-04-01,1462,9.7,12307.0,81.4,3.33,0.854,1,130,2025-11-22,99880.0,68.2,1106,Medium
BLW-LOC-0184,Brake System,Locomotive,Critical,12,2920,2022-08-29,2026-04-16,1477,9.7,12452.5,82.6,1.8,0.932,6,236,2025-08-23,117107.0,59.2,1251,High
BLW-LOC-0184,Brake System,Locomotive,Critical,12,2920,2022-08-29,2026-05-01,1492,9.7,12598.0,70.3,1.73,0.964,3,344,2025-05-22,90365.0,67.2,1222,High
BLW-LOC-0184,Brake System,Locomotive,Critical,12,2920,2022-08-29,2026-05-16,1507,9.7,12743.5,62.3,5.79,1.065,3,266,2025-08-23,53924.0,56.9,1082,High
BLW-MFG-0185,Compressor Unit,Manufacturing,Medium,37,3650,2021-10-03,2026-01-01,1702,13.7,21029.0,85.0,2.37,0.771,1,6,2025-12-26,64631.0,70.0,1354,Low
BLW-MFG-0185,Compressor Unit,Manufacturing,Medium,37,3650,2021-10-03,2026-01-16,1717,13.7,21234.5,45.3,3.8,0.641,8,53,2025-11-24,104397.0,62.6,1590,Medium
BLW-MFG-0185,Compressor Unit,Manufacturing,Medium,37,3650,2021-10-03,2026-01-31,1732,13.7,21440.0,49.2,2.07,0.951,5,112,2025-10-11,110161.0,72.0,1627,Low
BLW-MFG-0185,Compressor Unit,Manufacturing,Medium,37,3650,2021-10-03,2026-02-15,1747,13.7,21645.5,81.8,4.04,0.862,4,98,2025-11-09,9936.0,57.4,1289,Medium
BLW-MFG-0185,Compressor Unit,Manufacturing,Medium,37,3650,2021-10-03,2026-03-02,1762,13.7,21851.0,71.6,2.83,0.934,1,29,2026-02-01,141083.0,71.4,1421,Low
BLW-MFG-0185,Compressor Unit,Manufacturing,Medium,37,3650,2021-10-03,2026-03-17,1777,13.7,22056.5,71.2,2.61,0.782,3,306,2025-05-15,97522.0,60.6,1542,High
BLW-MFG-0185,Compressor Unit,Manufacturing,Medium,37,3650,2021-10-03,2026-04-01,1792,13.7,22262.0,69.2,3.69,0.857,1,44,2026-02-16,129184.0,71.5,1583,Low
BLW-MFG-0185,Compressor Unit,Manufacturing,Medium,37,3650,2021-10-03,2026-04-16,1807,13.7,22467.5,54.9,3.63,0.688,2,192,2025-10-06,100177.0,68.4,1488,High
BLW-MFG-0185,Compressor Unit,Manufacturing,Medium,37,3650,2021-10-03,2026-05-01,1822,13.7,22673.0,80.8,3.14,0.859,2,56,2026-03-06,105870.0,64.9,1390,Medium
BLW-MFG-0185,Compressor Unit,Manufacturing,Medium,37,3650,2021-10-03,2026-05-16,1837,13.7,22878.5,63.0,3.6,0.766,4,150,2025-12-17,72709.0,68.1,1411,Medium
BLW-MFG-0186,CNC Turning Center,Manufacturing,High,22,3650,2023-08-01,2026-01-01,1035,12.3,12712.0,55.3,4.31,0.776,6,354,2025-01-12,135992.0,60.4,1681,High
BLW-MFG-0186,CNC Turning Center,Manufacturing,High,22,3650,2023-08-01,2026-01-16,1050,12.3,12896.5,60.1,2.1,0.715,5,131,2025-09-07,28485.0,81.1,1822,Medium
BLW-MFG-0186,CNC Turning Center,Manufacturing,High,22,3650,2023-08-01,2026-01-31,1065,12.3,13081.0,43.5,4.24,0.891,1,141,2025-09-12,117680.0,76.4,1631,Medium
BLW-MFG-0186,CNC Turning Center,Manufacturing,High,22,3650,2023-08-01,2026-02-15,1080,12.3,13265.5,75.5,2.73,0.642,6,198,2025-08-01,53235.0,68.0,1589,High
BLW-MFG-0186,CNC Turning Center,Manufacturing,High,22,3650,2023-08-01,2026-03-02,1095,12.3,13450.0,86.1,4.15,0.74,0,132,2025-10-21,143563.0,71.0,1404,Medium
BLW-MFG-0186,CNC Turning Center,Manufacturing,High,22,3650,2023-08-01,2026-03-17,1110,12.3,13634.5,46.6,2.67,0.885,4,91,2025-12-16,68883.0,77.5,1782,Low
BLW-MFG-0186,CNC Turning Center,Manufacturing,High,22,3650,2023-08-01,2026-04-01,1125,12.3,13819.0,83.5,3.2,0.766,7,102,2025-12-20,93494.0,62.6,1509,Medium
BLW-MFG-0186,CNC Turning Center,Manufacturing,High,22,3650,2023-08-01,2026-04-16,1140,12.3,14003.5,40.3,3.54,0.894,2,330,2025-05-21,76348.0,72.6,1836,High
BLW-MFG-0186,CNC Turning Center,Manufacturing,High,22,3650,2023-08-01,2026-05-01,1155,12.3,14188.0,63.3,3.5,0.703,2,276,2025-07-29,116463.0,73.5,1894,High
BLW-MFG-0186,CNC Turning Center,Manufacturing,High,22,3650,2023-08-01,2026-05-16,1170,12.3,14372.5,60.3,2.57,0.794,3,314,2025-07-06,98284.0,74.2,1726,High
BLW-LOC-0187,Axle Bearing Assembly,Locomotive,Critical,0,4015,2024-01-05,2026-01-01,878,9.6,5988.0,84.3,4.52,0.914,1,292,2025-03-15,110494.0,63.9,1748,High
BLW-LOC-0187,Axle Bearing Assembly,Locomotive,Critical,0,4015,2024-01-05,2026-01-16,893,9.6,6132.0,92.9,4.55,0.9,7,9,2026-01-07,134994.0,60.4,1578,Medium
BLW-LOC-0187,Axle Bearing Assembly,Locomotive,Critical,0,4015,2024-01-05,2026-01-31,908,9.6,6276.0,108.5,2.46,0.989,2,334,2025-03-03,97849.0,60.0,1540,High
BLW-LOC-0187,Axle Bearing Assembly,Locomotive,Critical,0,4015,2024-01-05,2026-02-15,923,9.6,6420.0,57.4,3.31,0.745,0,340,2025-03-12,61620.0,79.7,1962,High
BLW-LOC-0187,Axle Bearing Assembly,Locomotive,Critical,0,4015,2024-01-05,2026-03-02,938,9.6,6564.0,74.5,3.21,0.882,2,358,2025-03-09,52825.0,68.4,1755,High
BLW-LOC-0187,Axle Bearing Assembly,Locomotive,Critical,0,4015,2024-01-05,2026-03-17,953,9.6,6708.0,87.4,2.79,1.004,6,294,2025-05-27,5537.0,61.8,1788,High
BLW-LOC-0187,Axle Bearing Assembly,Locomotive,Critical,0,4015,2024-01-05,2026-04-01,968,9.6,6852.0,104.0,3.43,0.811,7,244,2025-07-31,68228.0,53.8,1506,High
BLW-LOC-0187,Axle Bearing Assembly,Locomotive,Critical,0,4015,2024-01-05,2026-04-16,983,9.6,6996.0,80.8,5.52,0.86,1,276,2025-07-14,37748.0,65.5,1618,High
BLW-LOC-0187,Axle Bearing Assembly,Locomotive,Critical,0,4015,2024-01-05,2026-05-01,998,9.6,7140.0,70.4,3.99,1.058,6,352,2025-05-14,123607.0,63.7,1835,High
BLW-LOC-0187,Axle Bearing Assembly,Locomotive,Critical,0,4015,2024-01-05,2026-05-16,1013,9.6,7284.0,82.8,4.35,0.985,7,62,2026-03-15,87250.0,64.2,1613,Medium
BLW-LOC-0188,Cooling System,Locomotive,High,18,3285,2021-11-13,2026-01-01,1661,15.5,21116.0,82.9,4.08,0.729,1,187,2025-06-28,82521.0,59.7,999,High
BLW-LOC-0188,Cooling System,Locomotive,High,18,3285,2021-11-13,2026-01-16,1676,15.5,21348.5,86.0,4.34,0.945,5,41,2025-12-06,126971.0,53.7,1058,Medium
BLW-LOC-0188,Cooling System,Locomotive,High,18,3285,2021-11-13,2026-01-31,1691,15.5,21581.0,101.0,5.3,0.856,4,331,2025-03-06,34452.0,39.4,885,High
BLW-LOC-0188,Cooling System,Locomotive,High,18,3285,2021-11-13,2026-02-15,1706,15.5,21813.5,57.9,3.26,1.025,8,20,2026-01-26,145289.0,64.6,1367,Medium
BLW-LOC-0188,Cooling System,Locomotive,High,18,3285,2021-11-13,2026-03-02,1721,15.5,22046.0,58.6,3.64,0.799,3,153,2025-09-30,105903.0,67.8,1298,Medium
BLW-LOC-0188,Cooling System,Locomotive,High,18,3285,2021-11-13,2026-03-17,1736,15.5,22278.5,66.6,1.27,1.022,1,322,2025-04-29,104882.0,67.9,1434,High
BLW-LOC-0188,Cooling System,Locomotive,High,18,3285,2021-11-13,2026-04-01,1751,15.5,22511.0,82.8,2.52,0.729,7,43,2026-02-17,133356.0,55.9,1143,Medium
BLW-LOC-0188,Cooling System,Locomotive,High,18,3285,2021-11-13,2026-04-16,1766,15.5,22743.5,89.1,2.9,1.095,7,97,2026-01-09,25292.0,53.8,1144,Medium
BLW-LOC-0188,Cooling System,Locomotive,High,18,3285,2021-11-13,2026-05-01,1781,15.5,22976.0,82.6,5.72,0.864,3,12,2026-04-19,109362.0,55.9,999,Medium
BLW-LOC-0188,Cooling System,Locomotive,High,18,3285,2021-11-13,2026-05-16,1796,15.5,23208.5,95.7,4.71,0.838,3,250,2025-09-08,61371.0,46.3,969,High
BLW-LOC-0189,Air Compressor,Locomotive,High,22,3650,2022-10-20,2026-01-01,1320,13.5,16934.0,88.7,3.03,0.66,7,8,2025-12-24,10371.0,59.3,1408,Medium
BLW-LOC-0189,Air Compressor,Locomotive,High,22,3650,2022-10-20,2026-01-16,1335,13.5,17136.5,105.9,2.11,0.804,0,172,2025-07-28,119228.0,62.9,1405,Medium
BLW-LOC-0189,Air Compressor,Locomotive,High,22,3650,2022-10-20,2026-01-31,1350,13.5,17339.0,79.1,2.51,0.927,0,207,2025-07-08,22137.0,71.4,1471,High
BLW-LOC-0189,Air Compressor,Locomotive,High,22,3650,2022-10-20,2026-02-15,1365,13.5,17541.5,67.0,5.73,0.911,8,234,2025-06-26,141313.0,52.2,1355,High
BLW-LOC-0189,Air Compressor,Locomotive,High,22,3650,2022-10-20,2026-03-02,1380,13.5,17744.0,85.6,4.04,0.905,8,76,2025-12-16,112452.0,54.3,1367,Medium
BLW-LOC-0189,Air Compressor,Locomotive,High,22,3650,2022-10-20,2026-03-17,1395,13.5,17946.5,82.3,2.58,0.802,3,36,2026-02-09,10347.0,66.9,1655,Medium
BLW-LOC-0189,Air Compressor,Locomotive,High,22,3650,2022-10-20,2026-04-01,1410,13.5,18149.0,95.7,2.8,0.846,2,250,2025-07-25,99806.0,58.8,1456,High
BLW-LOC-0189,Air Compressor,Locomotive,High,22,3650,2022-10-20,2026-04-16,1425,13.5,18351.5,62.3,3.99,0.872,7,316,2025-06-04,11641.0,59.9,1560,High
BLW-LOC-0189,Air Compressor,Locomotive,High,22,3650,2022-10-20,2026-05-01,1440,13.5,18554.0,58.0,3.6,0.773,2,7,2026-04-24,29976.0,78.5,1785,Low
BLW-LOC-0189,Air Compressor,Locomotive,High,22,3650,2022-10-20,2026-05-16,1455,13.5,18756.5,59.1,2.99,0.829,0,157,2025-12-10,124007.0,79.1,1794,Medium
BLW-MFG-0190,Welding Robot,Manufacturing,Medium,18,2920,2022-07-23,2026-01-01,1409,14.6,19555.0,62.9,3.17,0.757,1,54,2025-11-08,21556.0,74.4,1295,Low
BLW-MFG-0190,Welding Robot,Manufacturing,Medium,18,2920,2022-07-23,2026-01-16,1424,14.6,19774.0,57.0,3.55,0.83,3,32,2025-12-15,121646.0,72.6,1222,Low
BLW-MFG-0190,Welding Robot,Manufacturing,Medium,18,2920,2022-07-23,2026-01-31,1439,14.6,19993.0,71.2,2.86,0.82,6,172,2025-08-12,122671.0,59.7,1197,Medium
BLW-MFG-0190,Welding Robot,Manufacturing,Medium,18,2920,2022-07-23,2026-02-15,1454,14.6,20212.0,52.4,4.24,0.649,6,166,2025-09-02,22516.0,58.8,1167,Medium
BLW-MFG-0190,Welding Robot,Manufacturing,Medium,18,2920,2022-07-23,2026-03-02,1469,14.6,20431.0,73.1,4.42,0.654,8,70,2025-12-22,51631.0,52.4,932,Medium
BLW-MFG-0190,Welding Robot,Manufacturing,Medium,18,2920,2022-07-23,2026-03-17,1484,14.6,20650.0,69.4,3.29,1.004,3,23,2026-02-22,90997.0,68.5,1235,Medium
BLW-MFG-0190,Welding Robot,Manufacturing,Medium,18,2920,2022-07-23,2026-04-01,1499,14.6,20869.0,76.8,2.71,0.709,5,32,2026-02-28,22508.0,63.7,1051,Medium
BLW-MFG-0190,Welding Robot,Manufacturing,Medium,18,2920,2022-07-23,2026-04-16,1514,14.6,21088.0,86.1,3.0,0.975,2,212,2025-09-16,29367.0,58.3,1077,High
BLW-MFG-0190,Welding Robot,Manufacturing,Medium,18,2920,2022-07-23,2026-05-01,1529,14.6,21307.0,73.9,3.16,0.817,5,283,2025-07-22,28926.0,56.7,1080,High
BLW-MFG-0190,Welding Robot,Manufacturing,Medium,18,2920,2022-07-23,2026-05-16,1544,14.6,21526.0,57.7,4.37,0.938,3,297,2025-07-23,10901.0,61.3,1283,High
BLW-MFG-0191,Welding Robot,Manufacturing,Medium,18,2920,2024-06-08,2026-01-01,723,17.9,11437.0,61.8,3.99,0.838,2,8,2025-12-24,132546.0,78.1,1512,Low
BLW-MFG-0191,Welding Robot,Manufacturing,Medium,18,2920,2024-06-08,2026-01-16,738,17.9,11705.5,77.7,2.74,0.898,1,3,2026-01-13,6047.0,78.4,1393,Low
BLW-MFG-0191,Welding Robot,Manufacturing,Medium,18,2920,2024-06-08,2026-01-31,753,17.9,11974.0,37.9,1.98,0.928,1,361,2025-02-04,99505.0,78.0,1542,High
BLW-MFG-0191,Welding Robot,Manufacturing,Medium,18,2920,2024-06-08,2026-02-15,768,17.9,12242.5,51.2,4.61,0.954,4,213,2025-07-17,105558.0,68.9,1321,High
BLW-MFG-0191,Welding Robot,Manufacturing,Medium,18,2920,2024-06-08,2026-03-02,783,17.9,12511.0,80.6,4.78,0.935,7,354,2025-03-13,23399.0,54.4,1098,High
BLW-MFG-0191,Welding Robot,Manufacturing,Medium,18,2920,2024-06-08,2026-03-17,798,17.9,12779.5,59.2,1.98,0.889,2,327,2025-04-24,44288.0,77.7,1508,High
BLW-MFG-0191,Welding Robot,Manufacturing,Medium,18,2920,2024-06-08,2026-04-01,813,17.9,13048.0,79.5,4.21,0.697,7,210,2025-09-03,39692.0,56.4,1244,High
BLW-MFG-0191,Welding Robot,Manufacturing,Medium,18,2920,2024-06-08,2026-04-16,828,17.9,13316.5,65.0,2.43,0.957,2,312,2025-06-08,105293.0,72.7,1431,High
BLW-MFG-0191,Welding Robot,Manufacturing,Medium,18,2920,2024-06-08,2026-05-01,843,17.9,13585.0,75.3,2.68,0.938,2,255,2025-08-19,93747.0,70.5,1450,High
BLW-MFG-0191,Welding Robot,Manufacturing,Medium,18,2920,2024-06-08,2026-05-16,858,17.9,13853.5,70.7,3.85,0.94,1,321,2025-06-29,124840.0,68.7,1191,High
BLW-LOC-0192,Air Compressor,Locomotive,High,22,3650,2021-12-13,2026-01-01,1631,11.9,16834.0,83.4,3.59,0.917,3,60,2025-11-02,148058.0,63.8,1329,Medium
BLW-LOC-0192,Air Compressor,Locomotive,High,22,3650,2021-12-13,2026-01-16,1646,11.9,17012.5,108.9,1.78,0.943,1,316,2025-03-06,57476.0,54.3,1211,High
BLW-LOC-0192,Air Compressor,Locomotive,High,22,3650,2021-12-13,2026-01-31,1661,11.9,17191.0,74.8,2.64,0.929,8,259,2025-05-17,36795.0,57.9,1516,High
BLW-LOC-0192,Air Compressor,Locomotive,High,22,3650,2021-12-13,2026-02-15,1676,11.9,17369.5,82.0,2.47,0.927,3,141,2025-09-27,12695.0,69.0,1433,Medium
BLW-LOC-0192,Air Compressor,Locomotive,High,22,3650,2021-12-13,2026-03-02,1691,11.9,17548.0,75.6,3.03,0.811,1,76,2025-12-16,104360.0,67.9,1532,Medium
BLW-LOC-0192,Air Compressor,Locomotive,High,22,3650,2021-12-13,2026-03-17,1706,11.9,17726.5,69.3,1.82,0.965,7,254,2025-07-06,30567.0,60.3,1571,High
BLW-LOC-0192,Air Compressor,Locomotive,High,22,3650,2021-12-13,2026-04-01,1721,11.9,17905.0,104.8,2.11,0.696,0,27,2026-03-05,98505.0,66.7,1348,Medium
BLW-LOC-0192,Air Compressor,Locomotive,High,22,3650,2021-12-13,2026-04-16,1736,11.9,18083.5,60.0,4.34,0.955,4,107,2025-12-30,68027.0,65.0,1598,Medium
BLW-LOC-0192,Air Compressor,Locomotive,High,22,3650,2021-12-13,2026-05-01,1751,11.9,18262.0,97.5,3.53,1.04,5,315,2025-06-20,121747.0,49.7,1203,High
BLW-LOC-0192,Air Compressor,Locomotive,High,22,3650,2021-12-13,2026-05-16,1766,11.9,18440.5,78.4,2.78,0.89,7,22,2026-04-24,20141.0,63.2,1418,Medium
BLW-MFG-0193,CNC Milling Machine,Manufacturing,High,30,3650,2023-01-05,2026-01-01,1243,8.5,9886.0,38.6,3.94,0.839,7,263,2025-04-13,21829.0,63.5,1745,High
BLW-MFG-0193,CNC Milling Machine,Manufacturing,High,30,3650,2023-01-05,2026-01-16,1258,8.5,10013.5,84.1,0.33,0.868,3,227,2025-06-03,90942.0,66.3,1646,High
BLW-MFG-0193,CNC Milling Machine,Manufacturing,High,30,3650,2023-01-05,2026-01-31,1273,8.5,10141.0,68.1,3.47,0.78,5,214,2025-07-01,33819.0,64.4,1605,High
BLW-MFG-0193,CNC Milling Machine,Manufacturing,High,30,3650,2023-01-05,2026-02-15,1288,8.5,10268.5,72.3,3.86,0.718,5,117,2025-10-21,117951.0,68.6,1516,Medium
BLW-MFG-0193,CNC Milling Machine,Manufacturing,High,30,3650,2023-01-05,2026-03-02,1303,8.5,10396.0,72.5,2.54,0.858,5,116,2025-11-06,19219.0,72.3,1566,Low
BLW-MFG-0193,CNC Milling Machine,Manufacturing,High,30,3650,2023-01-05,2026-03-17,1318,8.5,10523.5,60.8,3.22,1.085,6,102,2025-12-05,59452.0,70.9,1906,Low
BLW-MFG-0193,CNC Milling Machine,Manufacturing,High,30,3650,2023-01-05,2026-04-01,1333,8.5,10651.0,93.9,3.01,0.82,3,37,2026-02-23,73294.0,65.7,1418,Medium
BLW-MFG-0193,CNC Milling Machine,Manufacturing,High,30,3650,2023-01-05,2026-04-16,1348,8.5,10778.5,53.7,3.08,1.005,7,27,2026-03-20,134121.0,72.3,1720,Low
BLW-MFG-0193,CNC Milling Machine,Manufacturing,High,30,3650,2023-01-05,2026-05-01,1363,8.5,10906.0,51.0,3.54,0.886,2,110,2026-01-11,139544.0,78.6,1728,Low
BLW-MFG-0193,CNC Milling Machine,Manufacturing,High,30,3650,2023-01-05,2026-05-16,1378,8.5,11033.5,68.7,3.7,0.862,7,91,2026-02-14,61163.0,66.6,1618,Medium
BLW-MFG-0194,Hydraulic Press,Manufacturing,High,55,5475,2022-07-26,2026-01-01,1406,16.1,20138.0,78.5,3.41,0.839,4,103,2025-09-20,53704.0,70.9,2399,Low
BLW-MFG-0194,Hydraulic Press,Manufacturing,High,55,5475,2022-07-26,2026-01-16,1421,16.1,20379.5,81.5,3.4,0.641,0,354,2025-01-27,87457.0,69.6,2370,High
BLW-MFG-0194,Hydraulic Press,Manufacturing,High,55,5475,2022-07-26,2026-01-31,1436,16.1,20621.0,66.0,3.15,0.796,4,69,2025-11-23,21111.0,75.6,2502,Low
BLW-MFG-0194,Hydraulic Press,Manufacturing,High,55,5475,2022-07-26,2026-02-15,1451,16.1,20862.5,82.7,2.85,0.797,7,234,2025-06-26,65642.0,58.1,2343,High
BLW-MFG-0194,Hydraulic Press,Manufacturing,High,55,5475,2022-07-26,2026-03-02,1466,16.1,21104.0,70.4,3.35,0.737,5,112,2025-11-10,133529.0,67.5,2549,Medium
BLW-MFG-0194,Hydraulic Press,Manufacturing,High,55,5475,2022-07-26,2026-03-17,1481,16.1,21345.5,86.8,2.13,1.004,2,326,2025-04-25,143150.0,66.9,2394,High
BLW-MFG-0194,Hydraulic Press,Manufacturing,High,55,5475,2022-07-26,2026-04-01,1496,16.1,21587.0,65.0,1.85,0.949,2,295,2025-06-10,145670.0,75.3,2648,High
BLW-MFG-0194,Hydraulic Press,Manufacturing,High,55,5475,2022-07-26,2026-04-16,1511,16.1,21828.5,82.5,1.46,0.703,3,44,2026-03-03,64696.0,74.6,2502,Low
BLW-MFG-0194,Hydraulic Press,Manufacturing,High,55,5475,2022-07-26,2026-05-01,1526,16.1,22070.0,77.2,2.93,1.113,8,250,2025-08-24,130019.0,58.9,2349,High
BLW-MFG-0194,Hydraulic Press,Manufacturing,High,55,5475,2022-07-26,2026-05-16,1541,16.1,22311.5,62.6,3.36,0.926,3,302,2025-07-18,73656.0,73.2,2424,High
BLW-LOC-0195,Axle Bearing Assembly,Locomotive,Critical,0,4015,2021-07-25,2026-01-01,1772,6.2,9101.0,74.3,4.04,0.92,3,126,2025-08-28,52458.0,67.6,1663,Medium
BLW-LOC-0195,Axle Bearing Assembly,Locomotive,Critical,0,4015,2021-07-25,2026-01-16,1787,6.2,9194.0,66.7,5.42,0.974,3,302,2025-03-20,142207.0,59.6,1501,High
BLW-LOC-0195,Axle Bearing Assembly,Locomotive,Critical,0,4015,2021-07-25,2026-01-31,1802,6.2,9287.0,63.9,4.41,0.706,0,213,2025-07-02,147127.0,73.1,1780,High
BLW-LOC-0195,Axle Bearing Assembly,Locomotive,Critical,0,4015,2021-07-25,2026-02-15,1817,6.2,9380.0,79.4,3.96,0.737,0,240,2025-06-20,111354.0,68.9,1545,High
BLW-LOC-0195,Axle Bearing Assembly,Locomotive,Critical,0,4015,2021-07-25,2026-03-02,1832,6.2,9473.0,76.3,3.99,0.882,8,17,2026-02-13,66726.0,61.0,1493,Medium
BLW-LOC-0195,Axle Bearing Assembly,Locomotive,Critical,0,4015,2021-07-25,2026-03-17,1847,6.2,9566.0,77.5,3.75,0.71,6,245,2025-07-15,122409.0,57.8,1609,High
BLW-LOC-0195,Axle Bearing Assembly,Locomotive,Critical,0,4015,2021-07-25,2026-04-01,1862,6.2,9659.0,63.6,5.19,1.032,1,231,2025-08-13,76816.0,67.2,1776,High
BLW-LOC-0195,Axle Bearing Assembly,Locomotive,Critical,0,4015,2021-07-25,2026-04-16,1877,6.2,9752.0,81.4,4.35,0.825,1,285,2025-07-05,114196.0,64.4,1556,High
BLW-LOC-0195,Axle Bearing Assembly,Locomotive,Critical,0,4015,2021-07-25,2026-05-01,1892,6.2,9845.0,72.2,2.5,0.715,6,111,2026-01-10,24243.0,68.4,1805,Medium
BLW-LOC-0195,Axle Bearing Assembly,Locomotive,Critical,0,4015,2021-07-25,2026-05-16,1907,6.2,9938.0,95.0,3.81,0.756,4,122,2026-01-14,98908.0,57.3,1461,Medium
BLW-MFG-0196,CNC Turning Center,Manufacturing,High,22,3650,2020-02-02,2026-01-01,2311,12.7,23229.0,59.2,2.93,0.712,7,292,2025-03-15,113357.0,56.4,1414,High
BLW-MFG-0196,CNC Turning Center,Manufacturing,High,22,3650,2020-02-02,2026-01-16,2326,12.7,23419.5,78.4,3.55,0.775,0,232,2025-05-29,72245.0,60.7,1229,High
BLW-MFG-0196,CNC Turning Center,Manufacturing,High,22,3650,2020-02-02,2026-01-31,2341,12.7,23610.0,49.6,2.13,0.85,2,360,2025-02-05,63777.0,65.9,1564,High
BLW-MFG-0196,CNC Turning Center,Manufacturing,High,22,3650,2020-02-02,2026-02-15,2356,12.7,23800.5,63.8,3.79,0.841,5,320,2025-04-01,72323.0,55.7,1236,High
BLW-MFG-0196,CNC Turning Center,Manufacturing,High,22,3650,2020-02-02,2026-03-02,2371,12.7,23991.0,21.1,3.26,0.698,0,321,2025-04-15,15251.0,66.4,1458,High
BLW-MFG-0196,CNC Turning Center,Manufacturing,High,22,3650,2020-02-02,2026-03-17,2386,12.7,24181.5,88.0,3.41,0.862,5,271,2025-06-19,9744.0,48.7,1152,High
BLW-MFG-0196,CNC Turning Center,Manufacturing,High,22,3650,2020-02-02,2026-04-01,2401,12.7,24372.0,64.3,4.06,0.739,6,138,2025-11-14,106218.0,57.3,1219,Medium
BLW-MFG-0196,CNC Turning Center,Manufacturing,High,22,3650,2020-02-02,2026-04-16,2416,12.7,24562.5,73.0,3.32,1.023,8,294,2025-06-26,120199.0,45.3,1233,High
BLW-MFG-0196,CNC Turning Center,Manufacturing,High,22,3650,2020-02-02,2026-05-01,2431,12.7,24753.0,81.3,3.5,0.878,1,317,2025-06-18,132723.0,54.3,1192,High
BLW-MFG-0196,CNC Turning Center,Manufacturing,High,22,3650,2020-02-02,2026-05-16,2446,12.7,24943.5,87.1,3.2,0.903,0,263,2025-08-26,142072.0,57.5,1129,High
BLW-LOC-0197,Cooling System,Locomotive,High,18,3285,2024-12-23,2026-01-01,525,6.7,2866.0,92.0,4.1,1.127,7,316,2025-02-19,10927.0,53.7,1404,High
BLW-LOC-0197,Cooling System,Locomotive,High,18,3285,2024-12-23,2026-01-16,540,6.7,2966.5,59.1,3.74,0.972,5,89,2025-10-19,98985.0,75.9,1675,Low
BLW-LOC-0197,Cooling System,Locomotive,High,18,3285,2024-12-23,2026-01-31,555,6.7,3067.0,71.2,2.76,0.906,1,287,2025-04-19,107854.0,80.9,1675,High
BLW-LOC-0197,Cooling System,Locomotive,High,18,3285,2024-12-23,2026-02-15,570,6.7,3167.5,83.5,3.79,0.865,3,70,2025-12-07,147281.0,72.0,1563,Low
BLW-LOC-0197,Cooling System,Locomotive,High,18,3285,2024-12-23,2026-03-02,585,6.7,3268.0,85.6,4.17,0.773,3,276,2025-05-30,21466.0,65.2,1422,High
BLW-LOC-0197,Cooling System,Locomotive,High,18,3285,2024-12-23,2026-03-17,600,6.7,3368.5,59.0,1.72,0.803,7,297,2025-05-24,131314.0,75.6,1742,High
BLW-LOC-0197,Cooling System,Locomotive,High,18,3285,2024-12-23,2026-04-01,615,6.7,3469.0,67.5,2.82,0.825,3,115,2025-12-07,51467.0,81.1,1886,Low
BLW-LOC-0197,Cooling System,Locomotive,High,18,3285,2024-12-23,2026-04-16,630,6.7,3569.5,99.4,5.08,1.025,4,257,2025-08-02,103633.0,54.9,1156,High
BLW-LOC-0197,Cooling System,Locomotive,High,18,3285,2024-12-23,2026-05-01,645,6.7,3670.0,67.8,5.5,0.824,4,27,2026-04-04,14189.0,72.3,1469,Low
BLW-LOC-0197,Cooling System,Locomotive,High,18,3285,2024-12-23,2026-05-16,660,6.7,3770.5,81.6,4.27,0.925,5,231,2025-09-27,75503.0,63.6,1500,High
BLW-MFG-0198,Welding Robot,Manufacturing,Medium,18,2920,2022-08-20,2026-01-01,1381,15.9,19839.0,57.3,2.66,0.889,8,149,2025-08-05,70537.0,60.6,1222,Medium
BLW-MFG-0198,Welding Robot,Manufacturing,Medium,18,2920,2022-08-20,2026-01-16,1396,15.9,20077.5,72.9,2.08,0.787,5,344,2025-02-06,142078.0,58.9,1332,High
BLW-MFG-0198,Welding Robot,Manufacturing,Medium,18,2920,2022-08-20,2026-01-31,1411,15.9,20316.0,73.9,3.33,0.883,1,96,2025-10-27,134326.0,66.4,1157,Medium
BLW-MFG-0198,Welding Robot,Manufacturing,Medium,18,2920,2022-08-20,2026-02-15,1426,15.9,20554.5,67.0,3.24,0.847,7,44,2026-01-02,16625.0,62.3,1154,Medium
BLW-MFG-0198,Welding Robot,Manufacturing,Medium,18,2920,2022-08-20,2026-03-02,1441,15.9,20793.0,68.9,1.89,0.808,2,147,2025-10-06,143947.0,72.9,1285,Medium
BLW-MFG-0198,Welding Robot,Manufacturing,Medium,18,2920,2022-08-20,2026-03-17,1456,15.9,21031.5,68.7,4.76,0.709,1,55,2026-01-21,28891.0,65.3,1200,Medium
BLW-MFG-0198,Welding Robot,Manufacturing,Medium,18,2920,2022-08-20,2026-04-01,1471,15.9,21270.0,70.4,2.88,0.73,1,356,2025-04-10,26453.0,64.2,1239,High
BLW-MFG-0198,Welding Robot,Manufacturing,Medium,18,2920,2022-08-20,2026-04-16,1486,15.9,21508.5,57.5,3.02,0.821,2,104,2026-01-02,80500.0,72.9,1204,Low
BLW-MFG-0198,Welding Robot,Manufacturing,Medium,18,2920,2022-08-20,2026-05-01,1501,15.9,21747.0,86.4,4.02,0.824,0,150,2025-12-02,65398.0,60.9,1006,Medium
BLW-MFG-0198,Welding Robot,Manufacturing,Medium,18,2920,2022-08-20,2026-05-16,1516,15.9,21985.5,62.9,2.85,0.838,8,67,2026-03-10,73716.0,64.5,1281,Medium
BLW-LOC-0199,Wheel Assembly,Locomotive,Critical,0,5475,2022-06-28,2026-01-01,1434,16.3,16513.0,92.0,3.94,0.716,3,32,2025-11-30,8195.0,66.0,2168,Medium
BLW-LOC-0199,Wheel Assembly,Locomotive,Critical,0,5475,2022-06-28,2026-01-16,1449,16.3,16757.5,59.9,4.31,1.134,3,266,2025-04-25,98477.0,72.9,2728,High
BLW-LOC-0199,Wheel Assembly,Locomotive,Critical,0,5475,2022-06-28,2026-01-31,1464,16.3,17002.0,82.9,4.76,0.774,6,296,2025-04-10,54705.0,55.7,2145,High
BLW-LOC-0199,Wheel Assembly,Locomotive,Critical,0,5475,2022-06-28,2026-02-15,1479,16.3,17246.5,84.7,5.23,0.8,5,248,2025-06-12,91037.0,55.3,2012,High
BLW-LOC-0199,Wheel Assembly,Locomotive,Critical,0,5475,2022-06-28,2026-03-02,1494,16.3,17491.0,65.8,3.97,0.664,8,280,2025-05-26,69562.0,62.2,2435,High
BLW-LOC-0199,Wheel Assembly,Locomotive,Critical,0,5475,2022-06-28,2026-03-17,1509,16.3,17735.5,74.2,2.75,0.847,4,290,2025-05-31,24133.0,68.8,2562,High
BLW-LOC-0199,Wheel Assembly,Locomotive,Critical,0,5475,2022-06-28,2026-04-01,1524,16.3,17980.0,72.2,2.78,0.959,4,87,2026-01-04,119444.0,73.1,2531,Low
BLW-LOC-0199,Wheel Assembly,Locomotive,Critical,0,5475,2022-06-28,2026-04-16,1539,16.3,18224.5,85.5,4.22,0.988,3,247,2025-08-12,58926.0,60.0,1936,High
BLW-LOC-0199,Wheel Assembly,Locomotive,Critical,0,5475,2022-06-28,2026-05-01,1554,16.3,18469.0,75.9,6.06,1.133,4,24,2026-04-07,26509.0,67.3,2038,Medium
BLW-LOC-0199,Wheel Assembly,Locomotive,Critical,0,5475,2022-06-28,2026-05-16,1569,16.3,18713.5,58.5,1.14,0.821,4,233,2025-09-25,143651.0,77.0,3003,High
BLW-MFG-0200,Compressor Unit,Manufacturing,Medium,37,3650,2023-12-28,2026-01-01,886,13.5,9027.0,75.4,3.0,0.731,2,362,2025-01-04,105465.0,67.9,1738,High
BLW-MFG-0200,Compressor Unit,Manufacturing,Medium,37,3650,2023-12-28,2026-01-16,901,13.5,9229.5,74.2,3.2,0.722,2,82,2025-10-26,39496.0,77.9,1749,Low
BLW-MFG-0200,Compressor Unit,Manufacturing,Medium,37,3650,2023-12-28,2026-01-31,916,13.5,9432.0,53.8,2.19,0.899,0,162,2025-08-22,88306.0,86.6,2105,Medium
BLW-MFG-0200,Compressor Unit,Manufacturing,Medium,37,3650,2023-12-28,2026-02-15,931,13.5,9634.5,73.4,2.51,0.834,7,133,2025-10-05,58602.0,69.0,1670,Medium
BLW-MFG-0200,Compressor Unit,Manufacturing,Medium,37,3650,2023-12-28,2026-03-02,946,13.5,9837.0,57.2,3.63,0.925,3,287,2025-05-19,107534.0,74.7,1954,High
BLW-MFG-0200,Compressor Unit,Manufacturing,Medium,37,3650,2023-12-28,2026-03-17,961,13.5,10039.5,62.5,4.56,0.755,5,176,2025-09-22,26452.0,68.0,1554,Medium
BLW-MFG-0200,Compressor Unit,Manufacturing,Medium,37,3650,2023-12-28,2026-04-01,976,13.5,10242.0,64.5,2.65,0.903,7,276,2025-06-29,146443.0,68.4,1704,High
BLW-MFG-0200,Compressor Unit,Manufacturing,Medium,37,3650,2023-12-28,2026-04-16,991,13.5,10444.5,65.9,2.82,0.677,8,154,2025-11-13,22616.0,67.1,1709,Medium
BLW-MFG-0200,Compressor Unit,Manufacturing,Medium,37,3650,2023-12-28,2026-05-01,1006,13.5,10647.0,88.6,3.37,0.926,0,207,2025-10-06,140005.0,68.5,1664,High
BLW-MFG-0200,Compressor Unit,Manufacturing,Medium,37,3650,2023-12-28,2026-05-16,1021,13.5,10849.5,87.8,1.45,0.794,2,234,2025-09-24,139533.0,71.6,1720,High
BLW-MFG-0201,Hydraulic Press,Manufacturing,High,55,5475,2020-01-09,2026-01-01,2335,19.6,39535.0,56.9,2.53,0.76,8,169,2025-07-16,98850.0,61.9,2501,Medium
BLW-MFG-0201,Hydraulic Press,Manufacturing,High,55,5475,2020-01-09,2026-01-16,2350,19.6,39829.0,56.5,3.75,0.747,4,242,2025-05-19,134917.0,62.0,2358,High
BLW-MFG-0201,Hydraulic Press,Manufacturing,High,55,5475,2020-01-09,2026-01-31,2365,19.6,40123.0,77.7,3.67,0.698,2,289,2025-04-17,110639.0,58.0,2104,High
BLW-MFG-0201,Hydraulic Press,Manufacturing,High,55,5475,2020-01-09,2026-02-15,2380,19.6,40417.0,67.9,1.98,0.881,7,173,2025-08-26,104926.0,60.8,2518,Medium
BLW-MFG-0201,Hydraulic Press,Manufacturing,High,55,5475,2020-01-09,2026-03-02,2395,19.6,40711.0,86.7,3.54,0.976,7,20,2026-02-10,25216.0,54.1,1901,Medium
BLW-MFG-0201,Hydraulic Press,Manufacturing,High,55,5475,2020-01-09,2026-03-17,2410,19.6,41005.0,86.7,3.27,0.819,8,59,2026-01-17,49672.0,49.4,1842,High
BLW-MFG-0201,Hydraulic Press,Manufacturing,High,55,5475,2020-01-09,2026-04-01,2425,19.6,41299.0,79.7,3.95,0.9,6,316,2025-05-20,126927.0,48.3,1717,High
BLW-MFG-0201,Hydraulic Press,Manufacturing,High,55,5475,2020-01-09,2026-04-16,2440,19.6,41593.0,64.7,2.88,0.824,7,182,2025-10-16,18410.0,61.2,2481,High
BLW-MFG-0201,Hydraulic Press,Manufacturing,High,55,5475,2020-01-09,2026-05-01,2455,19.6,41887.0,72.9,3.0,0.834,0,311,2025-06-24,97990.0,65.8,2110,High
BLW-MFG-0201,Hydraulic Press,Manufacturing,High,55,5475,2020-01-09,2026-05-16,2470,19.6,42181.0,73.6,3.66,0.886,8,113,2026-01-23,118286.0,55.2,2054,Medium
BLW-LOC-0202,Traction Motor,Locomotive,Critical,350,4380,2021-02-04,2026-01-01,1943,6.3,10546.0,51.4,4.26,0.769,7,346,2025-01-20,102376.0,57.5,1779,High
BLW-LOC-0202,Traction Motor,Locomotive,Critical,350,4380,2021-02-04,2026-01-16,1958,6.3,10640.5,85.3,3.28,0.653,1,262,2025-04-29,62191.0,65.8,1587,High
BLW-LOC-0202,Traction Motor,Locomotive,Critical,350,4380,2021-02-04,2026-01-31,1973,6.3,10735.0,81.7,3.89,0.966,7,162,2025-08-22,92460.0,59.3,1523,Medium
BLW-LOC-0202,Traction Motor,Locomotive,Critical,350,4380,2021-02-04,2026-02-15,1988,6.3,10829.5,79.6,3.32,0.917,8,28,2026-01-18,136725.0,61.5,1678,Medium
BLW-LOC-0202,Traction Motor,Locomotive,Critical,350,4380,2021-02-04,2026-03-02,2003,6.3,10924.0,74.6,2.36,0.989,5,203,2025-08-11,26452.0,67.2,1987,High
BLW-LOC-0202,Traction Motor,Locomotive,Critical,350,4380,2021-02-04,2026-03-17,2018,6.3,11018.5,77.3,2.96,0.746,6,189,2025-09-09,60986.0,62.8,1701,High
BLW-LOC-0202,Traction Motor,Locomotive,Critical,350,4380,2021-02-04,2026-04-01,2033,6.3,11113.0,110.5,2.23,0.913,0,145,2025-11-07,55013.0,65.8,1538,Medium
BLW-LOC-0202,Traction Motor,Locomotive,Critical,350,4380,2021-02-04,2026-04-16,2048,6.3,11207.5,86.2,2.69,0.719,4,228,2025-08-31,131774.0,63.2,1855,High
BLW-LOC-0202,Traction Motor,Locomotive,Critical,350,4380,2021-02-04,2026-05-01,2063,6.3,11302.0,77.8,2.53,0.595,1,110,2026-01-11,110539.0,73.1,1872,Low
BLW-LOC-0202,Traction Motor,Locomotive,Critical,350,4380,2021-02-04,2026-05-16,2078,6.3,11396.5,109.2,4.76,0.932,7,212,2025-10-16,121534.0,41.1,1153,High
BLW-LOC-0203,Air Compressor,Locomotive,High,22,3650,2020-12-01,2026-01-01,2008,17.3,34430.0,99.1,3.74,0.598,6,212,2025-06-03,25237.0,38.6,891,High
BLW-LOC-0203,Air Compressor,Locomotive,High,22,3650,2020-12-01,2026-01-16,2023,17.3,34689.5,70.6,4.23,0.842,1,73,2025-11-04,35129.0,62.3,1316,Medium
BLW-LOC-0203,Air Compressor,Locomotive,High,22,3650,2020-12-01,2026-01-31,2038,17.3,34949.0,69.2,5.84,0.779,7,268,2025-05-08,148063.0,42.1,1057,High
BLW-LOC-0203,Air Compressor,Locomotive,High,22,3650,2020-12-01,2026-02-15,2053,17.3,35208.5,82.3,4.18,0.917,1,302,2025-04-19,114637.0,50.4,1053,High
BLW-LOC-0203,Air Compressor,Locomotive,High,22,3650,2020-12-01,2026-03-02,2068,17.3,35468.0,118.7,3.12,0.954,1,3,2026-02-27,64372.0,49.6,804,High
BLW-LOC-0203,Air Compressor,Locomotive,High,22,3650,2020-12-01,2026-03-17,2083,17.3,35727.5,80.1,4.32,0.548,4,212,2025-08-17,30359.0,49.4,1039,High
BLW-LOC-0203,Air Compressor,Locomotive,High,22,3650,2020-12-01,2026-04-01,2098,17.3,35987.0,87.7,2.56,0.777,7,363,2025-04-03,87348.0,41.4,1076,High
BLW-LOC-0203,Air Compressor,Locomotive,High,22,3650,2020-12-01,2026-04-16,2113,17.3,36246.5,76.5,2.42,0.665,2,102,2026-01-04,31971.0,64.4,1223,Medium
BLW-LOC-0203,Air Compressor,Locomotive,High,22,3650,2020-12-01,2026-05-01,2128,17.3,36506.0,81.7,4.8,0.816,6,148,2025-12-04,85311.0,44.0,1042,High
BLW-LOC-0203,Air Compressor,Locomotive,High,22,3650,2020-12-01,2026-05-16,2143,17.3,36765.5,102.0,2.55,0.877,0,154,2025-12-13,126015.0,51.9,1025,Medium
BLW-LOC-0204,Air Compressor,Locomotive,High,22,3650,2022-10-08,2026-01-01,1332,13.8,15423.0,78.5,2.47,0.795,0,1,2025-12-31,27333.0,76.5,1594,Low
BLW-LOC-0204,Air Compressor,Locomotive,High,22,3650,2022-10-08,2026-01-16,1347,13.8,15630.0,94.6,2.23,0.78,4,327,2025-02-23,125965.0,57.4,1489,High
BLW-LOC-0204,Air Compressor,Locomotive,High,22,3650,2022-10-08,2026-01-31,1362,13.8,15837.0,57.2,3.4,0.894,7,63,2025-11-29,99803.0,68.7,1446,Medium
BLW-LOC-0204,Air Compressor,Locomotive,High,22,3650,2022-10-08,2026-02-15,1377,13.8,16044.0,87.9,5.47,0.879,4,213,2025-07-17,31009.0,51.2,1187,High
BLW-LOC-0204,Air Compressor,Locomotive,High,22,3650,2022-10-08,2026-03-02,1392,13.8,16251.0,107.7,4.79,0.947,3,14,2026-02-16,22306.0,54.7,1036,Medium
BLW-LOC-0204,Air Compressor,Locomotive,High,22,3650,2022-10-08,2026-03-17,1407,13.8,16458.0,79.0,3.66,0.941,4,252,2025-07-08,149178.0,62.9,1536,High
BLW-LOC-0204,Air Compressor,Locomotive,High,22,3650,2022-10-08,2026-04-01,1422,13.8,16665.0,61.5,4.07,0.968,1,306,2025-05-30,113107.0,71.2,1581,High
BLW-LOC-0204,Air Compressor,Locomotive,High,22,3650,2022-10-08,2026-04-16,1437,13.8,16872.0,127.3,2.32,0.755,7,289,2025-07-01,68230.0,46.2,1135,High
BLW-LOC-0204,Air Compressor,Locomotive,High,22,3650,2022-10-08,2026-05-01,1452,13.8,17079.0,71.9,3.58,1.019,4,321,2025-06-14,104457.0,61.8,1510,High
BLW-LOC-0204,Air Compressor,Locomotive,High,22,3650,2022-10-08,2026-05-16,1467,13.8,17286.0,93.7,4.28,1.019,1,191,2025-11-06,79316.0,61.9,1296,High
BLW-MFG-0205,CNC Wheel Lathe,Manufacturing,High,45,3650,2024-09-27,2026-01-01,612,9.6,5138.0,68.5,2.99,0.869,2,163,2025-07-22,71851.0,80.5,1853,Medium
BLW-MFG-0205,CNC Wheel Lathe,Manufacturing,High,45,3650,2024-09-27,2026-01-16,627,9.6,5282.0,80.2,4.21,0.674,2,182,2025-07-18,28680.0,71.5,1577,High
BLW-MFG-0205,CNC Wheel Lathe,Manufacturing,High,45,3650,2024-09-27,2026-01-31,642,9.6,5426.0,62.9,3.26,0.897,4,184,2025-07-31,65830.0,77.5,1694,High
BLW-MFG-0205,CNC Wheel Lathe,Manufacturing,High,45,3650,2024-09-27,2026-02-15,657,9.6,5570.0,55.8,3.76,0.561,5,24,2026-01-22,47029.0,81.7,1905,Low
BLW-MFG-0205,CNC Wheel Lathe,Manufacturing,High,45,3650,2024-09-27,2026-03-02,672,9.6,5714.0,84.0,2.82,0.634,8,327,2025-04-09,140766.0,60.0,1758,High
BLW-MFG-0205,CNC Wheel Lathe,Manufacturing,High,45,3650,2024-09-27,2026-03-17,687,9.6,5858.0,80.1,2.45,0.854,8,99,2025-12-08,116134.0,67.5,1652,Medium
BLW-MFG-0205,CNC Wheel Lathe,Manufacturing,High,45,3650,2024-09-27,2026-04-01,702,9.6,6002.0,81.3,2.02,0.761,2,48,2026-02-12,91821.0,79.7,1661,Low
BLW-MFG-0205,CNC Wheel Lathe,Manufacturing,High,45,3650,2024-09-27,2026-04-16,717,9.6,6146.0,72.4,4.2,0.837,2,278,2025-07-12,51778.0,69.7,1788,High
BLW-MFG-0205,CNC Wheel Lathe,Manufacturing,High,45,3650,2024-09-27,2026-05-01,732,9.6,6290.0,91.6,2.62,0.812,5,350,2025-05-16,120982.0,62.4,1744,High
BLW-MFG-0205,CNC Wheel Lathe,Manufacturing,High,45,3650,2024-09-27,2026-05-16,747,9.6,6434.0,66.0,2.05,0.928,4,350,2025-05-31,106205.0,76.6,1937,High
BLW-LOC-0206,Cooling System,Locomotive,High,18,3285,2020-07-15,2026-01-01,2147,13.5,23347.0,69.6,4.69,0.913,2,6,2025-12-26,24858.0,61.2,1093,Medium
BLW-LOC-0206,Cooling System,Locomotive,High,18,3285,2020-07-15,2026-01-16,2162,13.5,23549.5,58.5,4.37,0.824,4,190,2025-07-10,117927.0,57.8,1187,High
BLW-LOC-0206,Cooling System,Locomotive,High,18,3285,2020-07-15,2026-01-31,2177,13.5,23752.0,80.2,4.67,0.931,6,174,2025-08-10,138532.0,46.1,998,High
BLW-LOC-0206,Cooling System,Locomotive,High,18,3285,2020-07-15,2026-02-15,2192,13.5,23954.5,86.4,3.14,0.85,2,52,2025-12-25,36592.0,58.8,1068,Medium
BLW-LOC-0206,Cooling System,Locomotive,High,18,3285,2020-07-15,2026-03-02,2207,13.5,24157.0,75.7,3.23,1.106,8,113,2025-11-09,125578.0,51.9,1050,Medium
BLW-LOC-0206,Cooling System,Locomotive,High,18,3285,2020-07-15,2026-03-17,2222,13.5,24359.5,90.6,3.89,0.922,8,314,2025-05-07,105000.0,37.2,957,High
BLW-LOC-0206,Cooling System,Locomotive,High,18,3285,2020-07-15,2026-04-01,2237,13.5,24562.0,88.0,3.73,1.005,8,272,2025-07-03,108319.0,40.0,945,High
BLW-LOC-0206,Cooling System,Locomotive,High,18,3285,2020-07-15,2026-04-16,2252,13.5,24764.5,88.3,3.74,0.886,1,213,2025-09-15,71771.0,52.9,951,High
BLW-LOC-0206,Cooling System,Locomotive,High,18,3285,2020-07-15,2026-05-01,2267,13.5,24967.0,69.4,2.23,0.784,1,59,2026-03-03,123732.0,69.9,1282,Medium
BLW-LOC-0206,Cooling System,Locomotive,High,18,3285,2020-07-15,2026-05-16,2282,13.5,25169.5,81.1,1.12,1.084,0,245,2025-09-13,55490.0,64.4,1215,High
BLW-LOC-0207,Cooling System,Locomotive,High,18,3285,2020-10-11,2026-01-01,2059,17.4,34641.0,106.6,2.33,1.077,8,175,2025-07-10,29970.0,33.9,785,High
BLW-LOC-0207,Cooling System,Locomotive,High,18,3285,2020-10-11,2026-01-16,2074,17.4,34902.0,59.7,3.57,0.901,4,14,2026-01-02,112947.0,61.8,1201,Medium
BLW-LOC-0207,Cooling System,Locomotive,High,18,3285,2020-10-11,2026-01-31,2089,17.4,35163.0,81.1,2.97,0.792,1,113,2025-10-10,23664.0,59.2,991,Medium
BLW-LOC-0207,Cooling System,Locomotive,High,18,3285,2020-10-11,2026-02-15,2104,17.4,35424.0,94.1,5.12,0.665,2,352,2025-02-28,37853.0,39.6,817,High
BLW-LOC-0207,Cooling System,Locomotive,High,18,3285,2020-10-11,2026-03-02,2119,17.4,35685.0,85.0,4.42,0.994,2,107,2025-11-15,23882.0,50.0,885,Medium
BLW-LOC-0207,Cooling System,Locomotive,High,18,3285,2020-10-11,2026-03-17,2134,17.4,35946.0,62.3,3.92,0.935,1,217,2025-08-12,105169.0,60.5,1196,High
BLW-LOC-0207,Cooling System,Locomotive,High,18,3285,2020-10-11,2026-04-01,2149,17.4,36207.0,71.2,3.16,1.107,1,39,2026-02-21,7727.0,63.2,1116,Medium
BLW-LOC-0207,Cooling System,Locomotive,High,18,3285,2020-10-11,2026-04-16,2164,17.4,36468.0,82.6,2.86,1.08,7,220,2025-09-08,11165.0,43.2,918,High
BLW-LOC-0207,Cooling System,Locomotive,High,18,3285,2020-10-11,2026-05-01,2179,17.4,36729.0,77.6,1.5,0.812,1,16,2026-04-15,119993.0,63.5,1162,Medium
BLW-LOC-0207,Cooling System,Locomotive,High,18,3285,2020-10-11,2026-05-16,2194,17.4,36990.0,75.1,5.02,1.063,8,303,2025-07-17,13593.0,37.5,873,High
BLW-MFG-0208,Welding Robot,Manufacturing,Medium,18,2920,2021-06-02,2026-01-01,1825,6.6,9521.0,66.7,1.43,0.807,0,49,2025-11-13,118444.0,78.1,1357,Low
BLW-MFG-0208,Welding Robot,Manufacturing,Medium,18,2920,2021-06-02,2026-01-16,1840,6.6,9620.0,96.7,3.3,0.626,3,300,2025-03-22,135670.0,50.6,976,High
BLW-MFG-0208,Welding Robot,Manufacturing,Medium,18,2920,2021-06-02,2026-01-31,1855,6.6,9719.0,67.6,2.24,0.855,2,343,2025-02-22,55972.0,64.7,1216,High
BLW-MFG-0208,Welding Robot,Manufacturing,Medium,18,2920,2021-06-02,2026-02-15,1870,6.6,9818.0,75.1,2.04,0.889,1,74,2025-12-03,127650.0,71.4,1343,Low
BLW-MFG-0208,Welding Robot,Manufacturing,Medium,18,2920,2021-06-02,2026-03-02,1885,6.6,9917.0,58.9,2.8,0.873,4,296,2025-05-10,55436.0,64.8,1300,High
BLW-MFG-0208,Welding Robot,Manufacturing,Medium,18,2920,2021-06-02,2026-03-17,1900,6.6,10016.0,75.9,3.91,0.924,2,256,2025-07-04,118216.0,60.4,1100,High
BLW-MFG-0208,Welding Robot,Manufacturing,Medium,18,2920,2021-06-02,2026-04-01,1915,6.6,10115.0,98.0,3.95,0.758,3,258,2025-07-17,87684.0,50.0,904,High
BLW-MFG-0208,Welding Robot,Manufacturing,Medium,18,2920,2021-06-02,2026-04-16,1930,6.6,10214.0,69.0,2.04,0.814,1,296,2025-06-24,115670.0,72.4,1321,High
BLW-MFG-0208,Welding Robot,Manufacturing,Medium,18,2920,2021-06-02,2026-05-01,1945,6.6,10313.0,41.5,4.3,0.969,8,111,2026-01-10,108793.0,58.5,1216,Medium
BLW-MFG-0208,Welding Robot,Manufacturing,Medium,18,2920,2021-06-02,2026-05-16,1960,6.6,10412.0,61.9,2.83,1.015,4,87,2026-02-18,135741.0,70.1,1155,Low
BLW-MFG-0209,CNC Wheel Lathe,Manufacturing,High,45,3650,2024-01-25,2026-01-01,858,7.4,4852.0,64.2,2.73,0.94,8,362,2025-01-04,73834.0,65.4,1790,High
BLW-MFG-0209,CNC Wheel Lathe,Manufacturing,High,45,3650,2024-01-25,2026-01-16,873,7.4,4963.0,78.3,2.96,0.75,2,225,2025-06-05,102661.0,75.3,1729,High
BLW-MFG-0209,CNC Wheel Lathe,Manufacturing,High,45,3650,2024-01-25,2026-01-31,888,7.4,5074.0,66.6,3.06,0.723,1,92,2025-10-31,126038.0,82.7,1836,Low
BLW-MFG-0209,CNC Wheel Lathe,Manufacturing,High,45,3650,2024-01-25,2026-02-15,903,7.4,5185.0,65.1,4.1,0.857,6,217,2025-07-13,36070.0,69.8,1728,High
BLW-MFG-0209,CNC Wheel Lathe,Manufacturing,High,45,3650,2024-01-25,2026-03-02,918,7.4,5296.0,80.9,3.36,0.841,3,208,2025-08-06,21363.0,70.0,1566,High
BLW-MFG-0209,CNC Wheel Lathe,Manufacturing,High,45,3650,2024-01-25,2026-03-17,933,7.4,5407.0,75.1,3.01,0.795,5,63,2026-01-13,72556.0,75.5,1609,Low
BLW-MFG-0209,CNC Wheel Lathe,Manufacturing,High,45,3650,2024-01-25,2026-04-01,948,7.4,5518.0,64.7,4.02,0.882,8,69,2026-01-22,76893.0,69.3,1743,Medium
BLW-MFG-0209,CNC Wheel Lathe,Manufacturing,High,45,3650,2024-01-25,2026-04-16,963,7.4,5629.0,72.8,1.79,0.82,5,360,2025-04-21,46799.0,71.9,1760,High
BLW-MFG-0209,CNC Wheel Lathe,Manufacturing,High,45,3650,2024-01-25,2026-05-01,978,7.4,5740.0,67.6,2.71,0.851,0,42,2026-03-20,52577.0,86.4,1907,Low
BLW-MFG-0209,CNC Wheel Lathe,Manufacturing,High,45,3650,2024-01-25,2026-05-16,993,7.4,5851.0,74.6,3.95,0.76,1,197,2025-10-31,46124.0,74.2,1662,High
BLW-LOC-0210,Air Compressor,Locomotive,High,22,3650,2023-11-08,2026-01-01,936,19.7,15363.0,84.8,2.55,0.96,8,208,2025-06-07,47135.0,59.6,1442,High
BLW-LOC-0210,Air Compressor,Locomotive,High,22,3650,2023-11-08,2026-01-16,951,19.7,15658.5,71.4,2.91,1.171,6,96,2025-10-12,129232.0,68.2,1785,Medium
BLW-LOC-0210,Air Compressor,Locomotive,High,22,3650,2023-11-08,2026-01-31,966,19.7,15954.0,60.6,2.41,0.778,7,347,2025-02-18,58279.0,64.6,1767,High
BLW-LOC-0210,Air Compressor,Locomotive,High,22,3650,2023-11-08,2026-02-15,981,19.7,16249.5,69.8,2.67,1.004,0,345,2025-03-07,76289.0,75.9,1815,High
BLW-LOC-0210,Air Compressor,Locomotive,High,22,3650,2023-11-08,2026-03-02,996,19.7,16545.0,89.1,3.81,0.81,1,202,2025-08-12,68518.0,63.7,1457,High
BLW-LOC-0210,Air Compressor,Locomotive,High,22,3650,2023-11-08,2026-03-17,1011,19.7,16840.5,64.4,2.56,1.013,1,61,2026-01-15,25788.0,85.5,1825,Low
BLW-LOC-0210,Air Compressor,Locomotive,High,22,3650,2023-11-08,2026-04-01,1026,19.7,17136.0,99.4,3.5,0.719,6,355,2025-04-11,90631.0,49.6,1342,High
BLW-LOC-0210,Air Compressor,Locomotive,High,22,3650,2023-11-08,2026-04-16,1041,19.7,17431.5,84.7,3.56,1.0,1,86,2026-01-20,14383.0,69.4,1439,Medium
BLW-LOC-0210,Air Compressor,Locomotive,High,22,3650,2023-11-08,2026-05-01,1056,19.7,17727.0,69.3,4.0,0.759,3,173,2025-11-09,34038.0,68.7,1551,Medium
BLW-LOC-0210,Air Compressor,Locomotive,High,22,3650,2023-11-08,2026-05-16,1071,19.7,18022.5,81.3,2.17,0.905,6,62,2026-03-15,38766.0,69.9,1612,Medium
BLW-LOC-0211,Wheel Assembly,Locomotive,Critical,0,5475,2024-01-25,2026-01-01,858,13.0,10367.0,101.1,5.1,0.943,4,329,2025-02-06,141768.0,52.5,1926,High
BLW-LOC-0211,Wheel Assembly,Locomotive,Critical,0,5475,2024-01-25,2026-01-16,873,13.0,10562.0,90.3,3.08,0.629,5,243,2025-05-18,101668.0,64.1,2205,High
BLW-LOC-0211,Wheel Assembly,Locomotive,Critical,0,5475,2024-01-25,2026-01-31,888,13.0,10757.0,65.2,3.6,0.849,6,248,2025-05-28,79155.0,67.8,2694,High
BLW-LOC-0211,Wheel Assembly,Locomotive,Critical,0,5475,2024-01-25,2026-02-15,903,13.0,10952.0,94.9,2.3,1.018,2,232,2025-06-28,20665.0,67.3,2651,High
BLW-LOC-0211,Wheel Assembly,Locomotive,Critical,0,5475,2024-01-25,2026-03-02,918,13.0,11147.0,75.0,3.87,0.643,4,250,2025-06-25,77105.0,68.7,2533,High
BLW-LOC-0211,Wheel Assembly,Locomotive,Critical,0,5475,2024-01-25,2026-03-17,933,13.0,11342.0,80.7,3.07,0.761,2,15,2026-03-02,19442.0,80.7,2539,Low
BLW-LOC-0211,Wheel Assembly,Locomotive,Critical,0,5475,2024-01-25,2026-04-01,948,13.0,11537.0,105.9,3.17,0.828,0,34,2026-02-26,77230.0,72.9,1962,Low
BLW-LOC-0211,Wheel Assembly,Locomotive,Critical,0,5475,2024-01-25,2026-04-16,963,13.0,11732.0,65.4,5.17,0.744,0,91,2026-01-15,60482.0,77.6,2793,Low
BLW-LOC-0211,Wheel Assembly,Locomotive,Critical,0,5475,2024-01-25,2026-05-01,978,13.0,11927.0,63.5,4.12,0.898,5,78,2026-02-12,48899.0,71.4,2614,Low
BLW-LOC-0211,Wheel Assembly,Locomotive,Critical,0,5475,2024-01-25,2026-05-16,993,13.0,12122.0,91.9,4.38,1.003,1,39,2026-04-07,100857.0,71.1,2282,Low
BLW-LOC-0212,Diesel Engine Auxiliary,Locomotive,High,85,3650,2024-06-11,2026-01-01,720,12.5,7093.0,67.7,1.81,0.694,7,251,2025-04-25,78195.0,68.8,1955,High
BLW-LOC-0212,Diesel Engine Auxiliary,Locomotive,High,85,3650,2024-06-11,2026-01-16,735,12.5,7280.5,56.1,3.88,0.823,8,175,2025-07-25,122375.0,68.6,1907,Medium
BLW-LOC-0212,Diesel Engine Auxiliary,Locomotive,High,85,3650,2024-06-11,2026-01-31,750,12.5,7468.0,73.0,4.33,0.865,8,279,2025-04-27,7562.0,59.1,1798,High
BLW-LOC-0212,Diesel Engine Auxiliary,Locomotive,High,85,3650,2024-06-11,2026-02-15,765,12.5,7655.5,58.8,5.2,0.944,0,220,2025-07-10,132618.0,77.2,1891,High
BLW-LOC-0212,Diesel Engine Auxiliary,Locomotive,High,85,3650,2024-06-11,2026-03-02,780,12.5,7843.0,53.5,3.07,0.725,1,196,2025-08-18,70267.0,83.8,1802,High
BLW-LOC-0212,Diesel Engine Auxiliary,Locomotive,High,85,3650,2024-06-11,2026-03-17,795,12.5,8030.5,88.5,3.53,0.817,6,226,2025-08-03,71650.0,61.1,1509,High
BLW-LOC-0212,Diesel Engine Auxiliary,Locomotive,High,85,3650,2024-06-11,2026-04-01,810,12.5,8218.0,66.5,7.16,0.822,0,90,2026-01-01,85717.0,70.2,1461,Low
BLW-LOC-0212,Diesel Engine Auxiliary,Locomotive,High,85,3650,2024-06-11,2026-04-16,825,12.5,8405.5,64.6,4.84,0.924,4,361,2025-04-20,28801.0,66.7,1663,High
BLW-LOC-0212,Diesel Engine Auxiliary,Locomotive,High,85,3650,2024-06-11,2026-05-01,840,12.5,8593.0,80.2,3.45,0.88,6,68,2026-02-22,50307.0,69.8,1650,Medium
BLW-LOC-0212,Diesel Engine Auxiliary,Locomotive,High,85,3650,2024-06-11,2026-05-16,855,12.5,8780.5,92.7,4.55,1.001,6,249,2025-09-09,115782.0,55.6,1430,High
BLW-LOC-0213,Diesel Engine Auxiliary,Locomotive,High,85,3650,2023-09-13,2026-01-01,992,13.8,11798.0,95.8,2.7,0.747,7,243,2025-05-03,86527.0,53.0,1433,High
BLW-LOC-0213,Diesel Engine Auxiliary,Locomotive,High,85,3650,2023-09-13,2026-01-16,1007,13.8,12005.0,51.0,4.1,0.842,2,259,2025-05-02,13082.0,75.1,1671,High
BLW-LOC-0213,Diesel Engine Auxiliary,Locomotive,High,85,3650,2023-09-13,2026-01-31,1022,13.8,12212.0,76.6,4.95,1.026,4,253,2025-05-23,90702.0,59.8,1483,High
BLW-LOC-0213,Diesel Engine Auxiliary,Locomotive,High,85,3650,2023-09-13,2026-02-15,1037,13.8,12419.0,84.8,4.1,0.833,6,315,2025-04-06,103091.0,56.7,1298,High
BLW-LOC-0213,Diesel Engine Auxiliary,Locomotive,High,85,3650,2023-09-13,2026-03-02,1052,13.8,12626.0,74.9,4.24,0.925,4,164,2025-09-19,13906.0,68.1,1636,Medium
BLW-LOC-0213,Diesel Engine Auxiliary,Locomotive,High,85,3650,2023-09-13,2026-03-17,1067,13.8,12833.0,77.7,5.31,0.789,0,65,2026-01-11,126355.0,73.1,1596,Low
BLW-LOC-0213,Diesel Engine Auxiliary,Locomotive,High,85,3650,2023-09-13,2026-04-01,1082,13.8,13040.0,101.0,3.93,0.84,5,298,2025-06-07,8900.0,48.8,1305,High
BLW-LOC-0213,Diesel Engine Auxiliary,Locomotive,High,85,3650,2023-09-13,2026-04-16,1097,13.8,13247.0,66.9,2.9,0.742,5,194,2025-10-04,19116.0,70.0,1723,High
BLW-LOC-0213,Diesel Engine Auxiliary,Locomotive,High,85,3650,2023-09-13,2026-05-01,1112,13.8,13454.0,88.5,3.18,1.018,5,182,2025-10-31,64730.0,61.2,1418,High
BLW-LOC-0213,Diesel Engine Auxiliary,Locomotive,High,85,3650,2023-09-13,2026-05-16,1127,13.8,13661.0,88.6,6.31,0.935,0,338,2025-06-12,40413.0,56.2,1173,High
BLW-MFG-0214,Material Handling Crane,Manufacturing,Critical,75,7300,2023-08-20,2026-01-01,1016,10.4,7666.0,62.4,3.01,0.781,1,156,2025-07-29,21598.0,83.3,3724,Medium
BLW-MFG-0214,Material Handling Crane,Manufacturing,Critical,75,7300,2023-08-20,2026-01-16,1031,10.4,7822.0,83.3,4.14,0.736,2,10,2026-01-06,83070.0,77.3,3038,Low
BLW-MFG-0214,Material Handling Crane,Manufacturing,Critical,75,7300,2023-08-20,2026-01-31,1046,10.4,7978.0,83.5,3.12,0.925,0,235,2025-06-10,100376.0,74.0,3543,High
BLW-MFG-0214,Material Handling Crane,Manufacturing,Critical,75,7300,2023-08-20,2026-02-15,1061,10.4,8134.0,67.3,3.72,0.926,6,290,2025-05-01,79640.0,69.1,3470,High
BLW-MFG-0214,Material Handling Crane,Manufacturing,Critical,75,7300,2023-08-20,2026-03-02,1076,10.4,8290.0,77.6,2.95,0.753,6,136,2025-10-17,7958.0,70.1,3222,Medium
BLW-MFG-0214,Material Handling Crane,Manufacturing,Critical,75,7300,2023-08-20,2026-03-17,1091,10.4,8446.0,62.9,4.04,0.863,7,301,2025-05-20,8224.0,66.9,3749,High
BLW-MFG-0214,Material Handling Crane,Manufacturing,Critical,75,7300,2023-08-20,2026-04-01,1106,10.4,8602.0,59.8,3.19,0.832,5,193,2025-09-20,87701.0,79.1,3539,High
BLW-MFG-0214,Material Handling Crane,Manufacturing,Critical,75,7300,2023-08-20,2026-04-16,1121,10.4,8758.0,60.4,1.68,0.829,5,293,2025-06-27,19170.0,80.4,3927,High
BLW-MFG-0214,Material Handling Crane,Manufacturing,Critical,75,7300,2023-08-20,2026-05-01,1136,10.4,8914.0,65.3,3.98,0.967,7,51,2026-03-11,105175.0,73.7,3683,Low
BLW-MFG-0214,Material Handling Crane,Manufacturing,Critical,75,7300,2023-08-20,2026-05-16,1151,10.4,9070.0,59.3,4.49,1.08,3,172,2025-11-25,77026.0,79.0,3282,Medium
BLW-LOC-0215,Alternator,Locomotive,Critical,110,4380,2020-12-07,2026-01-01,2002,14.6,23646.0,69.6,4.24,0.799,6,103,2025-09-20,77058.0,61.8,1684,Medium
BLW-LOC-0215,Alternator,Locomotive,Critical,110,4380,2020-12-07,2026-01-16,2017,14.6,23865.0,68.2,3.59,0.748,1,274,2025-04-17,36042.0,66.4,1722,High
BLW-LOC-0215,Alternator,Locomotive,Critical,110,4380,2020-12-07,2026-01-31,2032,14.6,24084.0,97.2,6.14,0.688,4,24,2026-01-07,48111.0,46.1,1094,High
BLW-LOC-0215,Alternator,Locomotive,Critical,110,4380,2020-12-07,2026-02-15,2047,14.6,24303.0,57.6,3.71,0.955,6,115,2025-10-23,95563.0,67.2,1833,Medium
BLW-LOC-0215,Alternator,Locomotive,Critical,110,4380,2020-12-07,2026-03-02,2062,14.6,24522.0,78.3,1.33,0.873,1,296,2025-05-10,18736.0,66.9,1852,High
BLW-LOC-0215,Alternator,Locomotive,Critical,110,4380,2020-12-07,2026-03-17,2077,14.6,24741.0,71.4,3.23,0.698,5,139,2025-10-29,14754.0,59.6,1627,Medium
BLW-LOC-0215,Alternator,Locomotive,Critical,110,4380,2020-12-07,2026-04-01,2092,14.6,24960.0,59.2,4.2,0.818,8,243,2025-08-01,66930.0,55.6,1659,High
BLW-LOC-0215,Alternator,Locomotive,Critical,110,4380,2020-12-07,2026-04-16,2107,14.6,25179.0,35.1,5.66,0.765,5,39,2026-03-08,99473.0,62.4,1514,Medium
BLW-LOC-0215,Alternator,Locomotive,Critical,110,4380,2020-12-07,2026-05-01,2122,14.6,25398.0,99.0,4.07,0.791,4,258,2025-08-16,121598.0,47.3,1395,High
BLW-LOC-0215,Alternator,Locomotive,Critical,110,4380,2020-12-07,2026-05-16,2137,14.6,25617.0,84.1,3.73,0.782,6,339,2025-06-11,83292.0,46.2,1484,High
BLW-MFG-0216,Paint Booth Ventilation,Manufacturing,Low,15,2555,2022-04-28,2026-01-01,1495,11.6,15391.0,68.9,3.79,0.595,7,343,2025-01-23,115699.0,48.0,948,High
BLW-MFG-0216,Paint Booth Ventilation,Manufacturing,Low,15,2555,2022-04-28,2026-01-16,1510,11.6,15565.0,65.8,2.72,0.813,2,9,2026-01-07,96037.0,73.0,1030,Low
BLW-MFG-0216,Paint Booth Ventilation,Manufacturing,Low,15,2555,2022-04-28,2026-01-31,1525,11.6,15739.0,77.8,3.29,0.798,8,95,2025-10-28,88642.0,55.1,1008,Medium
BLW-MFG-0216,Paint Booth Ventilation,Manufacturing,Low,15,2555,2022-04-28,2026-02-15,1540,11.6,15913.0,78.6,0.23,0.993,3,338,2025-03-14,144507.0,59.7,1126,High
BLW-MFG-0216,Paint Booth Ventilation,Manufacturing,Low,15,2555,2022-04-28,2026-03-02,1555,11.6,16087.0,83.0,4.42,0.928,7,137,2025-10-16,140889.0,49.9,933,High
BLW-MFG-0216,Paint Booth Ventilation,Manufacturing,Low,15,2555,2022-04-28,2026-03-17,1570,11.6,16261.0,71.6,1.63,0.814,8,314,2025-05-07,128652.0,53.6,1048,High
BLW-MFG-0216,Paint Booth Ventilation,Manufacturing,Low,15,2555,2022-04-28,2026-04-01,1585,11.6,16435.0,54.8,1.63,0.776,6,289,2025-06-16,110359.0,63.2,1223,High
BLW-MFG-0216,Paint Booth Ventilation,Manufacturing,Low,15,2555,2022-04-28,2026-04-16,1600,11.6,16609.0,81.6,4.1,0.847,0,267,2025-07-23,34094.0,55.8,891,High
BLW-MFG-0216,Paint Booth Ventilation,Manufacturing,Low,15,2555,2022-04-28,2026-05-01,1615,11.6,16783.0,68.3,2.75,0.865,7,75,2026-02-15,39854.0,61.2,1077,Medium
BLW-MFG-0216,Paint Booth Ventilation,Manufacturing,Low,15,2555,2022-04-28,2026-05-16,1630,11.6,16957.0,68.9,1.54,0.817,4,222,2025-10-06,64488.0,63.9,1150,High
BLW-MFG-0217,CNC Turning Center,Manufacturing,High,22,3650,2023-07-22,2026-01-01,1045,8.8,7575.0,58.2,3.26,0.849,4,330,2025-02-05,28285.0,71.6,1891,High
BLW-MFG-0217,CNC Turning Center,Manufacturing,High,22,3650,2023-07-22,2026-01-16,1060,8.8,7707.0,57.9,2.33,0.824,3,207,2025-06-23,39580.0,78.6,1937,High
BLW-MFG-0217,CNC Turning Center,Manufacturing,High,22,3650,2023-07-22,2026-01-31,1075,8.8,7839.0,58.0,3.1,0.82,2,98,2025-10-25,9017.0,82.4,1795,Low
BLW-MFG-0217,CNC Turning Center,Manufacturing,High,22,3650,2023-07-22,2026-02-15,1090,8.8,7971.0,63.3,3.04,0.855,4,237,2025-06-23,75380.0,73.5,1943,High
BLW-MFG-0217,CNC Turning Center,Manufacturing,High,22,3650,2023-07-22,2026-03-02,1105,8.8,8103.0,56.3,2.94,0.683,6,216,2025-07-29,98804.0,72.6,1714,High
BLW-MFG-0217,CNC Turning Center,Manufacturing,High,22,3650,2023-07-22,2026-03-17,1120,8.8,8235.0,65.7,2.72,0.873,0,103,2025-12-04,28107.0,83.5,1769,Low
BLW-MFG-0217,CNC Turning Center,Manufacturing,High,22,3650,2023-07-22,2026-04-01,1135,8.8,8367.0,87.0,3.36,0.794,2,14,2026-03-18,42468.0,72.4,1658,Low
BLW-MFG-0217,CNC Turning Center,Manufacturing,High,22,3650,2023-07-22,2026-04-16,1150,8.8,8499.0,67.8,2.53,0.787,4,337,2025-05-14,84852.0,69.6,1730,High
BLW-MFG-0217,CNC Turning Center,Manufacturing,High,22,3650,2023-07-22,2026-05-01,1165,8.8,8631.0,56.0,2.19,0.777,0,248,2025-08-26,118424.0,85.1,1889,High
BLW-MFG-0217,CNC Turning Center,Manufacturing,High,22,3650,2023-07-22,2026-05-16,1180,8.8,8763.0,69.7,4.39,0.995,0,42,2026-04-04,50516.0,79.0,1597,Low
BLW-LOC-0218,Air Compressor,Locomotive,High,22,3650,2024-11-10,2026-01-01,568,6.9,3866.0,65.0,4.33,0.825,5,343,2025-01-23,100327.0,67.5,1705,High
BLW-LOC-0218,Air Compressor,Locomotive,High,22,3650,2024-11-10,2026-01-16,583,6.9,3969.5,67.3,3.93,0.697,1,203,2025-06-27,141759.0,80.9,1770,High
BLW-LOC-0218,Air Compressor,Locomotive,High,22,3650,2024-11-10,2026-01-31,598,6.9,4073.0,77.4,2.0,0.859,2,120,2025-10-03,21230.0,81.2,1852,Low
BLW-LOC-0218,Air Compressor,Locomotive,High,22,3650,2024-11-10,2026-02-15,613,6.9,4176.5,102.5,3.86,0.77,8,61,2025-12-16,80684.0,55.8,1436,Medium
BLW-LOC-0218,Air Compressor,Locomotive,High,22,3650,2024-11-10,2026-03-02,628,6.9,4280.0,100.7,4.04,0.953,8,128,2025-10-25,76985.0,56.1,1498,Medium
BLW-LOC-0218,Air Compressor,Locomotive,High,22,3650,2024-11-10,2026-03-17,643,6.9,4383.5,52.8,4.55,0.993,1,121,2025-11-16,91974.0,80.7,1765,Medium
BLW-LOC-0218,Air Compressor,Locomotive,High,22,3650,2024-11-10,2026-04-01,658,6.9,4487.0,70.0,2.93,0.822,5,168,2025-10-15,125688.0,75.5,1915,Medium
BLW-LOC-0218,Air Compressor,Locomotive,High,22,3650,2024-11-10,2026-04-16,673,6.9,4590.5,99.8,2.84,0.784,6,120,2025-12-17,140648.0,65.0,1569,Medium
BLW-LOC-0218,Air Compressor,Locomotive,High,22,3650,2024-11-10,2026-05-01,688,6.9,4694.0,85.6,4.47,0.886,3,73,2026-02-17,20488.0,71.3,1540,Low
BLW-LOC-0218,Air Compressor,Locomotive,High,22,3650,2024-11-10,2026-05-16,703,6.9,4797.5,89.2,2.14,0.812,3,140,2025-12-27,68724.0,73.2,1681,Medium
BLW-LOC-0219,Traction Motor,Locomotive,Critical,350,4380,2024-11-02,2026-01-01,576,14.3,6977.0,64.1,2.86,0.668,5,358,2025-01-08,142563.0,73.0,2258,High
BLW-LOC-0219,Traction Motor,Locomotive,Critical,350,4380,2024-11-02,2026-01-16,591,14.3,7191.5,53.2,2.55,0.895,5,279,2025-04-12,66448.0,76.2,2270,High
BLW-LOC-0219,Traction Motor,Locomotive,Critical,350,4380,2024-11-02,2026-01-31,606,14.3,7406.0,78.5,4.01,0.688,3,142,2025-09-11,132518.0,73.4,1907,Medium
BLW-LOC-0219,Traction Motor,Locomotive,Critical,350,4380,2024-11-02,2026-02-15,621,14.3,7620.5,80.1,3.61,0.802,2,185,2025-08-14,73907.0,72.2,1986,High
BLW-LOC-0219,Traction Motor,Locomotive,Critical,350,4380,2024-11-02,2026-03-02,636,14.3,7835.0,105.6,2.07,1.073,5,157,2025-09-26,8056.0,63.2,1803,Medium
BLW-LOC-0219,Traction Motor,Locomotive,Critical,350,4380,2024-11-02,2026-03-17,651,14.3,8049.5,65.7,2.82,0.815,0,339,2025-04-12,120846.0,79.7,2279,High
BLW-LOC-0219,Traction Motor,Locomotive,Critical,350,4380,2024-11-02,2026-04-01,666,14.3,8264.0,76.7,6.02,0.74,0,353,2025-04-13,138031.0,67.0,1866,High
BLW-LOC-0219,Traction Motor,Locomotive,Critical,350,4380,2024-11-02,2026-04-16,681,14.3,8478.5,67.5,4.67,0.837,3,129,2025-12-08,85146.0,71.6,2134,Medium
BLW-LOC-0219,Traction Motor,Locomotive,Critical,350,4380,2024-11-02,2026-05-01,696,14.3,8693.0,67.6,2.64,0.973,4,327,2025-06-08,143980.0,73.6,2357,High
BLW-LOC-0219,Traction Motor,Locomotive,Critical,350,4380,2024-11-02,2026-05-16,711,14.3,8907.5,103.4,3.18,0.99,5,350,2025-05-31,22698.0,54.6,1912,High
BLW-MFG-0220,Material Handling Crane,Manufacturing,Critical,75,7300,2024-10-22,2026-01-01,587,12.2,5030.0,56.7,3.72,0.904,6,130,2025-08-24,48629.0,78.4,3711,Medium
BLW-MFG-0220,Material Handling Crane,Manufacturing,Critical,75,7300,2024-10-22,2026-01-16,602,12.2,5213.0,64.0,0.91,0.847,3,152,2025-08-17,35506.0,86.8,4114,Medium
BLW-MFG-0220,Material Handling Crane,Manufacturing,Critical,75,7300,2024-10-22,2026-01-31,617,12.2,5396.0,30.9,1.76,0.755,2,224,2025-06-21,96546.0,88.1,4253,High
BLW-MFG-0220,Material Handling Crane,Manufacturing,Critical,75,7300,2024-10-22,2026-02-15,632,12.2,5579.0,65.4,3.52,0.732,6,17,2026-01-29,44735.0,80.5,3843,Low
BLW-MFG-0220,Material Handling Crane,Manufacturing,Critical,75,7300,2024-10-22,2026-03-02,647,12.2,5762.0,72.7,2.84,1.023,1,251,2025-06-24,73308.0,81.9,3610,High
BLW-MFG-0220,Material Handling Crane,Manufacturing,Critical,75,7300,2024-10-22,2026-03-17,662,12.2,5945.0,72.0,3.73,0.786,6,170,2025-09-28,109021.0,73.7,3643,Medium
BLW-MFG-0220,Material Handling Crane,Manufacturing,Critical,75,7300,2024-10-22,2026-04-01,677,12.2,6128.0,41.7,3.37,0.809,1,82,2026-01-09,106280.0,90.1,4173,Low
BLW-MFG-0220,Material Handling Crane,Manufacturing,Critical,75,7300,2024-10-22,2026-04-16,692,12.2,6311.0,72.9,4.65,0.837,8,33,2026-03-14,56019.0,70.0,3505,Low
BLW-MFG-0220,Material Handling Crane,Manufacturing,Critical,75,7300,2024-10-22,2026-05-01,707,12.2,6494.0,70.2,3.9,0.801,8,167,2025-11-15,70723.0,68.1,3318,Medium
BLW-MFG-0220,Material Handling Crane,Manufacturing,Critical,75,7300,2024-10-22,2026-05-16,722,12.2,6677.0,75.1,3.54,0.983,0,26,2026-04-20,97999.0,87.3,3592,Low
BLW-MFG-0221,Compressor Unit,Manufacturing,Medium,37,3650,2023-07-14,2026-01-01,1053,12.2,11463.0,50.9,3.19,0.931,0,205,2025-06-10,34011.0,82.2,1924,High
BLW-MFG-0221,Compressor Unit,Manufacturing,Medium,37,3650,2023-07-14,2026-01-16,1068,12.2,11646.0,63.3,2.43,0.751,4,160,2025-08-09,88492.0,76.0,1810,Medium
BLW-MFG-0221,Compressor Unit,Manufacturing,Medium,37,3650,2023-07-14,2026-01-31,1083,12.2,11829.0,69.1,2.78,0.817,1,80,2025-11-12,41193.0,79.1,1838,Low
BLW-MFG-0221,Compressor Unit,Manufacturing,Medium,37,3650,2023-07-14,2026-02-15,1098,12.2,12012.0,68.3,2.79,0.76,2,304,2025-04-17,104434.0,70.6,1870,High
BLW-MFG-0221,Compressor Unit,Manufacturing,Medium,37,3650,2023-07-14,2026-03-02,1113,12.2,12195.0,74.9,1.54,0.916,5,231,2025-07-14,74363.0,70.3,1735,High
BLW-MFG-0221,Compressor Unit,Manufacturing,Medium,37,3650,2023-07-14,2026-03-17,1128,12.2,12378.0,88.2,3.25,0.703,2,133,2025-11-04,30154.0,68.5,1537,Medium
BLW-MFG-0221,Compressor Unit,Manufacturing,Medium,37,3650,2023-07-14,2026-04-01,1143,12.2,12561.0,62.6,3.62,0.683,5,144,2025-11-08,33806.0,72.9,1650,Medium
BLW-MFG-0221,Compressor Unit,Manufacturing,Medium,37,3650,2023-07-14,2026-04-16,1158,12.2,12744.0,58.8,3.05,0.898,6,188,2025-10-10,31374.0,71.4,1721,High
BLW-MFG-0221,Compressor Unit,Manufacturing,Medium,37,3650,2023-07-14,2026-05-01,1173,12.2,12927.0,65.3,2.18,0.838,6,292,2025-07-13,37551.0,70.3,1799,High
BLW-MFG-0221,Compressor Unit,Manufacturing,Medium,37,3650,2023-07-14,2026-05-16,1188,12.2,13110.0,82.5,4.56,0.806,0,285,2025-08-04,98830.0,65.4,1655,High
BLW-MFG-0222,Material Handling Crane,Manufacturing,Critical,75,7300,2020-07-01,2026-01-01,2161,19.6,32168.0,82.3,1.29,0.859,2,25,2025-12-07,63150.0,75.4,3297,Low
BLW-MFG-0222,Material Handling Crane,Manufacturing,Critical,75,7300,2020-07-01,2026-01-16,2176,19.6,32462.0,56.9,2.09,0.757,6,307,2025-03-15,42723.0,68.1,3715,High
BLW-MFG-0222,Material Handling Crane,Manufacturing,Critical,75,7300,2020-07-01,2026-01-31,2191,19.6,32756.0,52.4,2.34,0.651,1,188,2025-07-27,29668.0,82.0,3846,High
BLW-MFG-0222,Material Handling Crane,Manufacturing,Critical,75,7300,2020-07-01,2026-02-15,2206,19.6,33050.0,63.5,2.68,0.88,1,7,2026-02-08,109195.0,85.3,3555,Low
BLW-MFG-0222,Material Handling Crane,Manufacturing,Critical,75,7300,2020-07-01,2026-03-02,2221,19.6,33344.0,59.8,1.54,0.728,6,232,2025-07-13,124952.0,71.4,3467,High
BLW-MFG-0222,Material Handling Crane,Manufacturing,Critical,75,7300,2020-07-01,2026-03-17,2236,19.6,33638.0,71.3,2.55,0.739,7,60,2026-01-16,37550.0,66.4,3481,Medium
BLW-MFG-0222,Material Handling Crane,Manufacturing,Critical,75,7300,2020-07-01,2026-04-01,2251,19.6,33932.0,80.5,4.66,0.904,3,97,2025-12-25,142178.0,63.7,2933,Medium
BLW-MFG-0222,Material Handling Crane,Manufacturing,Critical,75,7300,2020-07-01,2026-04-16,2266,19.6,34226.0,70.2,3.35,0.851,4,147,2025-11-20,113234.0,64.7,3429,Medium
BLW-MFG-0222,Material Handling Crane,Manufacturing,Critical,75,7300,2020-07-01,2026-05-01,2281,19.6,34520.0,77.3,3.5,0.854,6,66,2026-02-24,67540.0,64.8,2871,Medium
BLW-MFG-0222,Material Handling Crane,Manufacturing,Critical,75,7300,2020-07-01,2026-05-16,2296,19.6,34814.0,79.6,2.07,0.884,3,307,2025-07-13,36257.0,67.4,3164,High
BLW-LOC-0223,Air Compressor,Locomotive,High,22,3650,2024-01-28,2026-01-01,855,15.5,10940.0,83.6,2.31,0.734,6,74,2025-10-19,9172.0,68.7,1674,Medium
BLW-LOC-0223,Air Compressor,Locomotive,High,22,3650,2024-01-28,2026-01-16,870,15.5,11172.5,50.7,4.18,0.79,4,120,2025-09-18,94564.0,74.2,1621,Low
BLW-LOC-0223,Air Compressor,Locomotive,High,22,3650,2024-01-28,2026-01-31,885,15.5,11405.0,66.8,4.76,0.864,3,189,2025-07-26,89521.0,69.3,1619,High
BLW-LOC-0223,Air Compressor,Locomotive,High,22,3650,2024-01-28,2026-02-15,900,15.5,11637.5,87.7,4.18,0.856,7,43,2026-01-03,6496.0,61.8,1489,Medium
BLW-LOC-0223,Air Compressor,Locomotive,High,22,3650,2024-01-28,2026-03-02,915,15.5,11870.0,87.4,3.77,0.949,2,165,2025-09-18,146288.0,67.6,1577,Medium
BLW-LOC-0223,Air Compressor,Locomotive,High,22,3650,2024-01-28,2026-03-17,930,15.5,12102.5,95.5,2.53,0.745,6,351,2025-03-31,35772.0,54.2,1549,High
BLW-LOC-0223,Air Compressor,Locomotive,High,22,3650,2024-01-28,2026-04-01,945,15.5,12335.0,59.2,4.27,0.924,6,362,2025-04-04,66377.0,65.7,1729,High
BLW-LOC-0223,Air Compressor,Locomotive,High,22,3650,2024-01-28,2026-04-16,960,15.5,12567.5,63.5,2.7,0.743,4,37,2026-03-10,18816.0,79.0,1801,Low
BLW-LOC-0223,Air Compressor,Locomotive,High,22,3650,2024-01-28,2026-05-01,975,15.5,12800.0,66.9,5.66,0.731,0,26,2026-04-05,53265.0,79.1,1675,Low
BLW-LOC-0223,Air Compressor,Locomotive,High,22,3650,2024-01-28,2026-05-16,990,15.5,13032.5,98.7,3.12,0.936,3,241,2025-09-17,136693.0,58.7,1486,High
BLW-MFG-0224,CNC Milling Machine,Manufacturing,High,30,3650,2020-01-11,2026-01-01,2333,9.6,19841.0,64.1,2.43,0.698,4,202,2025-06-13,102333.0,61.0,1418,High
BLW-MFG-0224,CNC Milling Machine,Manufacturing,High,30,3650,2020-01-11,2026-01-16,2348,9.6,19985.0,79.2,2.49,0.808,2,286,2025-04-05,10963.0,60.7,1471,High
BLW-MFG-0224,CNC Milling Machine,Manufacturing,High,30,3650,2020-01-11,2026-01-31,2363,9.6,20129.0,82.5,2.02,0.636,2,133,2025-09-20,29631.0,67.6,1504,Medium
BLW-MFG-0224,CNC Milling Machine,Manufacturing,High,30,3650,2020-01-11,2026-02-15,2378,9.6,20273.0,69.7,1.81,0.931,7,173,2025-08-26,132295.0,59.0,1437,Medium
BLW-MFG-0224,CNC Milling Machine,Manufacturing,High,30,3650,2020-01-11,2026-03-02,2393,9.6,20417.0,78.9,3.3,0.721,2,45,2026-01-16,51011.0,63.6,1331,Medium
BLW-MFG-0224,CNC Milling Machine,Manufacturing,High,30,3650,2020-01-11,2026-03-17,2408,9.6,20561.0,75.1,3.29,0.938,8,221,2025-08-08,25560.0,49.4,1290,High
BLW-MFG-0224,CNC Milling Machine,Manufacturing,High,30,3650,2020-01-11,2026-04-01,2423,9.6,20705.0,29.3,2.7,0.926,1,160,2025-10-23,11404.0,71.5,1507,Medium
BLW-MFG-0224,CNC Milling Machine,Manufacturing,High,30,3650,2020-01-11,2026-04-16,2438,9.6,20849.0,58.1,4.05,0.91,2,255,2025-08-04,131394.0,64.8,1305,High
BLW-MFG-0224,CNC Milling Machine,Manufacturing,High,30,3650,2020-01-11,2026-05-01,2453,9.6,20993.0,69.5,2.95,0.832,4,184,2025-10-29,139304.0,60.5,1374,High
BLW-MFG-0224,CNC Milling Machine,Manufacturing,High,30,3650,2020-01-11,2026-05-16,2468,9.6,21137.0,82.4,1.53,1.043,4,134,2026-01-02,93875.0,61.3,1334,Medium
BLW-LOC-0225,Traction Motor,Locomotive,Critical,350,4380,2022-11-24,2026-01-01,1285,10.4,12934.0,91.6,1.76,0.77,5,251,2025-04-25,115733.0,61.6,1931,High
BLW-LOC-0225,Traction Motor,Locomotive,Critical,350,4380,2022-11-24,2026-01-16,1300,10.4,13090.0,78.1,4.09,0.784,2,284,2025-04-07,128690.0,66.2,1962,High
BLW-LOC-0225,Traction Motor,Locomotive,Critical,350,4380,2022-11-24,2026-01-31,1315,10.4,13246.0,94.5,3.5,0.941,7,27,2026-01-04,32393.0,59.7,1641,Medium
BLW-LOC-0225,Traction Motor,Locomotive,Critical,350,4380,2022-11-24,2026-02-15,1330,10.4,13402.0,97.1,4.98,0.85,0,117,2025-10-21,31555.0,64.4,1466,Medium
BLW-LOC-0225,Traction Motor,Locomotive,Critical,350,4380,2022-11-24,2026-03-02,1345,10.4,13558.0,67.4,3.38,0.861,7,133,2025-10-20,28715.0,64.6,2053,Medium
BLW-LOC-0225,Traction Motor,Locomotive,Critical,350,4380,2022-11-24,2026-03-17,1360,10.4,13714.0,40.5,7.01,1.055,7,223,2025-08-06,21823.0,56.3,1709,High
BLW-LOC-0225,Traction Motor,Locomotive,Critical,350,4380,2022-11-24,2026-04-01,1375,10.4,13870.0,87.3,3.09,0.903,7,20,2026-03-12,69020.0,62.9,1728,Medium
BLW-LOC-0225,Traction Motor,Locomotive,Critical,350,4380,2022-11-24,2026-04-16,1390,10.4,14026.0,86.3,2.27,0.89,8,248,2025-08-11,71375.0,58.1,1831,High
BLW-LOC-0225,Traction Motor,Locomotive,Critical,350,4380,2022-11-24,2026-05-01,1405,10.4,14182.0,81.2,5.27,0.848,1,75,2026-02-15,22930.0,68.6,1772,Medium
BLW-LOC-0225,Traction Motor,Locomotive,Critical,350,4380,2022-11-24,2026-05-16,1420,10.4,14338.0,84.0,4.21,0.883,1,104,2026-02-01,130885.0,71.4,1709,Low
BLW-MFG-0226,Compressor Unit,Manufacturing,Medium,37,3650,2024-09-05,2026-01-01,634,8.4,4541.0,80.4,2.71,0.734,4,288,2025-03-19,134180.0,70.5,1725,High
BLW-MFG-0226,Compressor Unit,Manufacturing,Medium,37,3650,2024-09-05,2026-01-16,649,8.4,4667.0,73.2,0.39,0.826,3,298,2025-03-24,149711.0,75.3,1787,High
BLW-MFG-0226,Compressor Unit,Manufacturing,Medium,37,3650,2024-09-05,2026-01-31,664,8.4,4793.0,60.0,2.38,0.825,0,269,2025-05-07,116193.0,84.3,2048,High
BLW-MFG-0226,Compressor Unit,Manufacturing,Medium,37,3650,2024-09-05,2026-02-15,679,8.4,4919.0,83.8,3.2,0.916,2,213,2025-07-17,138460.0,74.0,1802,High
BLW-MFG-0226,Compressor Unit,Manufacturing,Medium,37,3650,2024-09-05,2026-03-02,694,8.4,5045.0,90.6,2.55,0.768,3,255,2025-06-20,103152.0,69.8,1728,High
BLW-MFG-0226,Compressor Unit,Manufacturing,Medium,37,3650,2024-09-05,2026-03-17,709,8.4,5171.0,78.3,4.75,0.846,5,13,2026-03-04,46221.0,70.7,1531,Low
BLW-MFG-0226,Compressor Unit,Manufacturing,Medium,37,3650,2024-09-05,2026-04-01,724,8.4,5297.0,95.4,2.8,0.819,1,201,2025-09-12,59166.0,70.5,1565,High
BLW-MFG-0226,Compressor Unit,Manufacturing,Medium,37,3650,2024-09-05,2026-04-16,739,8.4,5423.0,61.8,2.68,0.718,1,165,2025-11-02,27297.0,84.6,2159,Medium
BLW-MFG-0226,Compressor Unit,Manufacturing,Medium,37,3650,2024-09-05,2026-05-01,754,8.4,5549.0,80.2,4.03,0.978,1,235,2025-09-08,125451.0,75.2,1530,High
BLW-MFG-0226,Compressor Unit,Manufacturing,Medium,37,3650,2024-09-05,2026-05-16,769,8.4,5675.0,57.4,2.53,0.818,7,232,2025-09-26,96112.0,73.9,1905,High
BLW-LOC-0227,Traction Motor,Locomotive,Critical,350,4380,2023-05-01,2026-01-01,1127,15.2,13684.0,81.3,3.54,0.763,0,335,2025-01-31,95243.0,65.2,1773,High
BLW-LOC-0227,Traction Motor,Locomotive,Critical,350,4380,2023-05-01,2026-01-16,1142,15.2,13912.0,70.6,3.25,0.719,7,166,2025-08-03,142376.0,65.0,1850,Medium
BLW-LOC-0227,Traction Motor,Locomotive,Critical,350,4380,2023-05-01,2026-01-31,1157,15.2,14140.0,77.7,2.31,0.758,2,108,2025-10-15,130175.0,74.4,1997,Low
BLW-LOC-0227,Traction Motor,Locomotive,Critical,350,4380,2023-05-01,2026-02-15,1172,15.2,14368.0,67.4,4.74,0.914,4,165,2025-09-03,120731.0,67.9,1812,Medium
BLW-LOC-0227,Traction Motor,Locomotive,Critical,350,4380,2023-05-01,2026-03-02,1187,15.2,14596.0,86.9,4.53,0.887,1,280,2025-05-26,143026.0,65.4,1722,High
BLW-LOC-0227,Traction Motor,Locomotive,Critical,350,4380,2023-05-01,2026-03-17,1202,15.2,14824.0,95.7,3.91,0.956,6,47,2026-01-29,62834.0,57.6,1540,Medium
BLW-LOC-0227,Traction Motor,Locomotive,Critical,350,4380,2023-05-01,2026-04-01,1217,15.2,15052.0,88.0,4.21,0.941,2,122,2025-11-30,144932.0,67.8,1570,Medium
BLW-LOC-0227,Traction Motor,Locomotive,Critical,350,4380,2023-05-01,2026-04-16,1232,15.2,15280.0,69.0,4.13,0.798,6,45,2026-03-02,7974.0,74.0,1955,Low
BLW-LOC-0227,Traction Motor,Locomotive,Critical,350,4380,2023-05-01,2026-05-01,1247,15.2,15508.0,83.2,3.28,0.832,3,83,2026-02-07,61333.0,70.2,1845,Low
BLW-LOC-0227,Traction Motor,Locomotive,Critical,350,4380,2023-05-01,2026-05-16,1262,15.2,15736.0,78.3,3.62,1.056,6,145,2025-12-22,98839.0,66.0,1857,Medium
BLW-MFG-0228,Hydraulic Press,Manufacturing,High,55,5475,2020-09-03,2026-01-01,2097,10.2,20113.0,48.9,3.28,0.975,4,350,2025-01-16,92509.0,69.0,2631,High
BLW-MFG-0228,Hydraulic Press,Manufacturing,High,55,5475,2020-09-03,2026-01-16,2112,10.2,20266.0,82.9,2.9,0.888,5,340,2025-02-10,18936.0,56.4,2241,High
BLW-MFG-0228,Hydraulic Press,Manufacturing,High,55,5475,2020-09-03,2026-01-31,2127,10.2,20419.0,82.6,2.37,0.744,5,262,2025-05-14,33981.0,61.5,2250,High
BLW-MFG-0228,Hydraulic Press,Manufacturing,High,55,5475,2020-09-03,2026-02-15,2142,10.2,20572.0,75.2,2.54,1.007,7,198,2025-08-01,74084.0,60.0,2494,High
BLW-MFG-0228,Hydraulic Press,Manufacturing,High,55,5475,2020-09-03,2026-03-02,2157,10.2,20725.0,59.0,1.38,0.864,6,46,2026-01-15,114691.0,75.3,2517,Low
BLW-MFG-0228,Hydraulic Press,Manufacturing,High,55,5475,2020-09-03,2026-03-17,2172,10.2,20878.0,48.8,3.04,0.943,5,314,2025-05-07,32022.0,67.8,2561,High
BLW-MFG-0228,Hydraulic Press,Manufacturing,High,55,5475,2020-09-03,2026-04-01,2187,10.2,21031.0,75.5,3.08,0.707,6,47,2026-02-13,10864.0,64.1,2268,Medium
BLW-MFG-0228,Hydraulic Press,Manufacturing,High,55,5475,2020-09-03,2026-04-16,2202,10.2,21184.0,68.7,3.92,0.931,5,237,2025-08-22,103084.0,63.8,2279,High
BLW-MFG-0228,Hydraulic Press,Manufacturing,High,55,5475,2020-09-03,2026-05-01,2217,10.2,21337.0,54.8,3.57,0.913,2,253,2025-08-21,81455.0,68.8,2423,High
BLW-MFG-0228,Hydraulic Press,Manufacturing,High,55,5475,2020-09-03,2026-05-16,2232,10.2,21490.0,63.9,3.36,0.785,8,42,2026-04-04,47152.0,66.5,2391,Medium
BLW-LOC-0229,Wheel Assembly,Locomotive,Critical,0,5475,2020-06-11,2026-01-01,2181,18.7,34393.0,75.6,2.64,0.773,2,65,2025-10-28,104226.0,69.0,2251,Medium
BLW-LOC-0229,Wheel Assembly,Locomotive,Critical,0,5475,2020-06-11,2026-01-16,2196,18.7,34673.5,87.4,2.63,1.037,4,127,2025-09-11,80848.0,60.1,2142,Medium
BLW-LOC-0229,Wheel Assembly,Locomotive,Critical,0,5475,2020-06-11,2026-01-31,2211,18.7,34954.0,70.0,1.17,0.908,4,291,2025-04-15,11921.0,65.3,2357,High
BLW-LOC-0229,Wheel Assembly,Locomotive,Critical,0,5475,2020-06-11,2026-02-15,2226,18.7,35234.5,70.8,3.61,0.804,1,23,2026-01-23,79445.0,72.1,2273,Low
BLW-LOC-0229,Wheel Assembly,Locomotive,Critical,0,5475,2020-06-11,2026-03-02,2241,18.7,35515.0,84.0,4.43,0.842,8,217,2025-07-28,64888.0,46.3,1669,High
BLW-LOC-0229,Wheel Assembly,Locomotive,Critical,0,5475,2020-06-11,2026-03-17,2256,18.7,35795.5,76.4,-0.24,0.804,7,338,2025-04-13,109445.0,55.5,2271,High
BLW-LOC-0229,Wheel Assembly,Locomotive,Critical,0,5475,2020-06-11,2026-04-01,2271,18.7,36076.0,78.8,4.22,0.618,4,181,2025-10-02,41955.0,57.7,1773,High
BLW-LOC-0229,Wheel Assembly,Locomotive,Critical,0,5475,2020-06-11,2026-04-16,2286,18.7,36356.5,65.5,3.63,1.038,1,257,2025-08-02,7359.0,68.7,2268,High
BLW-LOC-0229,Wheel Assembly,Locomotive,Critical,0,5475,2020-06-11,2026-05-01,2301,18.7,36637.0,84.1,3.04,0.825,7,91,2026-01-30,118996.0,56.9,1819,Medium
BLW-LOC-0229,Wheel Assembly,Locomotive,Critical,0,5475,2020-06-11,2026-05-16,2316,18.7,36917.5,94.1,3.48,0.994,6,23,2026-04-23,17077.0,56.1,1602,Medium
BLW-LOC-0230,Air Compressor,Locomotive,High,22,3650,2021-10-04,2026-01-01,1701,14.2,20205.0,69.3,2.47,0.632,7,319,2025-02-16,122136.0,55.6,1704,High
BLW-LOC-0230,Air Compressor,Locomotive,High,22,3650,2021-10-04,2026-01-16,1716,14.2,20418.0,87.9,5.85,0.954,5,95,2025-10-13,35605.0,48.3,1052,High
BLW-LOC-0230,Air Compressor,Locomotive,High,22,3650,2021-10-04,2026-01-31,1731,14.2,20631.0,88.4,4.13,0.791,1,309,2025-03-28,42601.0,53.4,1440,High
BLW-LOC-0230,Air Compressor,Locomotive,High,22,3650,2021-10-04,2026-02-15,1746,14.2,20844.0,78.3,3.26,0.879,1,222,2025-07-08,82485.0,64.3,1421,High
BLW-LOC-0230,Air Compressor,Locomotive,High,22,3650,2021-10-04,2026-03-02,1761,14.2,21057.0,100.5,3.55,0.73,0,202,2025-08-12,21918.0,57.1,1137,High
BLW-LOC-0230,Air Compressor,Locomotive,High,22,3650,2021-10-04,2026-03-17,1776,14.2,21270.0,103.4,5.16,0.888,2,335,2025-04-16,74182.0,42.1,928,High
BLW-LOC-0230,Air Compressor,Locomotive,High,22,3650,2021-10-04,2026-04-01,1791,14.2,21483.0,83.0,4.2,0.835,6,336,2025-04-30,145042.0,47.1,1209,High
BLW-LOC-0230,Air Compressor,Locomotive,High,22,3650,2021-10-04,2026-04-16,1806,14.2,21696.0,83.2,0.99,0.753,7,155,2025-11-12,94682.0,56.6,1495,Medium
BLW-LOC-0230,Air Compressor,Locomotive,High,22,3650,2021-10-04,2026-05-01,1821,14.2,21909.0,72.2,4.12,0.917,5,353,2025-05-13,102701.0,55.7,1461,High
BLW-LOC-0230,Air Compressor,Locomotive,High,22,3650,2021-10-04,2026-05-16,1836,14.2,22122.0,84.3,3.38,0.815,6,154,2025-12-13,17707.0,54.5,1269,Medium
BLW-MFG-0231,Hydraulic Press,Manufacturing,High,55,5475,2020-01-29,2026-01-01,2315,8.7,19029.0,71.6,3.18,0.879,3,13,2025-12-19,35338.0,75.1,2570,Low
BLW-MFG-0231,Hydraulic Press,Manufacturing,High,55,5475,2020-01-29,2026-01-16,2330,8.7,19159.5,67.3,3.84,0.79,2,332,2025-02-18,40058.0,67.7,2478,High
BLW-MFG-0231,Hydraulic Press,Manufacturing,High,55,5475,2020-01-29,2026-01-31,2345,8.7,19290.0,78.7,2.98,0.763,8,97,2025-10-26,17484.0,57.6,2195,Medium
BLW-MFG-0231,Hydraulic Press,Manufacturing,High,55,5475,2020-01-29,2026-02-15,2360,8.7,19420.5,85.8,2.67,0.914,7,75,2025-12-02,73728.0,61.5,2106,Medium
BLW-MFG-0231,Hydraulic Press,Manufacturing,High,55,5475,2020-01-29,2026-03-02,2375,8.7,19551.0,84.0,0.38,0.718,0,59,2026-01-02,29085.0,74.6,2237,Low
BLW-MFG-0231,Hydraulic Press,Manufacturing,High,55,5475,2020-01-29,2026-03-17,2390,8.7,19681.5,73.0,3.31,0.884,2,359,2025-03-23,69564.0,65.4,2216,High
BLW-MFG-0231,Hydraulic Press,Manufacturing,High,55,5475,2020-01-29,2026-04-01,2405,8.7,19812.0,55.2,3.46,0.787,7,241,2025-08-03,7846.0,61.2,2570,High
BLW-MFG-0231,Hydraulic Press,Manufacturing,High,55,5475,2020-01-29,2026-04-16,2420,8.7,19942.5,87.3,4.55,0.874,7,299,2025-06-21,40181.0,48.7,2019,High
BLW-MFG-0231,Hydraulic Press,Manufacturing,High,55,5475,2020-01-29,2026-05-01,2435,8.7,20073.0,63.7,4.2,0.888,4,291,2025-07-14,125270.0,65.2,2364,High
BLW-MFG-0231,Hydraulic Press,Manufacturing,High,55,5475,2020-01-29,2026-05-16,2450,8.7,20203.5,87.8,3.45,0.717,6,26,2026-04-20,53408.0,62.4,1929,Medium
BLW-MFG-0232,Welding Robot,Manufacturing,Medium,18,2920,2023-07-15,2026-01-01,1052,17.9,15621.0,80.0,2.72,0.938,6,253,2025-04-23,111876.0,59.8,1222,High
BLW-MFG-0232,Welding Robot,Manufacturing,Medium,18,2920,2023-07-15,2026-01-16,1067,17.9,15889.5,71.9,3.23,0.624,8,148,2025-08-21,10367.0,59.3,1150,Medium
BLW-MFG-0232,Welding Robot,Manufacturing,Medium,18,2920,2023-07-15,2026-01-31,1082,17.9,16158.0,68.7,1.87,0.712,6,248,2025-05-28,79437.0,67.3,1403,High
BLW-MFG-0232,Welding Robot,Manufacturing,Medium,18,2920,2023-07-15,2026-02-15,1097,17.9,16426.5,67.4,3.12,0.81,7,118,2025-10-20,108572.0,64.8,1225,Medium
BLW-MFG-0232,Welding Robot,Manufacturing,Medium,18,2920,2023-07-15,2026-03-02,1112,17.9,16695.0,80.1,2.77,0.798,8,9,2026-02-21,66191.0,61.1,1145,Medium
BLW-MFG-0232,Welding Robot,Manufacturing,Medium,18,2920,2023-07-15,2026-03-17,1127,17.9,16963.5,72.9,2.57,0.892,5,283,2025-06-07,14209.0,64.2,1224,High
BLW-MFG-0232,Welding Robot,Manufacturing,Medium,18,2920,2023-07-15,2026-04-01,1142,17.9,17232.0,68.2,3.52,0.806,6,242,2025-08-02,21956.0,61.4,1278,High
BLW-MFG-0232,Welding Robot,Manufacturing,Medium,18,2920,2023-07-15,2026-04-16,1157,17.9,17500.5,83.6,2.6,0.761,5,229,2025-08-30,106140.0,59.0,1124,High
BLW-MFG-0232,Welding Robot,Manufacturing,Medium,18,2920,2023-07-15,2026-05-01,1172,17.9,17769.0,78.2,2.15,1.093,0,82,2026-02-08,46762.0,78.0,1286,Low
BLW-MFG-0232,Welding Robot,Manufacturing,Medium,18,2920,2023-07-15,2026-05-16,1187,17.9,18037.5,82.6,1.78,1.117,3,240,2025-09-18,54858.0,64.1,1231,High
BLW-MFG-0233,Material Handling Crane,Manufacturing,Critical,75,7300,2022-11-05,2026-01-01,1304,9.1,11543.0,42.7,3.24,0.709,5,308,2025-02-27,128751.0,73.3,3644,High
BLW-MFG-0233,Material Handling Crane,Manufacturing,Critical,75,7300,2022-11-05,2026-01-16,1319,9.1,11679.5,52.9,2.13,0.848,7,67,2025-11-10,133060.0,77.7,3747,Low
BLW-MFG-0233,Material Handling Crane,Manufacturing,Critical,75,7300,2022-11-05,2026-01-31,1334,9.1,11816.0,74.6,5.24,0.878,6,213,2025-07-02,125797.0,60.8,3023,High
BLW-MFG-0233,Material Handling Crane,Manufacturing,Critical,75,7300,2022-11-05,2026-02-15,1349,9.1,11952.5,67.8,2.64,0.925,5,241,2025-06-19,120964.0,74.0,3840,High
BLW-MFG-0233,Material Handling Crane,Manufacturing,Critical,75,7300,2022-11-05,2026-03-02,1364,9.1,12089.0,64.4,4.19,0.823,2,318,2025-04-18,35045.0,72.2,3932,High
BLW-MFG-0233,Material Handling Crane,Manufacturing,Critical,75,7300,2022-11-05,2026-03-17,1379,9.1,12225.5,47.1,2.39,0.782,1,341,2025-04-10,75019.0,85.8,4313,High
BLW-MFG-0233,Material Handling Crane,Manufacturing,Critical,75,7300,2022-11-05,2026-04-01,1394,9.1,12362.0,87.7,2.8,1.093,2,102,2025-12-20,27666.0,75.1,3423,Low
BLW-MFG-0233,Material Handling Crane,Manufacturing,Critical,75,7300,2022-11-05,2026-04-16,1409,9.1,12498.5,72.8,3.11,0.83,7,51,2026-02-24,120055.0,71.7,3557,Low
BLW-MFG-0233,Material Handling Crane,Manufacturing,Critical,75,7300,2022-11-05,2026-05-01,1424,9.1,12635.0,75.8,3.17,1.011,7,155,2025-11-27,39034.0,63.3,3462,Medium
BLW-MFG-0233,Material Handling Crane,Manufacturing,Critical,75,7300,2022-11-05,2026-05-16,1439,9.1,12771.5,80.8,4.28,0.859,8,24,2026-04-22,149893.0,64.5,3218,Medium
BLW-LOC-0234,Cooling System,Locomotive,High,18,3285,2024-12-09,2026-01-01,539,9.7,4722.0,100.4,3.14,0.882,2,257,2025-04-19,9636.0,67.1,1212,High
BLW-LOC-0234,Cooling System,Locomotive,High,18,3285,2024-12-09,2026-01-16,554,9.7,4867.5,68.4,5.31,0.986,1,172,2025-07-28,67440.0,75.8,1478,Medium
BLW-LOC-0234,Cooling System,Locomotive,High,18,3285,2024-12-09,2026-01-31,569,9.7,5013.0,66.4,2.89,1.046,3,61,2025-12-01,86487.0,81.7,1697,Low
BLW-LOC-0234,Cooling System,Locomotive,High,18,3285,2024-12-09,2026-02-15,584,9.7,5158.5,69.1,4.66,0.8,7,132,2025-10-06,149081.0,66.9,1380,Medium
BLW-LOC-0234,Cooling System,Locomotive,High,18,3285,2024-12-09,2026-03-02,599,9.7,5304.0,57.0,3.71,0.711,5,23,2026-02-07,116664.0,83.3,1503,Low
BLW-LOC-0234,Cooling System,Locomotive,High,18,3285,2024-12-09,2026-03-17,614,9.7,5449.5,70.0,3.77,0.831,8,136,2025-11-01,134966.0,65.8,1479,Medium
BLW-LOC-0234,Cooling System,Locomotive,High,18,3285,2024-12-09,2026-04-01,629,9.7,5595.0,67.9,3.46,1.114,8,309,2025-05-27,102075.0,64.5,1690,High
BLW-LOC-0234,Cooling System,Locomotive,High,18,3285,2024-12-09,2026-04-16,644,9.7,5740.5,91.2,5.19,0.549,0,224,2025-09-04,120853.0,66.2,1398,High
BLW-LOC-0234,Cooling System,Locomotive,High,18,3285,2024-12-09,2026-05-01,659,9.7,5886.0,75.8,6.01,1.068,1,54,2026-03-08,118340.0,72.6,1357,Low
BLW-LOC-0234,Cooling System,Locomotive,High,18,3285,2024-12-09,2026-05-16,674,9.7,6031.5,70.0,3.19,0.747,1,287,2025-08-02,11086.0,78.2,1528,High
BLW-MFG-0235,Welding Robot,Manufacturing,Medium,18,2920,2020-12-08,2026-01-01,2001,14.8,28468.0,72.2,3.37,0.654,5,80,2025-10-13,110611.0,56.2,982,Medium
BLW-MFG-0235,Welding Robot,Manufacturing,Medium,18,2920,2020-12-08,2026-01-16,2016,14.8,28690.0,74.8,2.17,0.887,7,259,2025-05-02,77267.0,49.6,991,High
BLW-MFG-0235,Welding Robot,Manufacturing,Medium,18,2920,2020-12-08,2026-01-31,2031,14.8,28912.0,90.6,2.94,0.944,1,78,2025-11-14,98828.0,55.5,886,Medium
BLW-MFG-0235,Welding Robot,Manufacturing,Medium,18,2920,2020-12-08,2026-02-15,2046,14.8,29134.0,47.3,3.28,0.762,5,70,2025-12-07,22833.0,58.1,1154,Medium
BLW-MFG-0235,Welding Robot,Manufacturing,Medium,18,2920,2020-12-08,2026-03-02,2061,14.8,29356.0,65.6,2.1,0.804,3,224,2025-07-21,145597.0,58.0,1180,High
BLW-MFG-0235,Welding Robot,Manufacturing,Medium,18,2920,2020-12-08,2026-03-17,2076,14.8,29578.0,60.7,3.53,0.981,0,125,2025-11-12,126048.0,65.0,1102,Medium
BLW-MFG-0235,Welding Robot,Manufacturing,Medium,18,2920,2020-12-08,2026-04-01,2091,14.8,29800.0,57.4,5.3,0.944,7,174,2025-10-09,46580.0,46.5,890,High
BLW-MFG-0235,Welding Robot,Manufacturing,Medium,18,2920,2020-12-08,2026-04-16,2106,14.8,30022.0,69.2,2.84,1.05,2,43,2026-03-04,43572.0,61.3,1040,Medium
BLW-MFG-0235,Welding Robot,Manufacturing,Medium,18,2920,2020-12-08,2026-05-01,2121,14.8,30244.0,71.2,3.09,0.849,6,184,2025-10-29,96269.0,50.3,1019,High
BLW-MFG-0235,Welding Robot,Manufacturing,Medium,18,2920,2020-12-08,2026-05-16,2136,14.8,30466.0,79.5,3.63,0.562,3,77,2026-02-28,114215.0,54.3,821,Medium
BLW-LOC-0236,Wheel Assembly,Locomotive,Critical,0,5475,2024-05-31,2026-01-01,731,9.2,6325.0,87.7,5.27,0.739,6,209,2025-06-06,135219.0,58.0,2093,High
BLW-LOC-0236,Wheel Assembly,Locomotive,Critical,0,5475,2024-05-31,2026-01-16,746,9.2,6463.0,97.3,3.66,1.062,8,349,2025-02-01,57457.0,52.5,2198,High
BLW-LOC-0236,Wheel Assembly,Locomotive,Critical,0,5475,2024-05-31,2026-01-31,761,9.2,6601.0,80.6,4.58,0.651,0,226,2025-06-19,26110.0,73.8,2429,High
BLW-LOC-0236,Wheel Assembly,Locomotive,Critical,0,5475,2024-05-31,2026-02-15,776,9.2,6739.0,91.3,3.42,0.74,0,264,2025-05-27,141828.0,71.8,2275,High
BLW-LOC-0236,Wheel Assembly,Locomotive,Critical,0,5475,2024-05-31,2026-03-02,791,9.2,6877.0,52.3,4.57,0.939,1,173,2025-09-10,50647.0,82.3,2944,Medium
BLW-LOC-0236,Wheel Assembly,Locomotive,Critical,0,5475,2024-05-31,2026-03-17,806,9.2,7015.0,72.0,2.03,0.867,2,222,2025-08-07,13913.0,80.7,2746,High
BLW-LOC-0236,Wheel Assembly,Locomotive,Critical,0,5475,2024-05-31,2026-04-01,821,9.2,7153.0,81.6,3.07,0.66,0,338,2025-04-28,138765.0,74.0,2459,High
BLW-LOC-0236,Wheel Assembly,Locomotive,Critical,0,5475,2024-05-31,2026-04-16,836,9.2,7291.0,87.1,3.06,1.018,2,294,2025-06-26,13382.0,72.5,2577,High
BLW-LOC-0236,Wheel Assembly,Locomotive,Critical,0,5475,2024-05-31,2026-05-01,851,9.2,7429.0,61.1,5.71,1.079,8,151,2025-12-01,65799.0,65.7,2680,Medium
BLW-LOC-0236,Wheel Assembly,Locomotive,Critical,0,5475,2024-05-31,2026-05-16,866,9.2,7567.0,76.9,1.71,0.804,8,155,2025-12-12,109625.0,73.0,2509,Medium
BLW-LOC-0237,Alternator,Locomotive,Critical,110,4380,2021-12-05,2026-01-01,1639,6.1,7838.0,78.0,3.54,0.788,8,312,2025-02-23,138465.0,54.7,1794,High
BLW-LOC-0237,Alternator,Locomotive,Critical,110,4380,2021-12-05,2026-01-16,1654,6.1,7929.5,70.4,1.84,0.881,6,228,2025-06-02,98363.0,70.6,2149,High
BLW-LOC-0237,Alternator,Locomotive,Critical,110,4380,2021-12-05,2026-01-31,1669,6.1,8021.0,67.5,2.1,0.826,8,319,2025-03-18,119310.0,66.1,2134,High
BLW-LOC-0237,Alternator,Locomotive,Critical,110,4380,2021-12-05,2026-02-15,1684,6.1,8112.5,91.0,4.72,0.915,7,357,2025-02-23,55061.0,47.4,1561,High
BLW-LOC-0237,Alternator,Locomotive,Critical,110,4380,2021-12-05,2026-03-02,1699,6.1,8204.0,73.0,2.0,0.957,6,101,2025-11-21,132741.0,73.3,1912,Low
BLW-LOC-0237,Alternator,Locomotive,Critical,110,4380,2021-12-05,2026-03-17,1714,6.1,8295.5,94.3,5.77,0.875,1,18,2026-02-27,82928.0,61.7,1436,Medium
BLW-LOC-0237,Alternator,Locomotive,Critical,110,4380,2021-12-05,2026-04-01,1729,6.1,8387.0,74.5,3.06,0.932,6,64,2026-01-27,80468.0,66.3,1764,Medium
BLW-LOC-0237,Alternator,Locomotive,Critical,110,4380,2021-12-05,2026-04-16,1744,6.1,8478.5,83.9,3.82,0.926,8,145,2025-11-22,35992.0,59.6,1691,Medium
BLW-LOC-0237,Alternator,Locomotive,Critical,110,4380,2021-12-05,2026-05-01,1759,6.1,8570.0,93.4,2.73,0.982,8,282,2025-07-23,50277.0,51.7,1671,High
BLW-LOC-0237,Alternator,Locomotive,Critical,110,4380,2021-12-05,2026-05-16,1774,6.1,8661.5,83.6,5.19,0.738,5,325,2025-06-25,28204.0,49.8,1566,High
BLW-MFG-0238,CNC Wheel Lathe,Manufacturing,High,45,3650,2024-12-28,2026-01-01,520,17.2,7851.0,70.6,2.94,0.943,3,155,2025-07-30,110344.0,78.4,1767,Medium
BLW-MFG-0238,CNC Wheel Lathe,Manufacturing,High,45,3650,2024-12-28,2026-01-16,535,17.2,8109.0,37.9,2.64,0.928,8,56,2025-11-21,111138.0,76.0,1914,Low
BLW-MFG-0238,CNC Wheel Lathe,Manufacturing,High,45,3650,2024-12-28,2026-01-31,550,17.2,8367.0,71.7,1.99,0.892,5,132,2025-09-21,95913.0,79.6,1847,Medium
BLW-MFG-0238,CNC Wheel Lathe,Manufacturing,High,45,3650,2024-12-28,2026-02-15,565,17.2,8625.0,53.9,2.89,0.613,5,63,2025-12-14,11921.0,81.5,1960,Low
BLW-MFG-0238,CNC Wheel Lathe,Manufacturing,High,45,3650,2024-12-28,2026-03-02,580,17.2,8883.0,88.3,2.83,0.881,1,229,2025-07-16,48204.0,71.2,1627,High
BLW-MFG-0238,CNC Wheel Lathe,Manufacturing,High,45,3650,2024-12-28,2026-03-17,595,17.2,9141.0,50.7,2.87,0.814,0,232,2025-07-28,54152.0,85.9,1899,High
BLW-MFG-0238,CNC Wheel Lathe,Manufacturing,High,45,3650,2024-12-28,2026-04-01,610,17.2,9399.0,70.8,2.8,0.817,3,297,2025-06-08,87012.0,74.2,1830,High
BLW-MFG-0238,CNC Wheel Lathe,Manufacturing,High,45,3650,2024-12-28,2026-04-16,625,17.2,9657.0,79.7,3.04,0.82,8,304,2025-06-16,38906.0,60.3,1612,High
BLW-MFG-0238,CNC Wheel Lathe,Manufacturing,High,45,3650,2024-12-28,2026-05-01,640,17.2,9915.0,67.1,5.03,0.769,4,145,2025-12-07,101704.0,70.9,1648,Medium
BLW-MFG-0238,CNC Wheel Lathe,Manufacturing,High,45,3650,2024-12-28,2026-05-16,655,17.2,10173.0,69.2,2.95,0.893,2,365,2025-05-16,59762.0,71.8,1936,High
BLW-MFG-0239,Material Handling Crane,Manufacturing,Critical,75,7300,2020-08-03,2026-01-01,2128,10.6,19731.0,72.6,1.68,0.593,5,232,2025-05-14,19208.0,68.8,3407,High
BLW-MFG-0239,Material Handling Crane,Manufacturing,Critical,75,7300,2020-08-03,2026-01-16,2143,10.6,19890.0,96.8,3.34,0.644,6,210,2025-06-20,16882.0,54.4,2674,High
BLW-MFG-0239,Material Handling Crane,Manufacturing,Critical,75,7300,2020-08-03,2026-01-31,2158,10.6,20049.0,69.6,1.72,0.817,0,217,2025-06-28,133834.0,79.8,3403,High
BLW-MFG-0239,Material Handling Crane,Manufacturing,Critical,75,7300,2020-08-03,2026-02-15,2173,10.6,20208.0,70.5,3.65,0.919,7,109,2025-10-29,69694.0,66.9,3109,Medium
BLW-MFG-0239,Material Handling Crane,Manufacturing,Critical,75,7300,2020-08-03,2026-03-02,2188,10.6,20367.0,76.8,3.28,0.853,5,346,2025-03-21,81307.0,60.7,3068,High
BLW-MFG-0239,Material Handling Crane,Manufacturing,Critical,75,7300,2020-08-03,2026-03-17,2203,10.6,20526.0,69.9,5.25,0.875,8,265,2025-06-25,117930.0,54.4,2800,High
BLW-MFG-0239,Material Handling Crane,Manufacturing,Critical,75,7300,2020-08-03,2026-04-01,2218,10.6,20685.0,63.9,5.06,0.81,4,299,2025-06-06,77330.0,65.9,3095,High
BLW-MFG-0239,Material Handling Crane,Manufacturing,Critical,75,7300,2020-08-03,2026-04-16,2233,10.6,20844.0,73.7,3.86,0.798,6,225,2025-09-03,104908.0,61.7,3359,High
BLW-MFG-0239,Material Handling Crane,Manufacturing,Critical,75,7300,2020-08-03,2026-05-01,2248,10.6,21003.0,83.2,3.91,0.939,7,213,2025-09-30,124453.0,58.0,3157,High
BLW-MFG-0239,Material Handling Crane,Manufacturing,Critical,75,7300,2020-08-03,2026-05-16,2263,10.6,21162.0,72.7,3.77,0.72,2,258,2025-08-31,23433.0,68.4,3015,High
BLW-LOC-0240,Axle Bearing Assembly,Locomotive,Critical,0,4015,2020-09-21,2026-01-01,2079,19.6,34797.0,97.1,0.44,0.802,8,60,2025-11-02,105698.0,43.4,1135,High
BLW-LOC-0240,Axle Bearing Assembly,Locomotive,Critical,0,4015,2020-09-21,2026-01-16,2094,19.6,35091.0,71.4,5.21,0.903,7,242,2025-05-19,9728.0,44.0,1279,High
BLW-LOC-0240,Axle Bearing Assembly,Locomotive,Critical,0,4015,2020-09-21,2026-01-31,2109,19.6,35385.0,79.9,3.65,0.716,2,286,2025-04-20,58553.0,52.9,1247,High
BLW-LOC-0240,Axle Bearing Assembly,Locomotive,Critical,0,4015,2020-09-21,2026-02-15,2124,19.6,35679.0,81.1,3.74,1.05,1,308,2025-04-13,128586.0,55.4,1113,High
BLW-LOC-0240,Axle Bearing Assembly,Locomotive,Critical,0,4015,2020-09-21,2026-03-02,2139,19.6,35973.0,85.1,1.96,0.754,1,61,2025-12-31,58590.0,64.1,1350,Medium
BLW-LOC-0240,Axle Bearing Assembly,Locomotive,Critical,0,4015,2020-09-21,2026-03-17,2154,19.6,36267.0,61.4,3.99,0.706,4,20,2026-02-25,80803.0,65.1,1638,Medium
BLW-LOC-0240,Axle Bearing Assembly,Locomotive,Critical,0,4015,2020-09-21,2026-04-01,2169,19.6,36561.0,62.9,3.46,0.577,1,190,2025-09-23,49214.0,65.7,1581,High
BLW-LOC-0240,Axle Bearing Assembly,Locomotive,Critical,0,4015,2020-09-21,2026-04-16,2184,19.6,36855.0,94.4,3.94,0.992,5,155,2025-11-12,47627.0,49.7,1162,High
BLW-LOC-0240,Axle Bearing Assembly,Locomotive,Critical,0,4015,2020-09-21,2026-05-01,2199,19.6,37149.0,76.6,2.16,0.841,0,73,2026-02-17,25610.0,68.2,1528,Medium
BLW-LOC-0240,Axle Bearing Assembly,Locomotive,Critical,0,4015,2020-09-21,2026-05-16,2214,19.6,37443.0,67.5,3.86,0.996,6,24,2026-04-22,140839.0,58.6,1326,Medium
BLW-LOC-0241,Air Compressor,Locomotive,High,22,3650,2024-12-25,2026-01-01,523,10.0,3948.0,95.6,1.25,0.811,7,1,2025-12-31,22738.0,68.9,1631,Medium
BLW-LOC-0241,Air Compressor,Locomotive,High,22,3650,2024-12-25,2026-01-16,538,10.0,4098.0,81.5,4.28,0.851,5,34,2025-12-13,131212.0,69.8,1582,Medium
BLW-LOC-0241,Air Compressor,Locomotive,High,22,3650,2024-12-25,2026-01-31,553,10.0,4248.0,70.4,4.55,0.782,6,246,2025-05-30,88094.0,67.6,1704,High
BLW-LOC-0241,Air Compressor,Locomotive,High,22,3650,2024-12-25,2026-02-15,568,10.0,4398.0,72.6,4.39,0.778,7,172,2025-08-27,118296.0,67.2,1701,Medium
BLW-LOC-0241,Air Compressor,Locomotive,High,22,3650,2024-12-25,2026-03-02,583,10.0,4548.0,72.3,4.33,0.936,7,310,2025-04-26,24257.0,64.4,1773,High
BLW-LOC-0241,Air Compressor,Locomotive,High,22,3650,2024-12-25,2026-03-17,598,10.0,4698.0,89.4,2.4,1.169,2,258,2025-07-02,97287.0,70.0,1786,High
BLW-LOC-0241,Air Compressor,Locomotive,High,22,3650,2024-12-25,2026-04-01,613,10.0,4848.0,89.3,2.39,0.865,7,341,2025-04-25,70116.0,60.7,1774,High
BLW-LOC-0241,Air Compressor,Locomotive,High,22,3650,2024-12-25,2026-04-16,628,10.0,4998.0,72.9,3.54,0.605,5,45,2026-03-02,120973.0,78.4,1670,Low
BLW-LOC-0241,Air Compressor,Locomotive,High,22,3650,2024-12-25,2026-05-01,643,10.0,5148.0,89.3,3.78,0.878,6,198,2025-10-15,38759.0,63.6,1694,High
BLW-LOC-0241,Air Compressor,Locomotive,High,22,3650,2024-12-25,2026-05-16,658,10.0,5298.0,89.0,4.74,0.934,6,173,2025-11-24,83444.0,61.9,1456,Medium
BLW-LOC-0242,Axle Bearing Assembly,Locomotive,Critical,0,4015,2024-02-16,2026-01-01,836,9.9,6013.0,94.1,4.83,0.98,2,362,2025-01-04,8597.0,57.2,1504,High
BLW-LOC-0242,Axle Bearing Assembly,Locomotive,Critical,0,4015,2024-02-16,2026-01-16,851,9.9,6161.5,82.4,1.9,1.046,4,287,2025-04-04,98548.0,69.8,1921,High
BLW-LOC-0242,Axle Bearing Assembly,Locomotive,Critical,0,4015,2024-02-16,2026-01-31,866,9.9,6310.0,70.9,2.01,0.788,8,43,2025-12-19,32902.0,74.3,2060,Low
BLW-LOC-0242,Axle Bearing Assembly,Locomotive,Critical,0,4015,2024-02-16,2026-02-15,881,9.9,6458.5,82.8,4.07,0.825,8,295,2025-04-26,114854.0,56.8,1787,High
BLW-LOC-0242,Axle Bearing Assembly,Locomotive,Critical,0,4015,2024-02-16,2026-03-02,896,9.9,6607.0,91.8,4.67,0.905,8,96,2025-11-26,113831.0,53.9,1422,Medium
BLW-LOC-0242,Axle Bearing Assembly,Locomotive,Critical,0,4015,2024-02-16,2026-03-17,911,9.9,6755.5,88.8,3.74,0.928,8,9,2026-03-08,22441.0,65.1,1680,Medium
BLW-LOC-0242,Axle Bearing Assembly,Locomotive,Critical,0,4015,2024-02-16,2026-04-01,926,9.9,6904.0,101.7,3.91,0.783,8,92,2025-12-30,144545.0,54.5,1392,Medium
BLW-LOC-0242,Axle Bearing Assembly,Locomotive,Critical,0,4015,2024-02-16,2026-04-16,941,9.9,7052.5,107.0,4.8,0.947,4,105,2026-01-01,40567.0,58.5,1209,Medium
BLW-LOC-0242,Axle Bearing Assembly,Locomotive,Critical,0,4015,2024-02-16,2026-05-01,956,9.9,7201.0,93.2,2.33,0.889,7,43,2026-03-19,122004.0,65.4,1761,Medium
BLW-LOC-0242,Axle Bearing Assembly,Locomotive,Critical,0,4015,2024-02-16,2026-05-16,971,9.9,7349.5,88.6,5.56,0.823,5,205,2025-10-23,90389.0,58.2,1500,High
BLW-LOC-0243,Diesel Engine Auxiliary,Locomotive,High,85,3650,2024-10-31,2026-01-01,578,19.1,8854.0,53.5,2.4,0.832,2,212,2025-06-03,8488.0,84.8,2007,High
BLW-LOC-0243,Diesel Engine Auxiliary,Locomotive,High,85,3650,2024-10-31,2026-01-16,593,19.1,9140.5,61.3,3.38,1.097,8,162,2025-08-07,60392.0,70.4,1790,Medium
BLW-LOC-0243,Diesel Engine Auxiliary,Locomotive,High,85,3650,2024-10-31,2026-01-31,608,19.1,9427.0,87.0,4.52,0.805,1,58,2025-12-04,147069.0,72.8,1493,Low
BLW-LOC-0243,Diesel Engine Auxiliary,Locomotive,High,85,3650,2024-10-31,2026-02-15,623,19.1,9713.5,91.2,3.85,0.923,8,86,2025-11-21,46376.0,57.8,1407,Medium
BLW-LOC-0243,Diesel Engine Auxiliary,Locomotive,High,85,3650,2024-10-31,2026-03-02,638,19.1,10000.0,95.4,3.6,0.904,2,130,2025-10-23,116404.0,67.2,1561,Medium
BLW-LOC-0243,Diesel Engine Auxiliary,Locomotive,High,85,3650,2024-10-31,2026-03-17,653,19.1,10286.5,72.9,3.59,0.969,2,157,2025-10-11,143064.0,77.7,1686,Medium
BLW-LOC-0243,Diesel Engine Auxiliary,Locomotive,High,85,3650,2024-10-31,2026-04-01,668,19.1,10573.0,112.2,4.18,0.755,2,30,2026-03-02,94099.0,63.4,1246,Medium
BLW-LOC-0243,Diesel Engine Auxiliary,Locomotive,High,85,3650,2024-10-31,2026-04-16,683,19.1,10859.5,90.1,3.8,0.894,5,92,2026-01-14,8940.0,63.4,1583,Medium
BLW-LOC-0243,Diesel Engine Auxiliary,Locomotive,High,85,3650,2024-10-31,2026-05-01,698,19.1,11146.0,67.1,2.57,0.934,0,152,2025-11-30,61541.0,87.4,1857,Medium
BLW-LOC-0243,Diesel Engine Auxiliary,Locomotive,High,85,3650,2024-10-31,2026-05-16,713,19.1,11432.5,95.7,5.24,0.993,5,72,2026-03-05,64859.0,58.3,1263,Medium
BLW-LOC-0244,Alternator,Locomotive,Critical,110,4380,2021-06-12,2026-01-01,1815,11.3,19450.0,44.9,3.18,0.991,1,26,2025-12-06,34371.0,78.4,2062,Low
BLW-LOC-0244,Alternator,Locomotive,Critical,110,4380,2021-06-12,2026-01-16,1830,11.3,19619.5,64.5,3.68,0.94,3,252,2025-05-09,78750.0,65.9,1879,High
BLW-LOC-0244,Alternator,Locomotive,Critical,110,4380,2021-06-12,2026-01-31,1845,11.3,19789.0,73.4,4.45,0.888,8,197,2025-07-18,142657.0,53.7,1743,High
BLW-LOC-0244,Alternator,Locomotive,Critical,110,4380,2021-06-12,2026-02-15,1860,11.3,19958.5,90.3,2.82,0.855,4,31,2026-01-15,51159.0,63.4,1604,Medium
BLW-LOC-0244,Alternator,Locomotive,Critical,110,4380,2021-06-12,2026-03-02,1875,11.3,20128.0,119.1,4.15,0.626,8,208,2025-08-06,14491.0,38.7,945,High
BLW-LOC-0244,Alternator,Locomotive,Critical,110,4380,2021-06-12,2026-03-17,1890,11.3,20297.5,77.1,1.37,0.77,0,208,2025-08-21,96863.0,71.3,1931,High
BLW-LOC-0244,Alternator,Locomotive,Critical,110,4380,2021-06-12,2026-04-01,1905,11.3,20467.0,82.8,4.16,0.867,0,137,2025-11-15,85341.0,64.7,1648,Medium
BLW-LOC-0244,Alternator,Locomotive,Critical,110,4380,2021-06-12,2026-04-16,1920,11.3,20636.5,112.4,4.34,0.834,1,126,2025-12-11,115632.0,51.7,1135,Medium
BLW-LOC-0244,Alternator,Locomotive,Critical,110,4380,2021-06-12,2026-05-01,1935,11.3,20806.0,91.2,5.19,0.921,2,155,2025-11-27,87396.0,57.4,1422,Medium
BLW-LOC-0244,Alternator,Locomotive,Critical,110,4380,2021-06-12,2026-05-16,1950,11.3,20975.5,92.8,3.16,0.916,7,42,2026-04-04,127710.0,54.5,1501,Medium
BLW-MFG-0245,Paint Booth Ventilation,Manufacturing,Low,15,2555,2024-05-22,2026-01-01,740,19.6,11777.0,69.0,4.31,0.689,2,125,2025-08-29,82943.0,71.6,1210,Medium
BLW-MFG-0245,Paint Booth Ventilation,Manufacturing,Low,15,2555,2024-05-22,2026-01-16,755,19.6,12071.0,74.9,3.6,0.884,6,284,2025-04-07,70503.0,60.9,1041,High
BLW-MFG-0245,Paint Booth Ventilation,Manufacturing,Low,15,2555,2024-05-22,2026-01-31,770,19.6,12365.0,50.0,2.89,0.614,0,237,2025-06-08,144362.0,81.0,1349,High
BLW-MFG-0245,Paint Booth Ventilation,Manufacturing,Low,15,2555,2024-05-22,2026-02-15,785,19.6,12659.0,62.2,2.62,0.828,4,334,2025-03-18,145952.0,69.3,1256,High
BLW-MFG-0245,Paint Booth Ventilation,Manufacturing,Low,15,2555,2024-05-22,2026-03-02,800,19.6,12953.0,74.9,2.84,0.934,0,30,2026-01-31,140358.0,79.8,1137,Low
BLW-MFG-0245,Paint Booth Ventilation,Manufacturing,Low,15,2555,2024-05-22,2026-03-17,815,19.6,13247.0,85.0,1.83,0.836,7,139,2025-10-29,91691.0,63.4,1069,Medium
BLW-MFG-0245,Paint Booth Ventilation,Manufacturing,Low,15,2555,2024-05-22,2026-04-01,830,19.6,13541.0,73.5,3.59,0.764,6,179,2025-10-04,127154.0,62.4,1102,Medium
BLW-MFG-0245,Paint Booth Ventilation,Manufacturing,Low,15,2555,2024-05-22,2026-04-16,845,19.6,13835.0,64.0,5.22,0.779,3,299,2025-06-21,126899.0,65.0,1087,High
BLW-MFG-0245,Paint Booth Ventilation,Manufacturing,Low,15,2555,2024-05-22,2026-05-01,860,19.6,14129.0,58.4,3.29,0.925,4,23,2026-04-08,28405.0,78.1,1325,Low
BLW-MFG-0245,Paint Booth Ventilation,Manufacturing,Low,15,2555,2024-05-22,2026-05-16,875,19.6,14423.0,107.5,3.48,0.799,8,288,2025-08-01,15141.0,43.3,863,High
BLW-MFG-0246,CNC Turning Center,Manufacturing,High,22,3650,2022-03-20,2026-01-01,1534,15.8,23005.0,76.1,1.63,1.057,8,143,2025-08-11,132350.0,60.2,1355,Medium
BLW-MFG-0246,CNC Turning Center,Manufacturing,High,22,3650,2022-03-20,2026-01-16,1549,15.8,23242.0,57.3,3.58,0.943,3,312,2025-03-10,78199.0,63.0,1622,High
BLW-MFG-0246,CNC Turning Center,Manufacturing,High,22,3650,2022-03-20,2026-01-31,1564,15.8,23479.0,43.2,2.82,0.941,5,349,2025-02-16,142084.0,61.7,1488,High
BLW-MFG-0246,CNC Turning Center,Manufacturing,High,22,3650,2022-03-20,2026-02-15,1579,15.8,23716.0,69.2,2.41,0.898,4,362,2025-02-18,70644.0,60.3,1494,High
BLW-MFG-0246,CNC Turning Center,Manufacturing,High,22,3650,2022-03-20,2026-03-02,1594,15.8,23953.0,43.9,3.15,0.824,3,339,2025-03-28,147538.0,63.7,1616,High
BLW-MFG-0246,CNC Turning Center,Manufacturing,High,22,3650,2022-03-20,2026-03-17,1609,15.8,24190.0,81.3,2.86,0.872,5,107,2025-11-30,71671.0,61.1,1299,Medium
BLW-MFG-0246,CNC Turning Center,Manufacturing,High,22,3650,2022-03-20,2026-04-01,1624,15.8,24427.0,94.5,2.68,0.916,5,8,2026-03-24,137533.0,59.8,1248,Medium
BLW-MFG-0246,CNC Turning Center,Manufacturing,High,22,3650,2022-03-20,2026-04-16,1639,15.8,24664.0,77.9,3.37,0.713,2,330,2025-05-21,138727.0,59.2,1360,High
BLW-MFG-0246,CNC Turning Center,Manufacturing,High,22,3650,2022-03-20,2026-05-01,1654,15.8,24901.0,65.9,2.03,0.973,7,2,2026-04-29,135710.0,71.0,1671,Low
BLW-MFG-0246,CNC Turning Center,Manufacturing,High,22,3650,2022-03-20,2026-05-16,1669,15.8,25138.0,87.4,2.94,0.801,2,211,2025-10-17,85590.0,59.3,1380,High
BLW-LOC-0247,Diesel Engine Auxiliary,Locomotive,High,85,3650,2024-04-10,2026-01-01,782,11.5,6514.0,81.4,3.41,1.005,1,275,2025-04-01,9487.0,71.9,1581,High
BLW-LOC-0247,Diesel Engine Auxiliary,Locomotive,High,85,3650,2024-04-10,2026-01-16,797,11.5,6686.5,68.6,4.37,0.98,7,344,2025-02-06,22895.0,61.6,1816,High
BLW-LOC-0247,Diesel Engine Auxiliary,Locomotive,High,85,3650,2024-04-10,2026-01-31,812,11.5,6859.0,104.1,4.13,0.759,6,307,2025-03-30,56905.0,48.2,1287,High
BLW-LOC-0247,Diesel Engine Auxiliary,Locomotive,High,85,3650,2024-04-10,2026-02-15,827,11.5,7031.5,91.7,5.84,0.915,2,356,2025-02-24,147650.0,57.5,1325,High
BLW-LOC-0247,Diesel Engine Auxiliary,Locomotive,High,85,3650,2024-04-10,2026-03-02,842,11.5,7204.0,90.5,4.69,0.632,1,236,2025-07-09,58720.0,64.2,1522,High
BLW-LOC-0247,Diesel Engine Auxiliary,Locomotive,High,85,3650,2024-04-10,2026-03-17,857,11.5,7376.5,86.1,2.31,0.583,3,227,2025-08-02,6358.0,69.9,1665,High
BLW-LOC-0247,Diesel Engine Auxiliary,Locomotive,High,85,3650,2024-04-10,2026-04-01,872,11.5,7549.0,69.5,3.97,0.941,0,143,2025-11-09,103680.0,80.8,1535,Medium
BLW-LOC-0247,Diesel Engine Auxiliary,Locomotive,High,85,3650,2024-04-10,2026-04-16,887,11.5,7721.5,63.9,3.48,0.954,5,98,2026-01-08,18045.0,76.5,1838,Low
BLW-LOC-0247,Diesel Engine Auxiliary,Locomotive,High,85,3650,2024-04-10,2026-05-01,902,11.5,7894.0,78.6,3.51,0.803,4,113,2026-01-08,38967.0,72.3,1571,Low
BLW-LOC-0247,Diesel Engine Auxiliary,Locomotive,High,85,3650,2024-04-10,2026-05-16,917,11.5,8066.5,98.0,4.2,0.89,7,185,2025-11-12,10335.0,53.0,1270,High
BLW-LOC-0248,Diesel Engine Auxiliary,Locomotive,High,85,3650,2023-12-12,2026-01-01,902,15.9,10939.0,68.3,3.1,0.566,3,326,2025-02-09,62432.0,69.9,1816,High
BLW-LOC-0248,Diesel Engine Auxiliary,Locomotive,High,85,3650,2023-12-12,2026-01-16,917,15.9,11177.5,87.3,2.95,0.861,4,291,2025-03-31,77547.0,61.4,1550,High
BLW-LOC-0248,Diesel Engine Auxiliary,Locomotive,High,85,3650,2023-12-12,2026-01-31,932,15.9,11416.0,102.7,4.76,0.922,2,282,2025-04-24,33097.0,53.8,1297,High
BLW-LOC-0248,Diesel Engine Auxiliary,Locomotive,High,85,3650,2023-12-12,2026-02-15,947,15.9,11654.5,55.1,3.35,0.935,2,33,2026-01-13,90284.0,83.9,1872,Low
BLW-LOC-0248,Diesel Engine Auxiliary,Locomotive,High,85,3650,2023-12-12,2026-03-02,962,15.9,11893.0,85.6,3.47,0.935,1,65,2025-12-27,42646.0,71.6,1476,Low
BLW-LOC-0248,Diesel Engine Auxiliary,Locomotive,High,85,3650,2023-12-12,2026-03-17,977,15.9,12131.5,82.9,3.96,0.656,3,267,2025-06-23,110690.0,64.1,1572,High
BLW-LOC-0248,Diesel Engine Auxiliary,Locomotive,High,85,3650,2023-12-12,2026-04-01,992,15.9,12370.0,81.6,6.65,0.798,4,98,2025-12-24,127912.0,58.3,1280,Medium
BLW-LOC-0248,Diesel Engine Auxiliary,Locomotive,High,85,3650,2023-12-12,2026-04-16,1007,15.9,12608.5,82.5,3.46,0.716,0,354,2025-04-27,103271.0,67.3,1575,High
BLW-LOC-0248,Diesel Engine Auxiliary,Locomotive,High,85,3650,2023-12-12,2026-05-01,1022,15.9,12847.0,102.8,6.54,1.05,4,348,2025-05-18,86217.0,42.5,1053,High
BLW-LOC-0248,Diesel Engine Auxiliary,Locomotive,High,85,3650,2023-12-12,2026-05-16,1037,15.9,13085.5,82.8,6.09,0.875,7,1,2026-05-15,140994.0,55.3,1280,Medium
BLW-MFG-0249,CNC Milling Machine,Manufacturing,High,30,3650,2024-10-14,2026-01-01,595,19.1,9430.0,74.1,3.42,0.8,6,140,2025-08-14,22649.0,69.9,1498,Medium
BLW-MFG-0249,CNC Milling Machine,Manufacturing,High,30,3650,2024-10-14,2026-01-16,610,19.1,9716.5,67.0,3.62,0.742,8,238,2025-05-23,76858.0,63.6,1571,High
BLW-MFG-0249,CNC Milling Machine,Manufacturing,High,30,3650,2024-10-14,2026-01-31,625,19.1,10003.0,85.7,2.25,0.854,8,22,2026-01-09,133151.0,68.4,1768,Medium
BLW-MFG-0249,CNC Milling Machine,Manufacturing,High,30,3650,2024-10-14,2026-02-15,640,19.1,10289.5,65.6,2.46,0.852,3,24,2026-01-22,45300.0,85.7,1865,Low
BLW-MFG-0249,CNC Milling Machine,Manufacturing,High,30,3650,2024-10-14,2026-03-02,655,19.1,10576.0,56.7,1.61,0.718,6,272,2025-06-03,70085.0,76.5,1920,High
BLW-MFG-0249,CNC Milling Machine,Manufacturing,High,30,3650,2024-10-14,2026-03-17,670,19.1,10862.5,61.7,2.41,0.854,0,200,2025-08-29,33218.0,85.7,1925,High
BLW-MFG-0249,CNC Milling Machine,Manufacturing,High,30,3650,2024-10-14,2026-04-01,685,19.1,11149.0,86.0,4.48,0.689,1,292,2025-06-13,122113.0,66.3,1464,High
BLW-MFG-0249,CNC Milling Machine,Manufacturing,High,30,3650,2024-10-14,2026-04-16,700,19.1,11435.5,67.6,3.43,0.834,3,353,2025-04-28,66454.0,71.3,1843,High
BLW-MFG-0249,CNC Milling Machine,Manufacturing,High,30,3650,2024-10-14,2026-05-01,715,19.1,11722.0,74.9,2.62,0.797,1,127,2025-12-25,33547.0,78.2,1711,Medium
BLW-MFG-0249,CNC Milling Machine,Manufacturing,High,30,3650,2024-10-14,2026-05-16,730,19.1,12008.5,95.7,2.54,0.746,5,159,2025-12-08,14112.0,64.7,1532,Medium
BLW-MFG-0250,Welding Robot,Manufacturing,Medium,18,2920,2020-02-27,2026-01-01,2286,12.7,27360.0,62.7,4.07,0.875,5,128,2025-08-26,40837.0,52.0,934,Medium
BLW-MFG-0250,Welding Robot,Manufacturing,Medium,18,2920,2020-02-27,2026-01-16,2301,12.7,27550.5,59.8,3.64,0.794,7,122,2025-09-16,144026.0,49.0,987,High
BLW-MFG-0250,Welding Robot,Manufacturing,Medium,18,2920,2020-02-27,2026-01-31,2316,12.7,27741.0,48.2,4.87,0.733,0,170,2025-08-14,80353.0,59.1,972,Medium
BLW-MFG-0250,Welding Robot,Manufacturing,Medium,18,2920,2020-02-27,2026-02-15,2331,12.7,27931.5,63.9,2.69,0.877,3,37,2026-01-09,117484.0,64.9,1081,Medium
BLW-MFG-0250,Welding Robot,Manufacturing,Medium,18,2920,2020-02-27,2026-03-02,2346,12.7,28122.0,85.9,2.06,0.872,7,48,2026-01-13,95676.0,48.4,891,High
BLW-MFG-0250,Welding Robot,Manufacturing,Medium,18,2920,2020-02-27,2026-03-17,2361,12.7,28312.5,85.5,2.85,0.804,1,43,2026-02-02,146306.0,57.7,792,Medium
BLW-MFG-0250,Welding Robot,Manufacturing,Medium,18,2920,2020-02-27,2026-04-01,2376,12.7,28503.0,67.0,2.98,0.758,0,193,2025-09-20,50426.0,63.1,964,High
BLW-MFG-0250,Welding Robot,Manufacturing,Medium,18,2920,2020-02-27,2026-04-16,2391,12.7,28693.5,69.0,3.41,0.99,1,65,2026-02-10,13990.0,61.2,1014,Medium
BLW-MFG-0250,Welding Robot,Manufacturing,Medium,18,2920,2020-02-27,2026-05-01,2406,12.7,28884.0,79.8,3.31,0.751,7,28,2026-04-03,48713.0,45.3,853,High
BLW-MFG-0250,Welding Robot,Manufacturing,Medium,18,2920,2020-02-27,2026-05-16,2421,12.7,29074.5,65.7,4.08,0.94,6,33,2026-04-13,19765.0,52.1,869,Medium
BLW-MFG-0251,CNC Milling Machine,Manufacturing,High,30,3650,2023-02-19,2026-01-01,1198,6.7,7665.0,71.1,1.88,0.744,6,49,2025-11-13,94509.0,72.7,1734,Low
BLW-MFG-0251,CNC Milling Machine,Manufacturing,High,30,3650,2023-02-19,2026-01-16,1213,6.7,7765.5,79.8,2.85,0.781,6,119,2025-09-19,130364.0,63.9,1631,Medium
BLW-MFG-0251,CNC Milling Machine,Manufacturing,High,30,3650,2023-02-19,2026-01-31,1228,6.7,7866.0,57.2,3.01,0.795,0,232,2025-06-13,60668.0,82.6,1819,High
BLW-MFG-0251,CNC Milling Machine,Manufacturing,High,30,3650,2023-02-19,2026-02-15,1243,6.7,7966.5,66.7,3.39,1.046,6,317,2025-04-04,94788.0,65.7,1675,High
BLW-MFG-0251,CNC Milling Machine,Manufacturing,High,30,3650,2023-02-19,2026-03-02,1258,6.7,8067.0,68.2,2.53,0.745,5,333,2025-04-03,140950.0,66.9,1676,High
BLW-MFG-0251,CNC Milling Machine,Manufacturing,High,30,3650,2023-02-19,2026-03-17,1273,6.7,8167.5,76.8,2.09,0.978,0,232,2025-07-28,79996.0,78.5,1731,High
BLW-MFG-0251,CNC Milling Machine,Manufacturing,High,30,3650,2023-02-19,2026-04-01,1288,6.7,8268.0,69.8,2.6,0.877,3,55,2026-02-05,19890.0,79.8,1676,Low
BLW-MFG-0251,CNC Milling Machine,Manufacturing,High,30,3650,2023-02-19,2026-04-16,1303,6.7,8368.5,52.2,3.78,0.887,1,303,2025-06-17,119465.0,73.6,1699,High
BLW-MFG-0251,CNC Milling Machine,Manufacturing,High,30,3650,2023-02-19,2026-05-01,1318,6.7,8469.0,61.1,2.55,0.828,3,293,2025-07-12,23267.0,74.8,1773,High
BLW-MFG-0251,CNC Milling Machine,Manufacturing,High,30,3650,2023-02-19,2026-05-16,1333,6.7,8569.5,63.1,3.04,0.882,8,131,2026-01-05,56532.0,67.9,1831,Medium
BLW-LOC-0252,Diesel Engine Auxiliary,Locomotive,High,85,3650,2024-01-24,2026-01-01,859,14.7,9543.0,85.6,1.59,0.913,2,22,2025-12-10,13771.0,78.5,1632,Low
BLW-LOC-0252,Diesel Engine Auxiliary,Locomotive,High,85,3650,2024-01-24,2026-01-16,874,14.7,9763.5,56.4,3.56,0.854,4,299,2025-03-23,68198.0,70.2,1668,High
BLW-LOC-0252,Diesel Engine Auxiliary,Locomotive,High,85,3650,2024-01-24,2026-01-31,889,14.7,9984.0,78.3,3.32,0.81,5,159,2025-08-25,89632.0,67.2,1527,Medium
BLW-LOC-0252,Diesel Engine Auxiliary,Locomotive,High,85,3650,2024-01-24,2026-02-15,904,14.7,10204.5,73.9,4.29,0.823,8,74,2025-12-03,26374.0,60.6,1523,Medium
BLW-LOC-0252,Diesel Engine Auxiliary,Locomotive,High,85,3650,2024-01-24,2026-03-02,919,14.7,10425.0,65.1,4.02,0.908,4,308,2025-04-28,54721.0,65.7,1773,High
BLW-LOC-0252,Diesel Engine Auxiliary,Locomotive,High,85,3650,2024-01-24,2026-03-17,934,14.7,10645.5,65.3,5.62,0.869,5,4,2026-03-13,80064.0,68.1,1481,Medium
BLW-LOC-0252,Diesel Engine Auxiliary,Locomotive,High,85,3650,2024-01-24,2026-04-01,949,14.7,10866.0,88.0,3.33,0.868,2,29,2026-03-03,39421.0,74.8,1484,Low
BLW-LOC-0252,Diesel Engine Auxiliary,Locomotive,High,85,3650,2024-01-24,2026-04-16,964,14.7,11086.5,84.5,5.55,0.917,8,27,2026-03-20,66199.0,54.0,1383,Medium
BLW-LOC-0252,Diesel Engine Auxiliary,Locomotive,High,85,3650,2024-01-24,2026-05-01,979,14.7,11307.0,67.0,5.59,0.791,3,102,2026-01-19,97880.0,74.7,1688,Low
BLW-LOC-0252,Diesel Engine Auxiliary,Locomotive,High,85,3650,2024-01-24,2026-05-16,994,14.7,11527.5,73.3,3.97,0.985,3,35,2026-04-11,54525.0,75.6,1670,Low
BLW-LOC-0253,Diesel Engine Auxiliary,Locomotive,High,85,3650,2023-11-23,2026-01-01,921,15.7,12149.0,96.8,3.35,0.806,5,296,2025-03-11,87084.0,54.3,1443,High
BLW-LOC-0253,Diesel Engine Auxiliary,Locomotive,High,85,3650,2023-11-23,2026-01-16,936,15.7,12384.5,84.3,3.9,0.95,5,315,2025-03-07,48447.0,54.5,1495,High
BLW-LOC-0253,Diesel Engine Auxiliary,Locomotive,High,85,3650,2023-11-23,2026-01-31,951,15.7,12620.0,82.9,5.6,0.677,5,83,2025-11-09,20203.0,61.9,1358,Medium
BLW-LOC-0253,Diesel Engine Auxiliary,Locomotive,High,85,3650,2023-11-23,2026-02-15,966,15.7,12855.5,87.7,5.66,0.932,0,253,2025-06-07,36814.0,62.3,1356,High
BLW-LOC-0253,Diesel Engine Auxiliary,Locomotive,High,85,3650,2023-11-23,2026-03-02,981,15.7,13091.0,73.9,3.67,0.784,0,327,2025-04-09,37339.0,71.1,1450,High
BLW-LOC-0253,Diesel Engine Auxiliary,Locomotive,High,85,3650,2023-11-23,2026-03-17,996,15.7,13326.5,88.4,3.6,0.835,3,238,2025-07-22,95468.0,63.0,1364,High
BLW-LOC-0253,Diesel Engine Auxiliary,Locomotive,High,85,3650,2023-11-23,2026-04-01,1011,15.7,13562.0,111.7,3.68,0.862,3,246,2025-07-29,111515.0,52.1,1219,High
BLW-LOC-0253,Diesel Engine Auxiliary,Locomotive,High,85,3650,2023-11-23,2026-04-16,1026,15.7,13797.5,104.4,5.09,0.988,5,192,2025-10-06,34771.0,50.2,1146,High
BLW-LOC-0253,Diesel Engine Auxiliary,Locomotive,High,85,3650,2023-11-23,2026-05-01,1041,15.7,14033.0,62.6,3.66,0.862,2,3,2026-04-28,57608.0,82.7,1772,Low
BLW-LOC-0253,Diesel Engine Auxiliary,Locomotive,High,85,3650,2023-11-23,2026-05-16,1056,15.7,14268.5,109.4,5.39,0.84,1,183,2025-11-14,9353.0,51.3,1202,High
BLW-MFG-0254,Welding Robot,Manufacturing,Medium,18,2920,2020-10-18,2026-01-01,2052,10.1,15716.0,81.3,1.57,0.971,5,22,2025-12-10,146420.0,61.7,1078,Medium
BLW-MFG-0254,Welding Robot,Manufacturing,Medium,18,2920,2020-10-18,2026-01-16,2067,10.1,15867.5,85.2,4.06,0.89,3,101,2025-10-07,46195.0,55.5,954,Medium
BLW-MFG-0254,Welding Robot,Manufacturing,Medium,18,2920,2020-10-18,2026-01-31,2082,10.1,16019.0,61.8,2.85,0.74,3,134,2025-09-19,109231.0,66.3,1167,Medium
BLW-MFG-0254,Welding Robot,Manufacturing,Medium,18,2920,2020-10-18,2026-02-15,2097,10.1,16170.5,59.8,3.07,0.803,5,283,2025-05-08,40665.0,59.9,1081,High
BLW-MFG-0254,Welding Robot,Manufacturing,Medium,18,2920,2020-10-18,2026-03-02,2112,10.1,16322.0,66.8,3.12,0.809,3,11,2026-02-19,30531.0,67.2,1042,Medium
BLW-MFG-0254,Welding Robot,Manufacturing,Medium,18,2920,2020-10-18,2026-03-17,2127,10.1,16473.5,73.3,3.63,0.894,4,51,2026-01-25,8044.0,61.9,1052,Medium
BLW-MFG-0254,Welding Robot,Manufacturing,Medium,18,2920,2020-10-18,2026-04-01,2142,10.1,16625.0,75.5,3.24,0.919,2,194,2025-09-19,99956.0,57.9,1013,High
BLW-MFG-0254,Welding Robot,Manufacturing,Medium,18,2920,2020-10-18,2026-04-16,2157,10.1,16776.5,89.6,0.94,0.841,1,173,2025-10-25,140737.0,62.5,1023,Medium
BLW-MFG-0254,Welding Robot,Manufacturing,Medium,18,2920,2020-10-18,2026-05-01,2172,10.1,16928.0,66.5,3.32,0.825,4,233,2025-09-10,39822.0,59.0,1077,High
BLW-MFG-0254,Welding Robot,Manufacturing,Medium,18,2920,2020-10-18,2026-05-16,2187,10.1,17079.5,85.5,4.53,0.852,5,338,2025-06-12,29847.0,41.0,858,High
BLW-LOC-0255,Wheel Assembly,Locomotive,Critical,0,5475,2024-12-03,2026-01-01,545,16.0,6414.0,75.2,4.11,0.729,2,97,2025-09-26,32794.0,76.7,2657,Low
BLW-LOC-0255,Wheel Assembly,Locomotive,Critical,0,5475,2024-12-03,2026-01-16,560,16.0,6654.0,92.9,2.8,0.695,6,355,2025-01-26,59267.0,65.2,2503,High
BLW-LOC-0255,Wheel Assembly,Locomotive,Critical,0,5475,2024-12-03,2026-01-31,575,16.0,6894.0,75.6,4.64,0.845,6,325,2025-03-12,40460.0,63.9,2486,High
BLW-LOC-0255,Wheel Assembly,Locomotive,Critical,0,5475,2024-12-03,2026-02-15,590,16.0,7134.0,81.8,3.51,0.691,0,315,2025-04-06,90162.0,77.5,2461,High
BLW-LOC-0255,Wheel Assembly,Locomotive,Critical,0,5475,2024-12-03,2026-03-02,605,16.0,7374.0,60.8,3.44,0.755,8,150,2025-10-03,119490.0,73.3,2928,Medium
BLW-LOC-0255,Wheel Assembly,Locomotive,Critical,0,5475,2024-12-03,2026-03-17,620,16.0,7614.0,96.9,4.73,0.838,5,126,2025-11-11,12723.0,61.2,2162,Medium
BLW-LOC-0255,Wheel Assembly,Locomotive,Critical,0,5475,2024-12-03,2026-04-01,635,16.0,7854.0,56.4,4.48,0.705,4,64,2026-01-27,128468.0,83.2,2713,Low
BLW-LOC-0255,Wheel Assembly,Locomotive,Critical,0,5475,2024-12-03,2026-04-16,650,16.0,8094.0,80.8,2.93,0.809,7,107,2025-12-30,110458.0,73.3,2700,Low
BLW-LOC-0255,Wheel Assembly,Locomotive,Critical,0,5475,2024-12-03,2026-05-01,665,16.0,8334.0,61.2,5.71,1.033,7,339,2025-05-27,94159.0,62.5,2597,High
BLW-LOC-0255,Wheel Assembly,Locomotive,Critical,0,5475,2024-12-03,2026-05-16,680,16.0,8574.0,85.0,6.32,0.799,2,260,2025-08-29,61277.0,63.0,2112,High
BLW-LOC-0256,Cooling System,Locomotive,High,18,3285,2022-10-18,2026-01-01,1322,13.3,13252.0,56.5,6.13,0.708,5,269,2025-04-07,105704.0,58.4,1178,High
BLW-LOC-0256,Cooling System,Locomotive,High,18,3285,2022-10-18,2026-01-16,1337,13.3,13451.5,72.8,4.06,0.756,7,242,2025-05-19,43909.0,57.2,1284,High
BLW-LOC-0256,Cooling System,Locomotive,High,18,3285,2022-10-18,2026-01-31,1352,13.3,13651.0,97.0,5.23,0.79,6,326,2025-03-11,138572.0,42.7,1005,High
BLW-LOC-0256,Cooling System,Locomotive,High,18,3285,2022-10-18,2026-02-15,1367,13.3,13850.5,89.7,3.67,0.888,0,106,2025-11-01,36831.0,66.7,1229,Medium
BLW-LOC-0256,Cooling System,Locomotive,High,18,3285,2022-10-18,2026-03-02,1382,13.3,14050.0,100.7,4.48,0.954,3,231,2025-07-14,130159.0,52.5,1029,High
BLW-LOC-0256,Cooling System,Locomotive,High,18,3285,2022-10-18,2026-03-17,1397,13.3,14249.5,86.8,2.45,1.027,6,111,2025-11-26,49370.0,56.8,1285,Medium
BLW-LOC-0256,Cooling System,Locomotive,High,18,3285,2022-10-18,2026-04-01,1412,13.3,14449.0,99.9,2.16,0.928,6,292,2025-06-13,27795.0,50.5,1165,High
BLW-LOC-0256,Cooling System,Locomotive,High,18,3285,2022-10-18,2026-04-16,1427,13.3,14648.5,97.8,4.09,0.641,5,130,2025-12-07,84830.0,51.4,1130,Medium
BLW-LOC-0256,Cooling System,Locomotive,High,18,3285,2022-10-18,2026-05-01,1442,13.3,14848.0,91.1,6.0,1.092,2,43,2026-03-19,47782.0,57.2,1156,Medium
BLW-LOC-0256,Cooling System,Locomotive,High,18,3285,2022-10-18,2026-05-16,1457,13.3,15047.5,85.6,2.79,0.819,8,180,2025-11-17,38376.0,51.5,1364,Medium
BLW-MFG-0257,CNC Milling Machine,Manufacturing,High,30,3650,2022-08-10,2026-01-01,1391,13.2,14706.0,84.1,1.89,0.797,7,239,2025-05-07,67713.0,58.6,1431,High
BLW-MFG-0257,CNC Milling Machine,Manufacturing,High,30,3650,2022-08-10,2026-01-16,1406,13.2,14904.0,44.7,2.66,0.793,5,254,2025-05-07,50968.0,68.7,1741,High
BLW-MFG-0257,CNC Milling Machine,Manufacturing,High,30,3650,2022-08-10,2026-01-31,1421,13.2,15102.0,83.8,2.63,0.847,6,12,2026-01-19,31037.0,65.9,1506,Medium
BLW-MFG-0257,CNC Milling Machine,Manufacturing,High,30,3650,2022-08-10,2026-02-15,1436,13.2,15300.0,60.0,3.04,0.89,3,135,2025-10-03,98576.0,73.4,1817,Medium
BLW-MFG-0257,CNC Milling Machine,Manufacturing,High,30,3650,2022-08-10,2026-03-02,1451,13.2,15498.0,85.4,2.35,0.859,5,42,2026-01-19,47705.0,66.9,1438,Medium
BLW-MFG-0257,CNC Milling Machine,Manufacturing,High,30,3650,2022-08-10,2026-03-17,1466,13.2,15696.0,74.8,3.2,0.698,8,262,2025-06-28,84265.0,56.8,1416,High
BLW-MFG-0257,CNC Milling Machine,Manufacturing,High,30,3650,2022-08-10,2026-04-01,1481,13.2,15894.0,81.1,2.5,0.834,1,141,2025-11-11,139358.0,73.7,1584,Medium
BLW-MFG-0257,CNC Milling Machine,Manufacturing,High,30,3650,2022-08-10,2026-04-16,1496,13.2,16092.0,57.6,2.24,0.795,1,60,2026-02-15,15346.0,83.7,1821,Low
BLW-MFG-0257,CNC Milling Machine,Manufacturing,High,30,3650,2022-08-10,2026-05-01,1511,13.2,16290.0,61.3,2.15,0.888,0,279,2025-07-26,34044.0,78.3,1984,High
BLW-MFG-0257,CNC Milling Machine,Manufacturing,High,30,3650,2022-08-10,2026-05-16,1526,13.2,16488.0,72.6,4.88,0.748,3,345,2025-06-05,52740.0,56.3,1350,High
BLW-LOC-0258,Air Compressor,Locomotive,High,22,3650,2024-03-06,2026-01-01,817,17.4,12866.0,95.8,5.61,0.756,4,97,2025-09-26,107318.0,55.4,1164,Medium
BLW-LOC-0258,Air Compressor,Locomotive,High,22,3650,2024-03-06,2026-01-16,832,17.4,13127.0,51.6,4.41,0.882,2,278,2025-04-13,137295.0,72.6,1604,High
BLW-LOC-0258,Air Compressor,Locomotive,High,22,3650,2024-03-06,2026-01-31,847,17.4,13388.0,104.2,3.0,0.924,0,153,2025-08-31,45868.0,64.0,1374,Medium
BLW-LOC-0258,Air Compressor,Locomotive,High,22,3650,2024-03-06,2026-02-15,862,17.4,13649.0,84.8,4.04,0.884,5,206,2025-07-24,142143.0,61.1,1385,High
BLW-LOC-0258,Air Compressor,Locomotive,High,22,3650,2024-03-06,2026-03-02,877,17.4,13910.0,84.2,3.84,0.898,0,241,2025-07-04,99843.0,69.3,1434,High
BLW-LOC-0258,Air Compressor,Locomotive,High,22,3650,2024-03-06,2026-03-17,892,17.4,14171.0,62.2,1.09,0.973,2,203,2025-08-26,37999.0,82.2,1972,High
BLW-LOC-0258,Air Compressor,Locomotive,High,22,3650,2024-03-06,2026-04-01,907,17.4,14432.0,87.4,1.24,0.757,3,242,2025-08-02,38890.0,68.3,1629,High
BLW-LOC-0258,Air Compressor,Locomotive,High,22,3650,2024-03-06,2026-04-16,922,17.4,14693.0,80.3,4.29,0.886,8,239,2025-08-20,109764.0,55.3,1423,High
BLW-LOC-0258,Air Compressor,Locomotive,High,22,3650,2024-03-06,2026-05-01,937,17.4,14954.0,99.1,3.38,0.73,7,174,2025-11-08,119828.0,52.7,1329,Medium
BLW-LOC-0258,Air Compressor,Locomotive,High,22,3650,2024-03-06,2026-05-16,952,17.4,15215.0,100.1,3.9,0.873,5,96,2026-02-09,67175.0,55.8,1369,Medium
BLW-LOC-0259,Wheel Assembly,Locomotive,Critical,0,5475,2021-03-05,2026-01-01,1914,12.1,22138.0,68.2,3.38,1.028,0,191,2025-06-24,25148.0,76.0,2231,High
BLW-LOC-0259,Wheel Assembly,Locomotive,Critical,0,5475,2021-03-05,2026-01-16,1929,12.1,22319.5,52.3,3.47,0.709,2,156,2025-08-13,141786.0,76.6,2531,Medium
BLW-LOC-0259,Wheel Assembly,Locomotive,Critical,0,5475,2021-03-05,2026-01-31,1944,12.1,22501.0,82.1,2.75,1.069,0,255,2025-05-21,122508.0,74.0,2246,High
BLW-LOC-0259,Wheel Assembly,Locomotive,Critical,0,5475,2021-03-05,2026-02-15,1959,12.1,22682.5,85.7,3.77,0.834,5,173,2025-08-26,37696.0,57.3,1917,Medium
BLW-LOC-0259,Wheel Assembly,Locomotive,Critical,0,5475,2021-03-05,2026-03-02,1974,12.1,22864.0,64.2,4.19,0.808,6,351,2025-03-16,114131.0,55.3,2367,High
BLW-LOC-0259,Wheel Assembly,Locomotive,Critical,0,5475,2021-03-05,2026-03-17,1989,12.1,23045.5,81.4,5.37,0.92,8,153,2025-10-15,52282.0,48.4,1654,High
BLW-LOC-0259,Wheel Assembly,Locomotive,Critical,0,5475,2021-03-05,2026-04-01,2004,12.1,23227.0,72.0,3.05,0.993,0,290,2025-06-15,118877.0,71.9,2543,High
BLW-LOC-0259,Wheel Assembly,Locomotive,Critical,0,5475,2021-03-05,2026-04-16,2019,12.1,23408.5,63.7,5.01,0.972,2,78,2026-01-28,146700.0,68.6,2426,Medium
BLW-LOC-0259,Wheel Assembly,Locomotive,Critical,0,5475,2021-03-05,2026-05-01,2034,12.1,23590.0,85.8,4.37,0.786,5,290,2025-07-15,96327.0,55.4,1836,High
BLW-LOC-0259,Wheel Assembly,Locomotive,Critical,0,5475,2021-03-05,2026-05-16,2049,12.1,23771.5,97.7,4.93,0.778,6,195,2025-11-02,34610.0,50.8,1693,High
BLW-LOC-0260,Brake System,Locomotive,Critical,12,2920,2020-05-10,2026-01-01,2213,13.5,22601.0,87.8,1.67,1.104,1,168,2025-07-17,87580.0,55.7,937,Medium
BLW-LOC-0260,Brake System,Locomotive,Critical,12,2920,2020-05-10,2026-01-16,2228,13.5,22803.5,63.9,2.81,0.95,7,327,2025-02-23,134738.0,51.0,941,High
BLW-LOC-0260,Brake System,Locomotive,Critical,12,2920,2020-05-10,2026-01-31,2243,13.5,23006.0,96.0,4.85,0.747,1,87,2025-11-05,20125.0,50.4,586,Medium
BLW-LOC-0260,Brake System,Locomotive,Critical,12,2920,2020-05-10,2026-02-15,2258,13.5,23208.5,71.0,4.22,0.763,8,90,2025-11-17,9649.0,47.6,854,High
BLW-LOC-0260,Brake System,Locomotive,Critical,12,2920,2020-05-10,2026-03-02,2273,13.5,23411.0,78.4,4.7,0.843,7,13,2026-02-17,32070.0,47.1,797,High
BLW-LOC-0260,Brake System,Locomotive,Critical,12,2920,2020-05-10,2026-03-17,2288,13.5,23613.5,93.9,4.69,0.737,1,197,2025-09-01,46154.0,47.1,632,High
BLW-LOC-0260,Brake System,Locomotive,Critical,12,2920,2020-05-10,2026-04-01,2303,13.5,23816.0,63.6,3.71,0.771,3,149,2025-11-03,100638.0,60.2,1017,Medium
BLW-LOC-0260,Brake System,Locomotive,Critical,12,2920,2020-05-10,2026-04-16,2318,13.5,24018.5,55.1,2.86,0.71,1,232,2025-08-27,13331.0,63.6,1103,High
BLW-LOC-0260,Brake System,Locomotive,Critical,12,2920,2020-05-10,2026-05-01,2333,13.5,24221.0,80.8,3.19,1.046,8,5,2026-04-26,29915.0,45.3,876,High
BLW-LOC-0260,Brake System,Locomotive,Critical,12,2920,2020-05-10,2026-05-16,2348,13.5,24423.5,77.0,3.86,0.832,6,200,2025-10-28,27770.0,48.7,778,High
BLW-MFG-0261,Welding Robot,Manufacturing,Medium,18,2920,2020-09-21,2026-01-01,2079,13.5,23673.0,65.1,3.27,0.659,1,199,2025-06-16,143489.0,61.1,1068,High
BLW-MFG-0261,Welding Robot,Manufacturing,Medium,18,2920,2020-09-21,2026-01-16,2094,13.5,23875.5,55.2,2.12,0.79,3,66,2025-11-11,131215.0,69.0,1154,Medium
BLW-MFG-0261,Welding Robot,Manufacturing,Medium,18,2920,2020-09-21,2026-01-31,2109,13.5,24078.0,79.5,2.0,0.705,4,221,2025-06-24,123595.0,57.4,983,High
BLW-MFG-0261,Welding Robot,Manufacturing,Medium,18,2920,2020-09-21,2026-02-15,2124,13.5,24280.5,51.7,1.38,0.943,7,81,2025-11-26,92538.0,60.3,1141,Medium
BLW-MFG-0261,Welding Robot,Manufacturing,Medium,18,2920,2020-09-21,2026-03-02,2139,13.5,24483.0,66.3,3.91,0.822,4,300,2025-05-06,34431.0,55.4,1014,High
BLW-MFG-0261,Welding Robot,Manufacturing,Medium,18,2920,2020-09-21,2026-03-17,2154,13.5,24685.5,81.7,3.77,0.841,7,141,2025-10-27,34247.0,44.2,886,High
BLW-MFG-0261,Welding Robot,Manufacturing,Medium,18,2920,2020-09-21,2026-04-01,2169,13.5,24888.0,75.9,2.58,0.867,2,228,2025-08-16,14276.0,59.4,1129,High
BLW-MFG-0261,Welding Robot,Manufacturing,Medium,18,2920,2020-09-21,2026-04-16,2184,13.5,25090.5,80.9,4.83,0.792,6,309,2025-06-11,122097.0,40.4,875,High
BLW-MFG-0261,Welding Robot,Manufacturing,Medium,18,2920,2020-09-21,2026-05-01,2199,13.5,25293.0,60.6,2.76,1.034,8,168,2025-11-14,136994.0,52.6,1024,Medium
BLW-MFG-0261,Welding Robot,Manufacturing,Medium,18,2920,2020-09-21,2026-05-16,2214,13.5,25495.5,90.5,4.33,0.908,7,235,2025-09-23,72091.0,37.2,750,High
BLW-MFG-0262,CNC Milling Machine,Manufacturing,High,30,3650,2024-02-18,2026-01-01,834,7.3,5442.0,68.4,4.22,0.844,7,177,2025-07-08,106546.0,69.3,1598,Medium
BLW-MFG-0262,CNC Milling Machine,Manufacturing,High,30,3650,2024-02-18,2026-01-16,849,7.3,5551.5,65.6,2.51,0.716,4,200,2025-06-30,93889.0,76.8,1902,High
BLW-MFG-0262,CNC Milling Machine,Manufacturing,High,30,3650,2024-02-18,2026-01-31,864,7.3,5661.0,72.9,4.85,0.876,2,212,2025-07-03,41125.0,72.1,1624,High
BLW-MFG-0262,CNC Milling Machine,Manufacturing,High,30,3650,2024-02-18,2026-02-15,879,7.3,5770.5,87.5,5.11,0.888,6,234,2025-06-26,60776.0,54.4,1371,High
BLW-MFG-0262,CNC Milling Machine,Manufacturing,High,30,3650,2024-02-18,2026-03-02,894,7.3,5880.0,71.6,3.41,0.91,2,357,2025-03-10,87449.0,71.9,1746,High
BLW-MFG-0262,CNC Milling Machine,Manufacturing,High,30,3650,2024-02-18,2026-03-17,909,7.3,5989.5,61.4,3.41,1.03,6,357,2025-03-25,142125.0,69.6,1868,High
BLW-MFG-0262,CNC Milling Machine,Manufacturing,High,30,3650,2024-02-18,2026-04-01,924,7.3,6099.0,82.2,2.77,0.799,3,80,2026-01-11,44698.0,73.6,1666,Low
BLW-MFG-0262,CNC Milling Machine,Manufacturing,High,30,3650,2024-02-18,2026-04-16,939,7.3,6208.5,65.5,4.24,0.807,8,149,2025-11-18,101665.0,64.9,1858,Medium
BLW-MFG-0262,CNC Milling Machine,Manufacturing,High,30,3650,2024-02-18,2026-05-01,954,7.3,6318.0,66.0,3.34,0.905,1,357,2025-05-09,110348.0,73.7,1931,High
BLW-MFG-0262,CNC Milling Machine,Manufacturing,High,30,3650,2024-02-18,2026-05-16,969,7.3,6427.5,79.8,4.65,0.797,3,252,2025-09-06,64635.0,65.4,1556,High
BLW-MFG-0263,Welding Robot,Manufacturing,Medium,18,2920,2022-01-25,2026-01-01,1588,7.1,8248.0,68.2,1.49,0.831,5,209,2025-06-06,70386.0,65.4,1341,High
BLW-MFG-0263,Welding Robot,Manufacturing,Medium,18,2920,2022-01-25,2026-01-16,1603,7.1,8354.5,40.3,1.18,0.907,4,106,2025-10-02,78379.0,74.6,1321,Low
BLW-MFG-0263,Welding Robot,Manufacturing,Medium,18,2920,2022-01-25,2026-01-31,1618,7.1,8461.0,81.9,3.19,0.917,7,13,2026-01-18,15613.0,60.1,1271,Medium
BLW-MFG-0263,Welding Robot,Manufacturing,Medium,18,2920,2022-01-25,2026-02-15,1633,7.1,8567.5,60.1,4.52,0.829,7,195,2025-08-04,54830.0,57.5,1246,High
BLW-MFG-0263,Welding Robot,Manufacturing,Medium,18,2920,2022-01-25,2026-03-02,1648,7.1,8674.0,72.0,2.05,0.748,6,99,2025-11-23,62518.0,67.1,1299,Medium
BLW-MFG-0263,Welding Robot,Manufacturing,Medium,18,2920,2022-01-25,2026-03-17,1663,7.1,8780.5,39.4,4.0,0.796,0,128,2025-11-09,21629.0,74.0,1355,Medium
BLW-MFG-0263,Welding Robot,Manufacturing,Medium,18,2920,2022-01-25,2026-04-01,1678,7.1,8887.0,69.5,4.19,0.894,2,167,2025-10-16,102193.0,67.0,1184,Medium
BLW-MFG-0263,Welding Robot,Manufacturing,Medium,18,2920,2022-01-25,2026-04-16,1693,7.1,8993.5,76.4,2.78,0.77,7,248,2025-08-11,71897.0,58.1,1182,High
BLW-MFG-0263,Welding Robot,Manufacturing,Medium,18,2920,2022-01-25,2026-05-01,1708,7.1,9100.0,71.8,4.18,0.849,1,280,2025-07-25,100268.0,64.8,1146,High
BLW-MFG-0263,Welding Robot,Manufacturing,Medium,18,2920,2022-01-25,2026-05-16,1723,7.1,9206.5,77.4,3.56,0.955,7,71,2026-03-06,73264.0,58.5,1109,Medium
BLW-LOC-0264,Traction Motor,Locomotive,Critical,350,4380,2024-09-19,2026-01-01,620,8.3,4897.0,89.9,3.8,0.741,1,90,2025-10-03,47651.0,76.1,1729,Low
BLW-LOC-0264,Traction Motor,Locomotive,Critical,350,4380,2024-09-19,2026-01-16,635,8.3,5021.5,90.6,2.03,1.081,8,200,2025-06-30,29426.0,61.2,2096,High
BLW-LOC-0264,Traction Motor,Locomotive,Critical,350,4380,2024-09-19,2026-01-31,650,8.3,5146.0,78.4,3.16,0.882,0,346,2025-02-19,44622.0,76.3,2019,High
BLW-LOC-0264,Traction Motor,Locomotive,Critical,350,4380,2024-09-19,2026-02-15,665,8.3,5270.5,68.2,4.43,0.66,7,183,2025-08-16,30801.0,66.6,2361,High
BLW-LOC-0264,Traction Motor,Locomotive,Critical,350,4380,2024-09-19,2026-03-02,680,8.3,5395.0,66.7,5.08,0.8,0,345,2025-03-22,82183.0,75.0,2147,High
BLW-LOC-0264,Traction Motor,Locomotive,Critical,350,4380,2024-09-19,2026-03-17,695,8.3,5519.5,98.9,3.51,1.114,7,356,2025-03-26,11925.0,52.3,1757,High
BLW-LOC-0264,Traction Motor,Locomotive,Critical,350,4380,2024-09-19,2026-04-01,710,8.3,5644.0,86.5,2.45,0.846,8,328,2025-05-08,101068.0,60.6,1951,High
BLW-LOC-0264,Traction Motor,Locomotive,Critical,350,4380,2024-09-19,2026-04-16,725,8.3,5768.5,120.2,2.84,1.027,1,199,2025-09-29,105100.0,67.2,1585,High
BLW-LOC-0264,Traction Motor,Locomotive,Critical,350,4380,2024-09-19,2026-05-01,740,8.3,5893.0,71.4,2.98,0.828,7,26,2026-04-05,91740.0,72.3,2043,Low
BLW-LOC-0264,Traction Motor,Locomotive,Critical,350,4380,2024-09-19,2026-05-16,755,8.3,6017.5,63.0,5.57,0.969,0,193,2025-11-04,116232.0,79.7,2140,High
BLW-MFG-0265,Material Handling Crane,Manufacturing,Critical,75,7300,2022-02-06,2026-01-01,1576,18.7,22398.0,67.0,4.11,0.759,0,215,2025-05-31,9052.0,76.9,3513,High
BLW-MFG-0265,Material Handling Crane,Manufacturing,Critical,75,7300,2022-02-06,2026-01-16,1591,18.7,22678.5,49.9,5.64,0.828,0,172,2025-07-28,123976.0,76.4,3495,Medium
BLW-MFG-0265,Material Handling Crane,Manufacturing,Critical,75,7300,2022-02-06,2026-01-31,1606,18.7,22959.0,77.6,2.93,0.843,1,112,2025-10-11,144018.0,74.8,3238,Low
BLW-MFG-0265,Material Handling Crane,Manufacturing,Critical,75,7300,2022-02-06,2026-02-15,1621,18.7,23239.5,73.6,3.35,0.957,1,340,2025-03-12,29343.0,70.9,3117,High
BLW-MFG-0265,Material Handling Crane,Manufacturing,Critical,75,7300,2022-02-06,2026-03-02,1636,18.7,23520.0,80.9,4.29,0.93,2,22,2026-02-08,65274.0,72.2,3175,Low
BLW-MFG-0265,Material Handling Crane,Manufacturing,Critical,75,7300,2022-02-06,2026-03-17,1651,18.7,23800.5,110.1,3.15,0.714,1,167,2025-10-01,51789.0,61.1,2664,Medium
BLW-MFG-0265,Material Handling Crane,Manufacturing,Critical,75,7300,2022-02-06,2026-04-01,1666,18.7,24081.0,50.5,3.25,0.888,3,319,2025-05-17,35032.0,76.1,3866,High
BLW-MFG-0265,Material Handling Crane,Manufacturing,Critical,75,7300,2022-02-06,2026-04-16,1681,18.7,24361.5,81.0,1.2,0.947,8,202,2025-09-26,141144.0,64.5,3328,High
BLW-MFG-0265,Material Handling Crane,Manufacturing,Critical,75,7300,2022-02-06,2026-05-01,1696,18.7,24642.0,50.6,2.5,0.743,1,118,2026-01-03,35998.0,82.2,3786,Low
BLW-MFG-0265,Material Handling Crane,Manufacturing,Critical,75,7300,2022-02-06,2026-05-16,1711,18.7,24922.5,62.6,5.61,0.848,5,165,2025-12-02,30175.0,68.3,2902,Medium
BLW-LOC-0266,Brake System,Locomotive,Critical,12,2920,2023-09-01,2026-01-01,1004,10.4,8528.0,70.0,3.62,0.741,7,112,2025-09-11,14572.0,64.3,1235,Medium
BLW-LOC-0266,Brake System,Locomotive,Critical,12,2920,2023-09-01,2026-01-16,1019,10.4,8684.0,75.3,5.78,0.9,4,332,2025-02-18,95467.0,56.3,1110,High
BLW-LOC-0266,Brake System,Locomotive,Critical,12,2920,2023-09-01,2026-01-31,1034,10.4,8840.0,88.8,3.5,0.822,0,34,2025-12-28,133392.0,72.8,1206,Low
BLW-LOC-0266,Brake System,Locomotive,Critical,12,2920,2023-09-01,2026-02-15,1049,10.4,8996.0,97.3,3.36,0.957,6,154,2025-09-14,116294.0,55.1,1035,Medium
BLW-LOC-0266,Brake System,Locomotive,Critical,12,2920,2023-09-01,2026-03-02,1064,10.4,9152.0,74.1,3.48,1.031,7,52,2026-01-09,108317.0,65.5,1230,Medium
BLW-LOC-0266,Brake System,Locomotive,Critical,12,2920,2023-09-01,2026-03-17,1079,10.4,9308.0,60.3,3.38,0.846,2,128,2025-11-09,144060.0,76.8,1386,Medium
BLW-LOC-0266,Brake System,Locomotive,Critical,12,2920,2023-09-01,2026-04-01,1094,10.4,9464.0,76.4,3.9,0.895,5,323,2025-05-13,105966.0,57.8,1164,High
BLW-LOC-0266,Brake System,Locomotive,Critical,12,2920,2023-09-01,2026-04-16,1109,10.4,9620.0,84.8,5.27,0.916,2,170,2025-10-28,30423.0,60.4,1066,Medium
BLW-LOC-0266,Brake System,Locomotive,Critical,12,2920,2023-09-01,2026-05-01,1124,10.4,9776.0,110.0,5.0,0.956,5,341,2025-05-25,74909.0,43.1,880,High
BLW-LOC-0266,Brake System,Locomotive,Critical,12,2920,2023-09-01,2026-05-16,1139,10.4,9932.0,101.3,4.63,1.023,5,9,2026-05-07,93237.0,54.2,852,Medium
BLW-LOC-0267,Axle Bearing Assembly,Locomotive,Critical,0,4015,2022-02-22,2026-01-01,1560,13.2,18997.0,80.4,3.58,0.785,8,300,2025-03-07,107171.0,51.9,1346,High
BLW-LOC-0267,Axle Bearing Assembly,Locomotive,Critical,0,4015,2022-02-22,2026-01-16,1575,13.2,19195.0,70.8,2.97,0.659,0,119,2025-09-19,8076.0,78.0,1615,Low
BLW-LOC-0267,Axle Bearing Assembly,Locomotive,Critical,0,4015,2022-02-22,2026-01-31,1590,13.2,19393.0,70.8,4.69,0.938,1,158,2025-08-26,39277.0,66.1,1621,Medium
BLW-LOC-0267,Axle Bearing Assembly,Locomotive,Critical,0,4015,2022-02-22,2026-02-15,1605,13.2,19591.0,84.7,6.45,0.913,6,124,2025-10-14,94866.0,48.6,1142,High
BLW-LOC-0267,Axle Bearing Assembly,Locomotive,Critical,0,4015,2022-02-22,2026-03-02,1620,13.2,19789.0,70.0,2.71,1.035,0,70,2025-12-22,59306.0,78.3,1815,Low
BLW-LOC-0267,Axle Bearing Assembly,Locomotive,Critical,0,4015,2022-02-22,2026-03-17,1635,13.2,19987.0,104.7,0.92,1.028,4,103,2025-12-04,26992.0,58.5,1403,Medium
BLW-LOC-0267,Axle Bearing Assembly,Locomotive,Critical,0,4015,2022-02-22,2026-04-01,1650,13.2,20185.0,70.4,2.89,0.939,3,328,2025-05-08,10496.0,68.6,1802,High
BLW-LOC-0267,Axle Bearing Assembly,Locomotive,Critical,0,4015,2022-02-22,2026-04-16,1665,13.2,20383.0,102.6,3.62,0.813,7,168,2025-10-30,24469.0,46.0,1193,High
BLW-LOC-0267,Axle Bearing Assembly,Locomotive,Critical,0,4015,2022-02-22,2026-05-01,1680,13.2,20581.0,53.6,3.03,0.823,5,329,2025-06-06,119111.0,64.8,1821,High
BLW-LOC-0267,Axle Bearing Assembly,Locomotive,Critical,0,4015,2022-02-22,2026-05-16,1695,13.2,20779.0,90.6,3.93,0.825,0,266,2025-08-23,119808.0,58.0,1367,High
BLW-LOC-0268,Wheel Assembly,Locomotive,Critical,0,5475,2023-08-20,2026-01-01,1016,17.4,16355.0,63.4,4.06,0.959,3,169,2025-07-16,54696.0,76.3,2698,Medium
BLW-LOC-0268,Wheel Assembly,Locomotive,Critical,0,5475,2023-08-20,2026-01-16,1031,17.4,16616.0,76.8,2.92,0.765,3,276,2025-04-15,12841.0,67.7,2645,High
BLW-LOC-0268,Wheel Assembly,Locomotive,Critical,0,5475,2023-08-20,2026-01-31,1046,17.4,16877.0,77.0,2.1,0.761,3,351,2025-02-14,105960.0,69.0,2623,High
BLW-LOC-0268,Wheel Assembly,Locomotive,Critical,0,5475,2023-08-20,2026-02-15,1061,17.4,17138.0,96.4,3.23,0.595,3,311,2025-04-10,131542.0,60.0,2143,High
BLW-LOC-0268,Wheel Assembly,Locomotive,Critical,0,5475,2023-08-20,2026-03-02,1076,17.4,17399.0,77.8,2.95,0.896,8,164,2025-09-19,31614.0,63.7,2431,Medium
BLW-LOC-0268,Wheel Assembly,Locomotive,Critical,0,5475,2023-08-20,2026-03-17,1091,17.4,17660.0,88.2,3.23,0.817,0,33,2026-02-12,131131.0,78.7,2399,Low
BLW-LOC-0268,Wheel Assembly,Locomotive,Critical,0,5475,2023-08-20,2026-04-01,1106,17.4,17921.0,95.2,5.27,0.943,1,98,2025-12-24,12555.0,65.5,1800,Medium
BLW-LOC-0268,Wheel Assembly,Locomotive,Critical,0,5475,2023-08-20,2026-04-16,1121,17.4,18182.0,86.7,3.63,1.086,2,104,2026-01-02,23206.0,71.9,2211,Low
BLW-LOC-0268,Wheel Assembly,Locomotive,Critical,0,5475,2023-08-20,2026-05-01,1136,17.4,18443.0,90.0,4.1,0.945,2,303,2025-07-02,84583.0,60.7,2210,High
BLW-LOC-0268,Wheel Assembly,Locomotive,Critical,0,5475,2023-08-20,2026-05-16,1151,17.4,18704.0,81.8,4.29,0.808,3,120,2026-01-16,78577.0,67.4,2402,Medium
BLW-LOC-0269,Wheel Assembly,Locomotive,Critical,0,5475,2024-01-24,2026-01-01,859,12.5,8045.0,62.2,2.33,0.844,3,125,2025-08-29,66482.0,83.1,2809,Medium
BLW-LOC-0269,Wheel Assembly,Locomotive,Critical,0,5475,2024-01-24,2026-01-16,874,12.5,8232.5,80.4,1.74,0.734,3,155,2025-08-14,46376.0,80.2,2742,Medium
BLW-LOC-0269,Wheel Assembly,Locomotive,Critical,0,5475,2024-01-24,2026-01-31,889,12.5,8420.0,68.4,4.1,0.928,7,325,2025-03-12,34203.0,65.2,2550,High
BLW-LOC-0269,Wheel Assembly,Locomotive,Critical,0,5475,2024-01-24,2026-02-15,904,12.5,8607.5,95.0,1.2,0.738,7,40,2026-01-06,142897.0,67.6,2427,Medium
BLW-LOC-0269,Wheel Assembly,Locomotive,Critical,0,5475,2024-01-24,2026-03-02,919,12.5,8795.0,67.5,4.01,0.795,5,203,2025-08-11,59769.0,70.9,2753,High
BLW-LOC-0269,Wheel Assembly,Locomotive,Critical,0,5475,2024-01-24,2026-03-17,934,12.5,8982.5,95.6,2.55,0.748,7,225,2025-08-04,66291.0,59.7,2307,High
BLW-LOC-0269,Wheel Assembly,Locomotive,Critical,0,5475,2024-01-24,2026-04-01,949,12.5,9170.0,72.9,5.05,0.922,6,79,2026-01-12,123843.0,68.3,2237,Medium
BLW-LOC-0269,Wheel Assembly,Locomotive,Critical,0,5475,2024-01-24,2026-04-16,964,12.5,9357.5,101.1,0.47,0.985,7,10,2026-04-06,115480.0,67.1,2238,Medium
BLW-LOC-0269,Wheel Assembly,Locomotive,Critical,0,5475,2024-01-24,2026-05-01,979,12.5,9545.0,103.5,3.82,0.897,6,42,2026-03-20,115034.0,60.7,2362,Medium
BLW-LOC-0269,Wheel Assembly,Locomotive,Critical,0,5475,2024-01-24,2026-05-16,994,12.5,9732.5,105.4,4.79,0.785,4,304,2025-07-16,82894.0,53.1,1835,High
BLW-MFG-0270,Compressor Unit,Manufacturing,Medium,37,3650,2021-06-10,2026-01-01,1817,11.3,16256.0,74.9,2.93,0.708,4,192,2025-06-23,86511.0,63.3,1429,High
BLW-MFG-0270,Compressor Unit,Manufacturing,Medium,37,3650,2021-06-10,2026-01-16,1832,11.3,16425.5,67.6,2.08,0.828,7,36,2025-12-11,53319.0,68.7,1602,Medium
BLW-MFG-0270,Compressor Unit,Manufacturing,Medium,37,3650,2021-06-10,2026-01-31,1847,11.3,16595.0,61.9,3.08,0.9,7,100,2025-10-23,27435.0,63.4,1609,Medium
BLW-MFG-0270,Compressor Unit,Manufacturing,Medium,37,3650,2021-06-10,2026-02-15,1862,11.3,16764.5,83.2,3.47,0.841,3,2,2026-02-13,6861.0,66.3,1407,Medium
BLW-MFG-0270,Compressor Unit,Manufacturing,Medium,37,3650,2021-06-10,2026-03-02,1877,11.3,16934.0,77.2,1.18,0.685,8,191,2025-08-23,76261.0,59.4,1394,High
BLW-MFG-0270,Compressor Unit,Manufacturing,Medium,37,3650,2021-06-10,2026-03-17,1892,11.3,17103.5,73.8,2.73,0.745,6,202,2025-08-27,145721.0,60.9,1518,High
BLW-MFG-0270,Compressor Unit,Manufacturing,Medium,37,3650,2021-06-10,2026-04-01,1907,11.3,17273.0,95.1,2.54,0.994,5,196,2025-09-17,75985.0,54.9,1266,High
BLW-MFG-0270,Compressor Unit,Manufacturing,Medium,37,3650,2021-06-10,2026-04-16,1922,11.3,17442.5,80.2,3.66,0.859,1,209,2025-09-19,133325.0,64.2,1366,High
BLW-MFG-0270,Compressor Unit,Manufacturing,Medium,37,3650,2021-06-10,2026-05-01,1937,11.3,17612.0,61.5,3.88,0.838,1,197,2025-10-16,140159.0,70.8,1602,High
BLW-MFG-0270,Compressor Unit,Manufacturing,Medium,37,3650,2021-06-10,2026-05-16,1952,11.3,17781.5,75.4,1.96,0.994,2,99,2026-02-06,115628.0,72.1,1558,Low
BLW-LOC-0271,Traction Motor,Locomotive,Critical,350,4380,2024-04-28,2026-01-01,764,18.8,13166.0,84.5,3.78,0.942,8,363,2025-01-03,75850.0,54.0,1850,High
BLW-LOC-0271,Traction Motor,Locomotive,Critical,350,4380,2024-04-28,2026-01-16,779,18.8,13448.0,99.1,4.61,0.836,5,356,2025-01-25,13367.0,48.7,1672,High
BLW-LOC-0271,Traction Motor,Locomotive,Critical,350,4380,2024-04-28,2026-01-31,794,18.8,13730.0,76.0,3.03,0.652,6,217,2025-06-28,111671.0,66.9,2007,High
BLW-LOC-0271,Traction Motor,Locomotive,Critical,350,4380,2024-04-28,2026-02-15,809,18.8,14012.0,57.7,4.19,0.805,3,244,2025-06-16,10004.0,78.0,2059,High
BLW-LOC-0271,Traction Motor,Locomotive,Critical,350,4380,2024-04-28,2026-03-02,824,18.8,14294.0,74.7,2.65,1.023,5,323,2025-04-13,107451.0,66.4,1983,High
BLW-LOC-0271,Traction Motor,Locomotive,Critical,350,4380,2024-04-28,2026-03-17,839,18.8,14576.0,92.6,2.09,0.95,0,357,2025-03-25,101523.0,72.2,1984,High
BLW-LOC-0271,Traction Motor,Locomotive,Critical,350,4380,2024-04-28,2026-04-01,854,18.8,14858.0,92.4,4.84,1.085,2,133,2025-11-19,92788.0,65.8,1676,Medium
BLW-LOC-0271,Traction Motor,Locomotive,Critical,350,4380,2024-04-28,2026-04-16,869,18.8,15140.0,97.2,2.79,0.978,2,130,2025-12-07,40875.0,66.8,1747,Medium
BLW-LOC-0271,Traction Motor,Locomotive,Critical,350,4380,2024-04-28,2026-05-01,884,18.8,15422.0,38.2,4.38,0.813,2,6,2026-04-25,21926.0,83.5,2153,Low
BLW-LOC-0271,Traction Motor,Locomotive,Critical,350,4380,2024-04-28,2026-05-16,899,18.8,15704.0,102.1,2.65,1.02,1,329,2025-06-21,108183.0,66.2,1806,High
BLW-LOC-0272,Brake System,Locomotive,Critical,12,2920,2022-03-25,2026-01-01,1529,15.9,24123.0,89.9,3.7,0.787,1,265,2025-04-11,136943.0,54.1,804,High
BLW-LOC-0272,Brake System,Locomotive,Critical,12,2920,2022-03-25,2026-01-16,1544,15.9,24361.5,72.5,1.42,0.771,6,84,2025-10-24,125314.0,62.0,1127,Medium
BLW-LOC-0272,Brake System,Locomotive,Critical,12,2920,2022-03-25,2026-01-31,1559,15.9,24600.0,80.4,3.8,0.634,4,354,2025-02-11,48822.0,48.0,894,High
BLW-LOC-0272,Brake System,Locomotive,Critical,12,2920,2022-03-25,2026-02-15,1574,15.9,24838.5,70.5,4.37,0.762,8,337,2025-03-15,133564.0,43.2,848,High
BLW-LOC-0272,Brake System,Locomotive,Critical,12,2920,2022-03-25,2026-03-02,1589,15.9,25077.0,76.8,2.39,0.88,4,210,2025-08-04,114107.0,56.9,1055,High
BLW-LOC-0272,Brake System,Locomotive,Critical,12,2920,2022-03-25,2026-03-17,1604,15.9,25315.5,79.8,5.76,0.935,1,55,2026-01-21,97246.0,53.9,771,Medium
BLW-LOC-0272,Brake System,Locomotive,Critical,12,2920,2022-03-25,2026-04-01,1619,15.9,25554.0,83.6,2.68,0.524,5,73,2026-01-18,44008.0,58.7,999,Medium
BLW-LOC-0272,Brake System,Locomotive,Critical,12,2920,2022-03-25,2026-04-16,1634,15.9,25792.5,91.4,3.12,0.936,3,203,2025-09-25,106356.0,51.2,890,High
BLW-LOC-0272,Brake System,Locomotive,Critical,12,2920,2022-03-25,2026-05-01,1649,15.9,26031.0,70.6,5.72,0.702,0,86,2026-02-04,123376.0,63.3,915,Medium
BLW-LOC-0272,Brake System,Locomotive,Critical,12,2920,2022-03-25,2026-05-16,1664,15.9,26269.5,77.9,4.15,0.983,0,49,2026-03-28,15127.0,66.3,967,Medium
BLW-LOC-0273,Wheel Assembly,Locomotive,Critical,0,5475,2022-12-11,2026-01-01,1268,11.8,11768.0,64.6,3.57,1.068,6,87,2025-10-06,30578.0,74.9,2717,Low
BLW-LOC-0273,Wheel Assembly,Locomotive,Critical,0,5475,2022-12-11,2026-01-16,1283,11.8,11945.0,90.7,4.39,0.994,2,360,2025-01-21,24478.0,58.9,1978,High
BLW-LOC-0273,Wheel Assembly,Locomotive,Critical,0,5475,2022-12-11,2026-01-31,1298,11.8,12122.0,80.6,2.62,0.733,7,93,2025-10-30,77879.0,66.3,2743,Medium
BLW-LOC-0273,Wheel Assembly,Locomotive,Critical,0,5475,2022-12-11,2026-02-15,1313,11.8,12299.0,82.4,4.08,0.718,1,230,2025-06-30,87228.0,66.5,2215,High
BLW-LOC-0273,Wheel Assembly,Locomotive,Critical,0,5475,2022-12-11,2026-03-02,1328,11.8,12476.0,102.8,4.1,0.942,3,95,2025-11-27,34136.0,62.3,1888,Medium
BLW-LOC-0273,Wheel Assembly,Locomotive,Critical,0,5475,2022-12-11,2026-03-17,1343,11.8,12653.0,102.8,2.99,1.044,2,98,2025-12-09,42606.0,66.9,1908,Medium
BLW-LOC-0273,Wheel Assembly,Locomotive,Critical,0,5475,2022-12-11,2026-04-01,1358,11.8,12830.0,71.6,1.66,1.02,6,225,2025-08-19,95891.0,71.0,2379,High
BLW-LOC-0273,Wheel Assembly,Locomotive,Critical,0,5475,2022-12-11,2026-04-16,1373,11.8,13007.0,89.2,3.21,0.707,1,325,2025-05-26,29088.0,69.1,2317,High
BLW-LOC-0273,Wheel Assembly,Locomotive,Critical,0,5475,2022-12-11,2026-05-01,1388,11.8,13184.0,80.0,3.42,0.708,4,43,2026-03-19,59771.0,70.1,2544,Low
BLW-LOC-0273,Wheel Assembly,Locomotive,Critical,0,5475,2022-12-11,2026-05-16,1403,11.8,13361.0,78.1,3.98,0.65,4,32,2026-04-14,54612.0,69.4,2424,Medium
BLW-MFG-0274,Material Handling Crane,Manufacturing,Critical,75,7300,2022-09-05,2026-01-01,1365,12.8,16217.0,69.5,4.38,0.954,0,31,2025-12-01,43582.0,81.3,3463,Low
BLW-MFG-0274,Material Handling Crane,Manufacturing,Critical,75,7300,2022-09-05,2026-01-16,1380,12.8,16409.0,62.0,4.7,0.94,0,340,2025-02-10,89455.0,75.4,3530,High
BLW-MFG-0274,Material Handling Crane,Manufacturing,Critical,75,7300,2022-09-05,2026-01-31,1395,12.8,16601.0,83.9,3.42,0.986,0,49,2025-12-13,35605.0,75.0,3300,Low
BLW-MFG-0274,Material Handling Crane,Manufacturing,Critical,75,7300,2022-09-05,2026-02-15,1410,12.8,16793.0,61.2,4.53,0.99,0,192,2025-08-07,92433.0,80.1,3812,High
BLW-MFG-0274,Material Handling Crane,Manufacturing,Critical,75,7300,2022-09-05,2026-03-02,1425,12.8,16985.0,89.6,3.07,1.087,4,248,2025-06-27,73619.0,64.3,3055,High
BLW-MFG-0274,Material Handling Crane,Manufacturing,Critical,75,7300,2022-09-05,2026-03-17,1440,12.8,17177.0,79.4,2.73,0.854,5,309,2025-05-12,67271.0,68.1,3353,High
BLW-MFG-0274,Material Handling Crane,Manufacturing,Critical,75,7300,2022-09-05,2026-04-01,1455,12.8,17369.0,49.5,3.43,0.78,5,349,2025-04-17,134072.0,71.8,3787,High
BLW-MFG-0274,Material Handling Crane,Manufacturing,Critical,75,7300,2022-09-05,2026-04-16,1470,12.8,17561.0,88.3,3.97,0.964,5,122,2025-12-15,141444.0,62.9,3070,Medium
BLW-MFG-0274,Material Handling Crane,Manufacturing,Critical,75,7300,2022-09-05,2026-05-01,1485,12.8,17753.0,95.0,2.58,1.04,6,193,2025-10-20,93567.0,60.8,2887,High
BLW-MFG-0274,Material Handling Crane,Manufacturing,Critical,75,7300,2022-09-05,2026-05-16,1500,12.8,17945.0,75.8,3.89,0.956,5,169,2025-11-28,121909.0,66.4,3309,Medium
BLW-MFG-0275,CNC Wheel Lathe,Manufacturing,High,45,3650,2022-07-24,2026-01-01,1408,18.2,21027.0,56.8,1.46,0.727,2,13,2025-12-19,92277.0,80.0,1785,Low
BLW-MFG-0275,CNC Wheel Lathe,Manufacturing,High,45,3650,2022-07-24,2026-01-16,1423,18.2,21300.0,79.6,1.52,0.86,8,143,2025-08-26,142904.0,57.1,1529,Medium
BLW-MFG-0275,CNC Wheel Lathe,Manufacturing,High,45,3650,2022-07-24,2026-01-31,1438,18.2,21573.0,59.1,1.95,0.91,3,188,2025-07-27,70528.0,73.6,1704,High
BLW-MFG-0275,CNC Wheel Lathe,Manufacturing,High,45,3650,2022-07-24,2026-02-15,1453,18.2,21846.0,40.8,3.8,0.917,7,263,2025-05-28,64903.0,59.8,1436,High
BLW-MFG-0275,CNC Wheel Lathe,Manufacturing,High,45,3650,2022-07-24,2026-03-02,1468,18.2,22119.0,82.7,2.4,0.795,3,1,2026-03-01,147996.0,72.8,1409,Low
BLW-MFG-0275,CNC Wheel Lathe,Manufacturing,High,45,3650,2022-07-24,2026-03-17,1483,18.2,22392.0,77.9,3.56,0.884,5,8,2026-03-09,96898.0,64.4,1429,Medium
BLW-MFG-0275,CNC Wheel Lathe,Manufacturing,High,45,3650,2022-07-24,2026-04-01,1498,18.2,22665.0,73.1,3.05,1.001,0,166,2025-10-17,103300.0,70.1,1614,Medium
BLW-MFG-0275,CNC Wheel Lathe,Manufacturing,High,45,3650,2022-07-24,2026-04-16,1513,18.2,22938.0,80.5,3.78,0.967,3,310,2025-06-10,75258.0,57.4,1246,High
BLW-MFG-0275,CNC Wheel Lathe,Manufacturing,High,45,3650,2022-07-24,2026-05-01,1528,18.2,23211.0,70.5,2.31,0.787,1,178,2025-11-04,67048.0,71.3,1574,Medium
BLW-MFG-0275,CNC Wheel Lathe,Manufacturing,High,45,3650,2022-07-24,2026-05-16,1543,18.2,23484.0,65.0,1.11,0.935,7,337,2025-06-13,129280.0,64.5,1694,High
BLW-MFG-0276,Welding Robot,Manufacturing,Medium,18,2920,2024-02-12,2026-01-01,840,11.4,8447.0,62.6,2.75,0.778,2,266,2025-04-10,132054.0,76.5,1457,High
BLW-MFG-0276,Welding Robot,Manufacturing,Medium,18,2920,2024-02-12,2026-01-16,855,11.4,8618.0,55.7,4.36,0.676,8,16,2025-12-31,23540.0,69.8,1337,Medium
BLW-MFG-0276,Welding Robot,Manufacturing,Medium,18,2920,2024-02-12,2026-01-31,870,11.4,8789.0,89.4,3.21,0.794,1,154,2025-08-30,125691.0,68.8,1223,Medium
BLW-MFG-0276,Welding Robot,Manufacturing,Medium,18,2920,2024-02-12,2026-02-15,885,11.4,8960.0,53.7,2.26,0.657,8,239,2025-06-21,29368.0,67.4,1478,High
BLW-MFG-0276,Welding Robot,Manufacturing,Medium,18,2920,2024-02-12,2026-03-02,900,11.4,9131.0,71.8,1.22,0.826,7,59,2026-01-02,74914.0,72.5,1387,Low
BLW-MFG-0276,Welding Robot,Manufacturing,Medium,18,2920,2024-02-12,2026-03-17,915,11.4,9302.0,61.4,2.68,0.791,8,123,2025-11-14,40287.0,69.3,1447,Medium
BLW-MFG-0276,Welding Robot,Manufacturing,Medium,18,2920,2024-02-12,2026-04-01,930,11.4,9473.0,97.5,2.43,0.818,2,337,2025-04-29,106487.0,61.3,1155,High
BLW-MFG-0276,Welding Robot,Manufacturing,Medium,18,2920,2024-02-12,2026-04-16,945,11.4,9644.0,83.8,1.02,0.802,1,222,2025-09-06,149037.0,74.4,1320,High
BLW-MFG-0276,Welding Robot,Manufacturing,Medium,18,2920,2024-02-12,2026-05-01,960,11.4,9815.0,61.5,3.6,0.951,0,82,2026-02-08,139706.0,83.3,1372,Low
BLW-MFG-0276,Welding Robot,Manufacturing,Medium,18,2920,2024-02-12,2026-05-16,975,11.4,9986.0,77.7,2.89,0.94,5,196,2025-11-01,116115.0,68.7,1138,High
BLW-MFG-0277,Material Handling Crane,Manufacturing,Critical,75,7300,2024-01-12,2026-01-01,871,9.6,7048.0,66.3,1.24,1.064,1,340,2025-01-26,24685.0,81.9,4151,High
BLW-MFG-0277,Material Handling Crane,Manufacturing,Critical,75,7300,2024-01-12,2026-01-16,886,9.6,7192.0,65.4,2.13,0.733,8,324,2025-02-26,110185.0,72.8,4063,High
BLW-MFG-0277,Material Handling Crane,Manufacturing,Critical,75,7300,2024-01-12,2026-01-31,901,9.6,7336.0,89.9,2.95,0.859,1,354,2025-02-11,53256.0,69.6,3281,High
BLW-MFG-0277,Material Handling Crane,Manufacturing,Critical,75,7300,2024-01-12,2026-02-15,916,9.6,7480.0,54.9,3.03,0.756,3,294,2025-04-27,116119.0,80.4,3969,High
BLW-MFG-0277,Material Handling Crane,Manufacturing,Critical,75,7300,2024-01-12,2026-03-02,931,9.6,7624.0,71.7,4.51,0.836,1,329,2025-04-07,54768.0,74.4,3827,High
BLW-MFG-0277,Material Handling Crane,Manufacturing,Critical,75,7300,2024-01-12,2026-03-17,946,9.6,7768.0,84.7,4.09,0.814,6,334,2025-04-17,98105.0,60.5,2959,High
BLW-MFG-0277,Material Handling Crane,Manufacturing,Critical,75,7300,2024-01-12,2026-04-01,961,9.6,7912.0,75.8,3.35,0.852,8,223,2025-08-21,122225.0,67.0,3241,High
BLW-MFG-0277,Material Handling Crane,Manufacturing,Critical,75,7300,2024-01-12,2026-04-16,976,9.6,8056.0,90.2,3.96,0.848,3,132,2025-12-05,21775.0,69.2,3196,Medium
BLW-MFG-0277,Material Handling Crane,Manufacturing,Critical,75,7300,2024-01-12,2026-05-01,991,9.6,8200.0,89.7,3.29,0.874,1,57,2026-03-05,17925.0,77.3,3569,Low
BLW-MFG-0277,Material Handling Crane,Manufacturing,Critical,75,7300,2024-01-12,2026-05-16,1006,9.6,8344.0,67.8,3.22,1.011,3,59,2026-03-18,88062.0,82.8,3946,Low
BLW-MFG-0278,Hydraulic Press,Manufacturing,High,55,5475,2024-10-13,2026-01-01,596,10.4,5046.0,54.1,2.62,0.968,0,159,2025-07-26,13973.0,89.4,3040,Medium
BLW-MFG-0278,Hydraulic Press,Manufacturing,High,55,5475,2024-10-13,2026-01-16,611,10.4,5202.0,68.9,1.96,0.784,8,97,2025-10-11,127832.0,76.2,2901,Low
BLW-MFG-0278,Hydraulic Press,Manufacturing,High,55,5475,2024-10-13,2026-01-31,626,10.4,5358.0,82.0,4.29,0.744,6,163,2025-08-21,116836.0,65.8,2523,Medium
BLW-MFG-0278,Hydraulic Press,Manufacturing,High,55,5475,2024-10-13,2026-02-15,641,10.4,5514.0,85.6,3.6,0.864,2,266,2025-05-25,101243.0,71.6,2601,High
BLW-MFG-0278,Hydraulic Press,Manufacturing,High,55,5475,2024-10-13,2026-03-02,656,10.4,5670.0,57.1,3.17,0.986,3,54,2026-01-07,62320.0,85.9,2979,Low
BLW-MFG-0278,Hydraulic Press,Manufacturing,High,55,5475,2024-10-13,2026-03-17,671,10.4,5826.0,66.1,0.97,0.847,8,235,2025-07-25,50809.0,73.8,2863,High
BLW-MFG-0278,Hydraulic Press,Manufacturing,High,55,5475,2024-10-13,2026-04-01,686,10.4,5982.0,55.9,2.31,0.926,4,112,2025-12-10,77476.0,88.4,3260,Low
BLW-MFG-0278,Hydraulic Press,Manufacturing,High,55,5475,2024-10-13,2026-04-16,701,10.4,6138.0,54.5,3.92,0.789,7,75,2026-01-31,92212.0,75.4,2755,Low
BLW-MFG-0278,Hydraulic Press,Manufacturing,High,55,5475,2024-10-13,2026-05-01,716,10.4,6294.0,79.9,4.06,0.85,2,340,2025-05-26,128123.0,69.4,2611,High
BLW-MFG-0278,Hydraulic Press,Manufacturing,High,55,5475,2024-10-13,2026-05-16,731,10.4,6450.0,79.0,4.31,0.737,0,306,2025-07-14,51420.0,73.7,2425,High
BLW-MFG-0279,Welding Robot,Manufacturing,Medium,18,2920,2021-07-14,2026-01-01,1783,20.0,32520.0,64.4,2.6,0.815,7,323,2025-02-12,125160.0,47.5,977,High
BLW-MFG-0279,Welding Robot,Manufacturing,Medium,18,2920,2021-07-14,2026-01-16,1798,20.0,32820.0,40.7,2.73,0.782,7,149,2025-08-20,107100.0,53.9,1155,Medium
BLW-MFG-0279,Welding Robot,Manufacturing,Medium,18,2920,2021-07-14,2026-01-31,1813,20.0,33120.0,56.3,4.18,0.992,6,30,2026-01-01,147266.0,52.8,1006,Medium
BLW-MFG-0279,Welding Robot,Manufacturing,Medium,18,2920,2021-07-14,2026-02-15,1828,20.0,33420.0,62.6,0.33,0.691,5,78,2025-11-29,125043.0,62.8,1233,Medium
BLW-MFG-0279,Welding Robot,Manufacturing,Medium,18,2920,2021-07-14,2026-03-02,1843,20.0,33720.0,79.0,3.29,0.838,3,115,2025-11-07,106559.0,56.3,1020,Medium
BLW-MFG-0279,Welding Robot,Manufacturing,Medium,18,2920,2021-07-14,2026-03-17,1858,20.0,34020.0,62.0,1.25,0.635,0,91,2025-12-16,129233.0,72.5,1154,Low
BLW-MFG-0279,Welding Robot,Manufacturing,Medium,18,2920,2021-07-14,2026-04-01,1873,20.0,34320.0,72.0,1.49,0.775,6,153,2025-10-30,147736.0,53.6,1048,Medium
BLW-MFG-0279,Welding Robot,Manufacturing,Medium,18,2920,2021-07-14,2026-04-16,1888,20.0,34620.0,65.8,2.22,0.777,2,11,2026-04-05,84452.0,68.8,1113,Medium
BLW-MFG-0279,Welding Robot,Manufacturing,Medium,18,2920,2021-07-14,2026-05-01,1903,20.0,34920.0,78.7,2.39,0.565,5,216,2025-09-27,103295.0,49.4,924,High
BLW-MFG-0279,Welding Robot,Manufacturing,Medium,18,2920,2021-07-14,2026-05-16,1918,20.0,35220.0,76.4,6.21,0.935,5,200,2025-10-28,61704.0,44.2,773,High
BLW-LOC-0280,Air Compressor,Locomotive,High,22,3650,2021-08-01,2026-01-01,1765,15.7,21019.0,68.6,3.92,1.064,8,201,2025-06-14,19111.0,56.7,1345,High
BLW-LOC-0280,Air Compressor,Locomotive,High,22,3650,2021-08-01,2026-01-16,1780,15.7,21254.5,82.6,1.83,0.954,5,297,2025-03-25,130549.0,59.2,1417,High
BLW-LOC-0280,Air Compressor,Locomotive,High,22,3650,2021-08-01,2026-01-31,1795,15.7,21490.0,69.6,4.03,0.91,0,363,2025-02-02,49091.0,63.3,1446,High
BLW-LOC-0280,Air Compressor,Locomotive,High,22,3650,2021-08-01,2026-02-15,1810,15.7,21725.5,77.8,4.85,0.953,2,295,2025-04-26,24946.0,54.2,1201,High
BLW-LOC-0280,Air Compressor,Locomotive,High,22,3650,2021-08-01,2026-03-02,1825,15.7,21961.0,77.4,4.58,0.888,7,149,2025-10-04,135097.0,50.7,1265,Medium
BLW-LOC-0280,Air Compressor,Locomotive,High,22,3650,2021-08-01,2026-03-17,1840,15.7,22196.5,77.0,4.81,0.915,3,111,2025-11-26,121632.0,58.9,1283,Medium
BLW-LOC-0280,Air Compressor,Locomotive,High,22,3650,2021-08-01,2026-04-01,1855,15.7,22432.0,102.5,3.12,0.928,3,333,2025-05-03,6324.0,48.0,1157,High
BLW-LOC-0280,Air Compressor,Locomotive,High,22,3650,2021-08-01,2026-04-16,1870,15.7,22667.5,73.8,3.98,1.018,1,347,2025-05-04,118897.0,58.8,1292,High
BLW-LOC-0280,Air Compressor,Locomotive,High,22,3650,2021-08-01,2026-05-01,1885,15.7,22903.0,65.0,2.5,0.961,2,192,2025-10-21,142808.0,68.6,1562,High
BLW-LOC-0280,Air Compressor,Locomotive,High,22,3650,2021-08-01,2026-05-16,1900,15.7,23138.5,94.5,4.45,0.849,6,347,2025-06-03,127041.0,41.8,1093,High
BLW-MFG-0281,CNC Milling Machine,Manufacturing,High,30,3650,2020-07-15,2026-01-01,2147,11.0,19889.0,62.3,2.61,1.044,0,60,2025-11-02,147140.0,78.2,1760,Low
BLW-MFG-0281,CNC Milling Machine,Manufacturing,High,30,3650,2020-07-15,2026-01-16,2162,11.0,20054.0,59.8,2.77,0.692,5,303,2025-03-19,67904.0,60.5,1682,High
BLW-MFG-0281,CNC Milling Machine,Manufacturing,High,30,3650,2020-07-15,2026-01-31,2177,11.0,20219.0,60.3,4.63,0.706,2,321,2025-03-16,109770.0,59.3,1387,High
BLW-MFG-0281,CNC Milling Machine,Manufacturing,High,30,3650,2020-07-15,2026-02-15,2192,11.0,20384.0,66.6,3.78,0.88,3,17,2026-01-29,22226.0,66.9,1394,Medium
BLW-MFG-0281,CNC Milling Machine,Manufacturing,High,30,3650,2020-07-15,2026-03-02,2207,11.0,20549.0,64.4,2.18,0.751,6,250,2025-06-25,48890.0,62.9,1388,High
BLW-MFG-0281,CNC Milling Machine,Manufacturing,High,30,3650,2020-07-15,2026-03-17,2222,11.0,20714.0,88.4,2.74,0.768,2,334,2025-04-17,113054.0,56.1,1358,High
BLW-MFG-0281,CNC Milling Machine,Manufacturing,High,30,3650,2020-07-15,2026-04-01,2237,11.0,20879.0,83.2,3.55,0.959,1,237,2025-08-07,130410.0,56.5,1230,High
BLW-MFG-0281,CNC Milling Machine,Manufacturing,High,30,3650,2020-07-15,2026-04-16,2252,11.0,21044.0,59.7,4.25,0.817,6,140,2025-11-27,96688.0,61.3,1448,Medium
BLW-MFG-0281,CNC Milling Machine,Manufacturing,High,30,3650,2020-07-15,2026-05-01,2267,11.0,21209.0,61.1,2.67,0.989,7,188,2025-10-25,6682.0,60.0,1524,High
BLW-MFG-0281,CNC Milling Machine,Manufacturing,High,30,3650,2020-07-15,2026-05-16,2282,11.0,21374.0,62.8,2.97,0.86,1,42,2026-04-04,22697.0,73.3,1451,Low
BLW-MFG-0282,Material Handling Crane,Manufacturing,Critical,75,7300,2020-02-17,2026-01-01,2296,14.2,32479.0,68.4,2.04,0.739,7,140,2025-08-14,105590.0,66.8,3336,Medium
BLW-MFG-0282,Material Handling Crane,Manufacturing,Critical,75,7300,2020-02-17,2026-01-16,2311,14.2,32692.0,77.1,4.21,0.752,1,303,2025-03-19,31259.0,67.7,2761,High
BLW-MFG-0282,Material Handling Crane,Manufacturing,Critical,75,7300,2020-02-17,2026-01-31,2326,14.2,32905.0,79.6,2.25,0.743,7,330,2025-03-07,106897.0,56.7,3061,High
BLW-MFG-0282,Material Handling Crane,Manufacturing,Critical,75,7300,2020-02-17,2026-02-15,2341,14.2,33118.0,74.4,3.55,0.741,4,292,2025-04-29,23159.0,60.9,2884,High
BLW-MFG-0282,Material Handling Crane,Manufacturing,Critical,75,7300,2020-02-17,2026-03-02,2356,14.2,33331.0,66.9,2.81,0.745,5,32,2026-01-29,108496.0,73.5,3663,Low
BLW-MFG-0282,Material Handling Crane,Manufacturing,Critical,75,7300,2020-02-17,2026-03-17,2371,14.2,33544.0,62.9,2.66,0.901,8,94,2025-12-13,63773.0,67.2,3462,Medium
BLW-MFG-0282,Material Handling Crane,Manufacturing,Critical,75,7300,2020-02-17,2026-04-01,2386,14.2,33757.0,61.2,4.75,0.884,0,201,2025-09-12,85629.0,72.9,3091,High
BLW-MFG-0282,Material Handling Crane,Manufacturing,Critical,75,7300,2020-02-17,2026-04-16,2401,14.2,33970.0,64.4,4.39,0.728,8,271,2025-07-19,75842.0,56.3,2948,High
BLW-MFG-0282,Material Handling Crane,Manufacturing,Critical,75,7300,2020-02-17,2026-05-01,2416,14.2,34183.0,71.2,2.96,0.711,8,299,2025-07-06,83152.0,57.5,3104,High
BLW-MFG-0282,Material Handling Crane,Manufacturing,Critical,75,7300,2020-02-17,2026-05-16,2431,14.2,34396.0,64.7,3.87,0.957,1,106,2026-01-30,145024.0,75.8,3272,Low
BLW-MFG-0283,Welding Robot,Manufacturing,Medium,18,2920,2021-01-05,2026-01-01,1973,18.1,32446.0,39.1,2.42,0.92,0,284,2025-03-23,69849.0,62.8,1075,High
BLW-MFG-0283,Welding Robot,Manufacturing,Medium,18,2920,2021-01-05,2026-01-16,1988,18.1,32717.5,93.1,4.49,0.872,5,62,2025-11-15,10676.0,42.9,613,High
BLW-MFG-0283,Welding Robot,Manufacturing,Medium,18,2920,2021-01-05,2026-01-31,2003,18.1,32989.0,57.1,2.48,0.806,3,334,2025-03-03,28375.0,55.7,954,High
BLW-MFG-0283,Welding Robot,Manufacturing,Medium,18,2920,2021-01-05,2026-02-15,2018,18.1,33260.5,72.0,3.44,0.995,8,131,2025-10-07,128460.0,44.3,866,High
BLW-MFG-0283,Welding Robot,Manufacturing,Medium,18,2920,2021-01-05,2026-03-02,2033,18.1,33532.0,36.0,2.74,0.93,0,43,2026-01-18,147090.0,68.3,1215,Medium
BLW-MFG-0283,Welding Robot,Manufacturing,Medium,18,2920,2021-01-05,2026-03-17,2048,18.1,33803.5,65.9,3.18,0.709,8,152,2025-10-16,57716.0,48.5,875,High
BLW-MFG-0283,Welding Robot,Manufacturing,Medium,18,2920,2021-01-05,2026-04-01,2063,18.1,34075.0,78.1,3.75,0.986,8,87,2026-01-04,66342.0,41.8,844,High
BLW-MFG-0283,Welding Robot,Manufacturing,Medium,18,2920,2021-01-05,2026-04-16,2078,18.1,34346.5,77.4,3.55,0.768,0,127,2025-12-10,48587.0,53.9,923,Medium
BLW-MFG-0283,Welding Robot,Manufacturing,Medium,18,2920,2021-01-05,2026-05-01,2093,18.1,34618.0,69.6,2.69,0.936,8,150,2025-12-02,100578.0,48.1,907,High
BLW-MFG-0283,Welding Robot,Manufacturing,Medium,18,2920,2021-01-05,2026-05-16,2108,18.1,34889.5,49.0,2.23,1.104,7,71,2026-03-06,88675.0,58.4,1093,Medium
BLW-LOC-0284,Alternator,Locomotive,Critical,110,4380,2022-12-06,2026-01-01,1273,18.8,23909.0,75.3,3.2,0.99,8,261,2025-04-15,35427.0,55.3,1822,High
BLW-LOC-0284,Alternator,Locomotive,Critical,110,4380,2022-12-06,2026-01-16,1288,18.8,24191.0,73.6,5.88,0.944,1,339,2025-02-11,123866.0,60.9,1556,High
BLW-LOC-0284,Alternator,Locomotive,Critical,110,4380,2022-12-06,2026-01-31,1303,18.8,24473.0,95.5,3.22,0.873,3,18,2026-01-13,32271.0,66.1,1475,Medium
BLW-LOC-0284,Alternator,Locomotive,Critical,110,4380,2022-12-06,2026-02-15,1318,18.8,24755.0,83.4,4.18,0.927,4,110,2025-10-28,143826.0,60.5,1778,Medium
BLW-LOC-0284,Alternator,Locomotive,Critical,110,4380,2022-12-06,2026-03-02,1333,18.8,25037.0,61.8,5.45,1.016,8,110,2025-11-12,90809.0,61.7,1590,Medium
BLW-LOC-0284,Alternator,Locomotive,Critical,110,4380,2022-12-06,2026-03-17,1348,18.8,25319.0,69.0,5.54,0.65,4,65,2026-01-11,110720.0,61.7,1625,Medium
BLW-LOC-0284,Alternator,Locomotive,Critical,110,4380,2022-12-06,2026-04-01,1363,18.8,25601.0,85.7,5.71,0.858,6,38,2026-02-22,84728.0,53.2,1430,Medium
BLW-LOC-0284,Alternator,Locomotive,Critical,110,4380,2022-12-06,2026-04-16,1378,18.8,25883.0,90.6,4.38,0.864,4,195,2025-10-03,99216.0,52.4,1427,High
BLW-LOC-0284,Alternator,Locomotive,Critical,110,4380,2022-12-06,2026-05-01,1393,18.8,26165.0,105.7,4.12,0.851,2,204,2025-10-09,71130.0,55.1,1268,High
BLW-LOC-0284,Alternator,Locomotive,Critical,110,4380,2022-12-06,2026-05-16,1408,18.8,26447.0,81.8,4.12,0.842,4,346,2025-06-04,66675.0,55.6,1622,High
BLW-MFG-0285,Hydraulic Press,Manufacturing,High,55,5475,2023-01-02,2026-01-01,1246,8.9,9857.0,48.2,2.96,0.687,4,324,2025-02-11,106036.0,74.4,3009,High
BLW-MFG-0285,Hydraulic Press,Manufacturing,High,55,5475,2023-01-02,2026-01-16,1261,8.9,9990.5,62.4,1.8,0.812,3,365,2025-01-16,58961.0,75.6,2991,High
BLW-MFG-0285,Hydraulic Press,Manufacturing,High,55,5475,2023-01-02,2026-01-31,1276,8.9,10124.0,64.8,4.44,0.946,8,309,2025-03-28,28786.0,60.7,2604,High
BLW-MFG-0285,Hydraulic Press,Manufacturing,High,55,5475,2023-01-02,2026-02-15,1291,8.9,10257.5,62.7,2.98,0.799,2,161,2025-09-07,148905.0,82.3,2996,Medium
BLW-MFG-0285,Hydraulic Press,Manufacturing,High,55,5475,2023-01-02,2026-03-02,1306,8.9,10391.0,77.8,3.83,0.932,6,194,2025-08-20,8757.0,65.2,2269,High
BLW-MFG-0285,Hydraulic Press,Manufacturing,High,55,5475,2023-01-02,2026-03-17,1321,8.9,10524.5,89.4,4.67,0.822,3,39,2026-02-06,44168.0,66.4,2227,Medium
BLW-MFG-0285,Hydraulic Press,Manufacturing,High,55,5475,2023-01-02,2026-04-01,1336,8.9,10658.0,76.4,2.92,0.725,8,56,2026-02-04,104177.0,68.4,2580,Medium
BLW-MFG-0285,Hydraulic Press,Manufacturing,High,55,5475,2023-01-02,2026-04-16,1351,8.9,10791.5,79.3,3.46,0.828,6,33,2026-03-14,52757.0,70.9,2434,Low
BLW-MFG-0285,Hydraulic Press,Manufacturing,High,55,5475,2023-01-02,2026-05-01,1366,8.9,10925.0,65.8,3.04,0.685,1,185,2025-10-28,136841.0,80.5,2847,High
BLW-MFG-0285,Hydraulic Press,Manufacturing,High,55,5475,2023-01-02,2026-05-16,1381,8.9,11058.5,76.3,4.62,0.839,4,74,2026-03-03,130984.0,70.3,2455,Low
BLW-MFG-0286,Material Handling Crane,Manufacturing,Critical,75,7300,2021-07-14,2026-01-01,1783,6.1,8844.0,93.1,2.93,0.716,3,193,2025-06-22,143009.0,68.1,3330,High
BLW-MFG-0286,Material Handling Crane,Manufacturing,Critical,75,7300,2021-07-14,2026-01-16,1798,6.1,8935.5,61.9,3.61,0.948,1,89,2025-10-19,81339.0,85.3,3676,Low
BLW-MFG-0286,Material Handling Crane,Manufacturing,Critical,75,7300,2021-07-14,2026-01-31,1813,6.1,9027.0,58.2,2.83,0.876,4,301,2025-04-05,124095.0,76.9,3833,High
BLW-MFG-0286,Material Handling Crane,Manufacturing,Critical,75,7300,2021-07-14,2026-02-15,1828,6.1,9118.5,62.8,3.45,0.921,7,48,2025-12-29,81699.0,74.8,3405,Low
BLW-MFG-0286,Material Handling Crane,Manufacturing,Critical,75,7300,2021-07-14,2026-03-02,1843,6.1,9210.0,66.0,3.85,0.702,4,282,2025-05-24,44303.0,67.5,3733,High
BLW-MFG-0286,Material Handling Crane,Manufacturing,Critical,75,7300,2021-07-14,2026-03-17,1858,6.1,9301.5,75.1,3.6,0.737,1,24,2026-02-21,29758.0,81.4,3411,Low
BLW-MFG-0286,Material Handling Crane,Manufacturing,Critical,75,7300,2021-07-14,2026-04-01,1873,6.1,9393.0,50.8,4.38,0.866,6,92,2025-12-30,55050.0,72.5,3414,Low
BLW-MFG-0286,Material Handling Crane,Manufacturing,Critical,75,7300,2021-07-14,2026-04-16,1888,6.1,9484.5,46.4,3.68,0.881,8,282,2025-07-08,91219.0,66.0,3788,High
BLW-MFG-0286,Material Handling Crane,Manufacturing,Critical,75,7300,2021-07-14,2026-05-01,1903,6.1,9576.0,54.8,2.66,0.775,6,244,2025-08-30,90885.0,73.6,3775,High
BLW-MFG-0286,Material Handling Crane,Manufacturing,Critical,75,7300,2021-07-14,2026-05-16,1918,6.1,9667.5,77.4,2.94,0.777,4,4,2026-05-12,104565.0,79.0,3777,Low
BLW-MFG-0287,Hydraulic Press,Manufacturing,High,55,5475,2023-09-08,2026-01-01,997,7.8,6327.0,66.7,2.12,0.968,4,27,2025-12-05,138174.0,81.8,2836,Low
BLW-MFG-0287,Hydraulic Press,Manufacturing,High,55,5475,2023-09-08,2026-01-16,1012,7.8,6444.0,57.4,1.81,0.797,5,362,2025-01-19,117742.0,74.6,2994,High
BLW-MFG-0287,Hydraulic Press,Manufacturing,High,55,5475,2023-09-08,2026-01-31,1027,7.8,6561.0,66.9,2.34,0.793,6,361,2025-02-04,71379.0,70.0,2944,High
BLW-MFG-0287,Hydraulic Press,Manufacturing,High,55,5475,2023-09-08,2026-02-15,1042,7.8,6678.0,65.6,3.69,0.894,7,181,2025-08-18,120778.0,70.8,2864,High
BLW-MFG-0287,Hydraulic Press,Manufacturing,High,55,5475,2023-09-08,2026-03-02,1057,7.8,6795.0,54.8,2.57,1.016,8,146,2025-10-07,44994.0,74.4,2480,Medium
BLW-MFG-0287,Hydraulic Press,Manufacturing,High,55,5475,2023-09-08,2026-03-17,1072,7.8,6912.0,66.6,3.17,0.583,6,266,2025-06-24,141543.0,72.6,2639,High
BLW-MFG-0287,Hydraulic Press,Manufacturing,High,55,5475,2023-09-08,2026-04-01,1087,7.8,7029.0,73.7,2.9,0.721,3,156,2025-10-27,97167.0,75.4,2568,Medium
BLW-MFG-0287,Hydraulic Press,Manufacturing,High,55,5475,2023-09-08,2026-04-16,1102,7.8,7146.0,83.6,3.02,0.803,1,156,2025-11-11,63945.0,74.9,2701,Medium
BLW-MFG-0287,Hydraulic Press,Manufacturing,High,55,5475,2023-09-08,2026-05-01,1117,7.8,7263.0,89.0,4.27,0.909,5,46,2026-03-16,97028.0,66.7,2127,Medium
BLW-MFG-0287,Hydraulic Press,Manufacturing,High,55,5475,2023-09-08,2026-05-16,1132,7.8,7380.0,69.3,2.63,0.682,1,122,2026-01-14,142006.0,85.7,2723,Medium
BLW-MFG-0288,Compressor Unit,Manufacturing,Medium,37,3650,2023-03-24,2026-01-01,1165,6.8,7312.0,79.4,3.59,0.876,8,252,2025-04-24,122210.0,58.1,1503,High
BLW-MFG-0288,Compressor Unit,Manufacturing,Medium,37,3650,2023-03-24,2026-01-16,1180,6.8,7414.0,88.1,2.89,0.855,0,217,2025-06-13,103170.0,70.2,1507,High
BLW-MFG-0288,Compressor Unit,Manufacturing,Medium,37,3650,2023-03-24,2026-01-31,1195,6.8,7516.0,72.3,3.1,0.751,2,245,2025-05-31,77182.0,70.3,1600,High
BLW-MFG-0288,Compressor Unit,Manufacturing,Medium,37,3650,2023-03-24,2026-02-15,1210,6.8,7618.0,81.8,2.4,0.801,8,357,2025-02-23,23080.0,59.1,1526,High
BLW-MFG-0288,Compressor Unit,Manufacturing,Medium,37,3650,2023-03-24,2026-03-02,1225,6.8,7720.0,59.5,2.31,1.002,0,315,2025-04-21,32577.0,84.4,1981,High
BLW-MFG-0288,Compressor Unit,Manufacturing,Medium,37,3650,2023-03-24,2026-03-17,1240,6.8,7822.0,78.4,2.53,1.04,0,365,2025-03-17,66622.0,72.6,1779,High
BLW-MFG-0288,Compressor Unit,Manufacturing,Medium,37,3650,2023-03-24,2026-04-01,1255,6.8,7924.0,68.5,2.86,1.016,8,176,2025-10-07,40413.0,66.7,1841,Medium
BLW-MFG-0288,Compressor Unit,Manufacturing,Medium,37,3650,2023-03-24,2026-04-16,1270,6.8,8026.0,73.7,2.39,0.797,8,350,2025-05-01,93333.0,60.5,1646,High
BLW-MFG-0288,Compressor Unit,Manufacturing,Medium,37,3650,2023-03-24,2026-05-01,1285,6.8,8128.0,58.1,4.28,0.806,7,86,2026-02-04,102806.0,69.5,1728,Medium
BLW-MFG-0288,Compressor Unit,Manufacturing,Medium,37,3650,2023-03-24,2026-05-16,1300,6.8,8230.0,65.1,4.56,0.753,8,115,2026-01-21,30348.0,64.2,1642,Medium
BLW-LOC-0289,Cooling System,Locomotive,High,18,3285,2024-09-15,2026-01-01,624,7.9,3973.0,77.2,1.94,0.954,0,216,2025-05-30,76849.0,82.9,1608,High
BLW-LOC-0289,Cooling System,Locomotive,High,18,3285,2024-09-15,2026-01-16,639,7.9,4091.5,89.4,4.0,0.701,2,191,2025-07-09,145611.0,66.7,1470,High
BLW-LOC-0289,Cooling System,Locomotive,High,18,3285,2024-09-15,2026-01-31,654,7.9,4210.0,84.2,2.92,0.757,5,347,2025-02-18,41216.0,62.8,1461,High
BLW-LOC-0289,Cooling System,Locomotive,High,18,3285,2024-09-15,2026-02-15,669,7.9,4328.5,67.7,1.56,1.002,8,60,2025-12-17,47059.0,77.0,1585,Low
BLW-LOC-0289,Cooling System,Locomotive,High,18,3285,2024-09-15,2026-03-02,684,7.9,4447.0,83.2,2.62,0.839,7,150,2025-10-03,43389.0,66.3,1477,Medium
BLW-LOC-0289,Cooling System,Locomotive,High,18,3285,2024-09-15,2026-03-17,699,7.9,4565.5,112.0,3.22,0.778,0,323,2025-04-28,87482.0,60.9,1312,High
BLW-LOC-0289,Cooling System,Locomotive,High,18,3285,2024-09-15,2026-04-01,714,7.9,4684.0,58.0,2.88,1.054,3,156,2025-10-27,139721.0,82.7,1758,Medium
BLW-LOC-0289,Cooling System,Locomotive,High,18,3285,2024-09-15,2026-04-16,729,7.9,4802.5,115.6,4.15,0.8,8,18,2026-03-29,140635.0,52.9,1024,Medium
BLW-LOC-0289,Cooling System,Locomotive,High,18,3285,2024-09-15,2026-05-01,744,7.9,4921.0,103.2,4.59,1.025,7,29,2026-04-02,56583.0,58.1,1155,Medium
BLW-LOC-0289,Cooling System,Locomotive,High,18,3285,2024-09-15,2026-05-16,759,7.9,5039.5,71.0,3.89,0.79,7,168,2025-11-29,48261.0,67.6,1622,Medium
BLW-MFG-0290,Welding Robot,Manufacturing,Medium,18,2920,2020-01-11,2026-01-01,2333,10.9,23312.0,63.0,2.93,0.811,6,181,2025-07-04,6285.0,55.4,1007,High
BLW-MFG-0290,Welding Robot,Manufacturing,Medium,18,2920,2020-01-11,2026-01-16,2348,10.9,23475.5,39.4,3.27,0.924,6,251,2025-05-10,33644.0,53.1,1012,High
BLW-MFG-0290,Welding Robot,Manufacturing,Medium,18,2920,2020-01-11,2026-01-31,2363,10.9,23639.0,53.0,3.35,0.844,8,263,2025-05-13,135284.0,48.1,1121,High
BLW-MFG-0290,Welding Robot,Manufacturing,Medium,18,2920,2020-01-11,2026-02-15,2378,10.9,23802.5,56.0,4.55,0.838,6,63,2025-12-14,137401.0,51.1,959,Medium
BLW-MFG-0290,Welding Robot,Manufacturing,Medium,18,2920,2020-01-11,2026-03-02,2393,10.9,23966.0,79.7,2.67,0.693,0,79,2025-12-13,116570.0,61.7,920,Medium
BLW-MFG-0290,Welding Robot,Manufacturing,Medium,18,2920,2020-01-11,2026-03-17,2408,10.9,24129.5,74.9,3.75,0.739,4,115,2025-11-22,73251.0,51.4,943,Medium
BLW-MFG-0290,Welding Robot,Manufacturing,Medium,18,2920,2020-01-11,2026-04-01,2423,10.9,24293.0,59.5,2.13,0.732,5,153,2025-10-30,57852.0,60.9,1138,Medium
BLW-MFG-0290,Welding Robot,Manufacturing,Medium,18,2920,2020-01-11,2026-04-16,2438,10.9,24456.5,62.4,3.15,1.008,2,274,2025-07-16,122674.0,57.0,956,High
BLW-MFG-0290,Welding Robot,Manufacturing,Medium,18,2920,2020-01-11,2026-05-01,2453,10.9,24620.0,76.9,3.1,0.789,1,224,2025-09-19,100161.0,56.9,991,High
BLW-MFG-0290,Welding Robot,Manufacturing,Medium,18,2920,2020-01-11,2026-05-16,2468,10.9,24783.5,45.7,2.66,1.097,7,82,2026-02-23,25282.0,58.1,1112,Medium
BLW-LOC-0291,Wheel Assembly,Locomotive,Critical,0,5475,2020-01-12,2026-01-01,2332,11.0,24656.0,95.6,3.52,0.946,3,56,2025-11-06,32487.0,61.2,1872,Medium
BLW-LOC-0291,Wheel Assembly,Locomotive,Critical,0,5475,2020-01-12,2026-01-16,2347,11.0,24821.0,74.0,3.76,0.784,0,68,2025-11-09,62209.0,73.1,2060,Low
BLW-LOC-0291,Wheel Assembly,Locomotive,Critical,0,5475,2020-01-12,2026-01-31,2362,11.0,24986.0,67.7,3.26,0.747,5,16,2026-01-15,28245.0,68.8,2268,Medium
BLW-LOC-0291,Wheel Assembly,Locomotive,Critical,0,5475,2020-01-12,2026-02-15,2377,11.0,25151.0,86.4,4.79,0.809,3,245,2025-06-15,144156.0,56.7,1903,High
BLW-LOC-0291,Wheel Assembly,Locomotive,Critical,0,5475,2020-01-12,2026-03-02,2392,11.0,25316.0,88.8,3.88,0.908,4,60,2026-01-01,66059.0,61.6,1992,Medium
BLW-LOC-0291,Wheel Assembly,Locomotive,Critical,0,5475,2020-01-12,2026-03-17,2407,11.0,25481.0,102.0,3.8,0.942,8,253,2025-07-07,120974.0,44.2,1567,High
BLW-LOC-0291,Wheel Assembly,Locomotive,Critical,0,5475,2020-01-12,2026-04-01,2422,11.0,25646.0,78.0,3.82,0.988,2,166,2025-10-17,113908.0,66.4,2064,Medium
BLW-LOC-0291,Wheel Assembly,Locomotive,Critical,0,5475,2020-01-12,2026-04-16,2437,11.0,25811.0,61.0,4.15,0.775,6,256,2025-08-03,110269.0,58.9,2130,High
BLW-LOC-0291,Wheel Assembly,Locomotive,Critical,0,5475,2020-01-12,2026-05-01,2452,11.0,25976.0,89.3,5.53,0.895,6,67,2026-02-23,20911.0,51.2,1736,Medium
BLW-LOC-0291,Wheel Assembly,Locomotive,Critical,0,5475,2020-01-12,2026-05-16,2467,11.0,26141.0,62.0,4.57,0.894,1,10,2026-05-06,23288.0,76.1,2217,Low
BLW-LOC-0292,Cooling System,Locomotive,High,18,3285,2022-10-21,2026-01-01,1319,6.2,7404.0,65.7,3.67,1.048,0,347,2025-01-19,125326.0,73.5,1465,High
BLW-LOC-0292,Cooling System,Locomotive,High,18,3285,2022-10-21,2026-01-16,1334,6.2,7497.0,58.7,1.53,1.013,6,305,2025-03-17,111928.0,68.4,1604,High
BLW-LOC-0292,Cooling System,Locomotive,High,18,3285,2022-10-21,2026-01-31,1349,6.2,7590.0,99.4,1.66,1.039,6,245,2025-05-31,46973.0,55.4,1184,High
BLW-LOC-0292,Cooling System,Locomotive,High,18,3285,2022-10-21,2026-02-15,1364,6.2,7683.0,76.7,2.78,0.918,7,42,2026-01-04,115330.0,65.4,1274,Medium
BLW-LOC-0292,Cooling System,Locomotive,High,18,3285,2022-10-21,2026-03-02,1379,6.2,7776.0,77.9,2.07,0.895,3,316,2025-04-20,27112.0,65.8,1442,High
BLW-LOC-0292,Cooling System,Locomotive,High,18,3285,2022-10-21,2026-03-17,1394,6.2,7869.0,84.7,3.5,0.905,8,95,2025-12-12,41173.0,58.8,1200,Medium
BLW-LOC-0292,Cooling System,Locomotive,High,18,3285,2022-10-21,2026-04-01,1409,6.2,7962.0,81.8,-0.2,0.91,1,134,2025-11-18,149167.0,74.5,1389,Medium
BLW-LOC-0292,Cooling System,Locomotive,High,18,3285,2022-10-21,2026-04-16,1424,6.2,8055.0,88.3,5.26,0.828,3,341,2025-05-10,123988.0,51.8,1162,High
BLW-LOC-0292,Cooling System,Locomotive,High,18,3285,2022-10-21,2026-05-01,1439,6.2,8148.0,64.4,3.11,1.037,3,242,2025-09-01,107437.0,72.0,1388,High
BLW-LOC-0292,Cooling System,Locomotive,High,18,3285,2022-10-21,2026-05-16,1454,6.2,8241.0,58.2,4.14,0.998,1,358,2025-05-23,110916.0,68.6,1550,High
BLW-MFG-0293,Compressor Unit,Manufacturing,Medium,37,3650,2021-01-21,2026-01-01,1957,19.9,34168.0,81.0,4.5,0.853,2,117,2025-09-06,22467.0,55.6,1026,Medium
BLW-MFG-0293,Compressor Unit,Manufacturing,Medium,37,3650,2021-01-21,2026-01-16,1972,19.9,34466.5,91.0,2.33,0.732,6,19,2025-12-28,44710.0,52.5,1269,Medium
BLW-MFG-0293,Compressor Unit,Manufacturing,Medium,37,3650,2021-01-21,2026-01-31,1987,19.9,34765.0,93.1,3.01,0.93,3,74,2025-11-18,66814.0,53.9,1073,Medium
BLW-MFG-0293,Compressor Unit,Manufacturing,Medium,37,3650,2021-01-21,2026-02-15,2002,19.9,35063.5,85.1,2.39,0.989,3,46,2025-12-31,130331.0,61.6,1298,Medium
BLW-MFG-0293,Compressor Unit,Manufacturing,Medium,37,3650,2021-01-21,2026-03-02,2017,19.9,35362.0,90.1,5.01,0.822,6,208,2025-08-06,81121.0,38.7,894,High
BLW-MFG-0293,Compressor Unit,Manufacturing,Medium,37,3650,2021-01-21,2026-03-17,2032,19.9,35660.5,95.9,2.65,0.959,3,113,2025-11-24,53746.0,51.6,1218,Medium
BLW-MFG-0293,Compressor Unit,Manufacturing,Medium,37,3650,2021-01-21,2026-04-01,2047,19.9,35959.0,61.4,2.03,0.829,7,31,2026-03-01,78930.0,62.7,1539,Medium
BLW-MFG-0293,Compressor Unit,Manufacturing,Medium,37,3650,2021-01-21,2026-04-16,2062,19.9,36257.5,70.0,3.71,0.826,0,155,2025-11-12,20958.0,63.1,1298,Medium
BLW-MFG-0293,Compressor Unit,Manufacturing,Medium,37,3650,2021-01-21,2026-05-01,2077,19.9,36556.0,95.9,3.4,0.662,5,143,2025-12-09,141735.0,45.3,1062,High
BLW-MFG-0293,Compressor Unit,Manufacturing,Medium,37,3650,2021-01-21,2026-05-16,2092,19.9,36854.5,94.3,4.18,0.773,6,126,2026-01-10,51377.0,46.6,1005,High
BLW-MFG-0294,CNC Milling Machine,Manufacturing,High,30,3650,2021-01-07,2026-01-01,1971,6.6,9309.0,80.0,1.76,0.58,5,108,2025-09-15,46371.0,63.9,1266,Medium
BLW-MFG-0294,CNC Milling Machine,Manufacturing,High,30,3650,2021-01-07,2026-01-16,1986,6.6,9408.0,91.1,3.04,0.733,4,310,2025-03-12,19610.0,55.3,1333,High
BLW-MFG-0294,CNC Milling Machine,Manufacturing,High,30,3650,2021-01-07,2026-01-31,2001,6.6,9507.0,74.1,3.99,0.801,2,129,2025-09-24,142508.0,65.9,1501,Medium
BLW-MFG-0294,CNC Milling Machine,Manufacturing,High,30,3650,2021-01-07,2026-02-15,2016,6.6,9606.0,77.0,3.04,1.053,5,171,2025-08-28,49132.0,61.7,1395,Medium
BLW-MFG-0294,CNC Milling Machine,Manufacturing,High,30,3650,2021-01-07,2026-03-02,2031,6.6,9705.0,73.2,2.39,0.89,1,342,2025-03-25,6981.0,67.0,1554,High
BLW-MFG-0294,CNC Milling Machine,Manufacturing,High,30,3650,2021-01-07,2026-03-17,2046,6.6,9804.0,91.7,2.68,0.765,8,66,2026-01-10,53026.0,56.8,1240,Medium
BLW-MFG-0294,CNC Milling Machine,Manufacturing,High,30,3650,2021-01-07,2026-04-01,2061,6.6,9903.0,61.5,3.62,0.944,5,301,2025-06-04,81685.0,65.0,1520,High
BLW-MFG-0294,CNC Milling Machine,Manufacturing,High,30,3650,2021-01-07,2026-04-16,2076,6.6,10002.0,77.8,2.73,0.794,5,121,2025-12-16,99286.0,66.1,1436,Medium
BLW-MFG-0294,CNC Milling Machine,Manufacturing,High,30,3650,2021-01-07,2026-05-01,2091,6.6,10101.0,74.7,3.34,0.753,3,299,2025-07-06,60687.0,63.9,1520,High
BLW-MFG-0294,CNC Milling Machine,Manufacturing,High,30,3650,2021-01-07,2026-05-16,2106,6.6,10200.0,48.4,3.5,0.788,1,66,2026-03-11,96286.0,79.5,1519,Low
BLW-MFG-0295,Welding Robot,Manufacturing,Medium,18,2920,2020-03-25,2026-01-01,2259,14.2,31233.0,60.7,3.13,0.825,3,98,2025-09-25,107176.0,60.5,934,Medium
BLW-MFG-0295,Welding Robot,Manufacturing,Medium,18,2920,2020-03-25,2026-01-16,2274,14.2,31446.0,85.6,3.32,0.961,1,38,2025-12-09,141564.0,55.4,810,Medium
BLW-MFG-0295,Welding Robot,Manufacturing,Medium,18,2920,2020-03-25,2026-01-31,2289,14.2,31659.0,51.2,2.39,0.989,5,154,2025-08-30,110176.0,58.8,1016,Medium
BLW-MFG-0295,Welding Robot,Manufacturing,Medium,18,2920,2020-03-25,2026-02-15,2304,14.2,31872.0,33.6,2.76,0.806,3,273,2025-05-18,109512.0,55.5,1067,High
BLW-MFG-0295,Welding Robot,Manufacturing,Medium,18,2920,2020-03-25,2026-03-02,2319,14.2,32085.0,78.7,3.89,0.885,0,65,2025-12-27,32797.0,53.5,824,Medium
BLW-MFG-0295,Welding Robot,Manufacturing,Medium,18,2920,2020-03-25,2026-03-17,2334,14.2,32298.0,96.6,3.39,0.882,8,364,2025-03-18,41616.0,28.5,686,Critical
BLW-MFG-0295,Welding Robot,Manufacturing,Medium,18,2920,2020-03-25,2026-04-01,2349,14.2,32511.0,41.2,2.88,0.846,8,177,2025-10-06,134762.0,51.1,1002,Medium
BLW-MFG-0295,Welding Robot,Manufacturing,Medium,18,2920,2020-03-25,2026-04-16,2364,14.2,32724.0,50.8,3.54,0.775,7,322,2025-05-29,109012.0,43.2,926,High
BLW-MFG-0295,Welding Robot,Manufacturing,Medium,18,2920,2020-03-25,2026-05-01,2379,14.2,32937.0,77.9,4.33,0.908,6,34,2026-03-28,75009.0,46.2,798,High
BLW-MFG-0295,Welding Robot,Manufacturing,Medium,18,2920,2020-03-25,2026-05-16,2394,14.2,33150.0,73.4,3.88,0.623,8,257,2025-09-01,119678.0,38.8,787,High
BLW-MFG-0296,Compressor Unit,Manufacturing,Medium,37,3650,2023-05-12,2026-01-01,1116,9.8,10830.0,79.0,2.67,0.823,4,23,2025-12-09,143591.0,70.5,1718,Low
BLW-MFG-0296,Compressor Unit,Manufacturing,Medium,37,3650,2023-05-12,2026-01-16,1131,9.8,10977.0,73.3,3.35,0.744,0,355,2025-01-26,32578.0,69.8,1692,High
BLW-MFG-0296,Compressor Unit,Manufacturing,Medium,37,3650,2023-05-12,2026-01-31,1146,9.8,11124.0,58.3,3.29,0.614,6,253,2025-05-23,104281.0,67.7,1922,High
BLW-MFG-0296,Compressor Unit,Manufacturing,Medium,37,3650,2023-05-12,2026-02-15,1161,9.8,11271.0,72.7,3.1,1.034,8,38,2026-01-08,29000.0,62.8,1567,Medium
BLW-MFG-0296,Compressor Unit,Manufacturing,Medium,37,3650,2023-05-12,2026-03-02,1176,9.8,11418.0,63.4,3.77,0.928,8,196,2025-08-18,86562.0,62.4,1760,High
BLW-MFG-0296,Compressor Unit,Manufacturing,Medium,37,3650,2023-05-12,2026-03-17,1191,9.8,11565.0,64.2,4.14,0.742,6,205,2025-08-24,93047.0,65.4,1616,High
BLW-MFG-0296,Compressor Unit,Manufacturing,Medium,37,3650,2023-05-12,2026-04-01,1206,9.8,11712.0,82.5,2.63,0.846,3,94,2025-12-28,5522.0,72.0,1654,Low
BLW-MFG-0296,Compressor Unit,Manufacturing,Medium,37,3650,2023-05-12,2026-04-16,1221,9.8,11859.0,81.2,3.34,0.813,3,303,2025-06-17,106025.0,63.3,1571,High
BLW-MFG-0296,Compressor Unit,Manufacturing,Medium,37,3650,2023-05-12,2026-05-01,1236,9.8,12006.0,74.4,3.07,0.862,8,233,2025-09-10,78054.0,58.1,1672,High
BLW-MFG-0296,Compressor Unit,Manufacturing,Medium,37,3650,2023-05-12,2026-05-16,1251,9.8,12153.0,74.4,4.15,0.865,8,132,2026-01-04,48994.0,57.3,1509,Medium
BLW-MFG-0297,Material Handling Crane,Manufacturing,Critical,75,7300,2021-08-29,2026-01-01,1737,15.9,23908.0,62.6,3.47,0.613,2,114,2025-09-09,11614.0,79.0,3600,Low
BLW-MFG-0297,Material Handling Crane,Manufacturing,Critical,75,7300,2021-08-29,2026-01-16,1752,15.9,24146.5,57.9,2.92,0.762,3,149,2025-08-20,10668.0,77.8,3565,Medium
BLW-MFG-0297,Material Handling Crane,Manufacturing,Critical,75,7300,2021-08-29,2026-01-31,1767,15.9,24385.0,58.1,3.52,0.757,2,142,2025-09-11,139451.0,77.7,3873,Medium
BLW-MFG-0297,Material Handling Crane,Manufacturing,Critical,75,7300,2021-08-29,2026-02-15,1782,15.9,24623.5,78.9,1.27,0.759,4,26,2026-01-20,98150.0,76.0,3414,Low
BLW-MFG-0297,Material Handling Crane,Manufacturing,Critical,75,7300,2021-08-29,2026-03-02,1797,15.9,24862.0,50.3,4.04,0.923,3,107,2025-11-15,82516.0,77.4,3690,Low
BLW-MFG-0297,Material Handling Crane,Manufacturing,Critical,75,7300,2021-08-29,2026-03-17,1812,15.9,25100.5,74.4,3.45,1.001,0,332,2025-04-19,55382.0,73.5,3151,High
BLW-MFG-0297,Material Handling Crane,Manufacturing,Critical,75,7300,2021-08-29,2026-04-01,1827,15.9,25339.0,77.4,2.5,0.9,5,166,2025-10-17,17071.0,69.8,3065,Medium
BLW-MFG-0297,Material Handling Crane,Manufacturing,Critical,75,7300,2021-08-29,2026-04-16,1842,15.9,25577.5,69.1,3.39,0.811,8,135,2025-12-02,109702.0,65.7,3407,Medium
BLW-MFG-0297,Material Handling Crane,Manufacturing,Critical,75,7300,2021-08-29,2026-05-01,1857,15.9,25816.0,71.0,3.4,0.998,6,313,2025-06-22,47760.0,63.8,3300,High
BLW-MFG-0297,Material Handling Crane,Manufacturing,Critical,75,7300,2021-08-29,2026-05-16,1872,15.9,26054.5,60.7,3.85,0.898,0,320,2025-06-30,123309.0,78.4,3532,High
BLW-LOC-0298,Cooling System,Locomotive,High,18,3285,2021-03-25,2026-01-01,1894,16.2,24052.0,50.8,1.46,0.938,4,8,2025-12-24,82921.0,71.0,1426,Low
BLW-LOC-0298,Cooling System,Locomotive,High,18,3285,2021-03-25,2026-01-16,1909,16.2,24295.0,80.5,3.35,0.843,1,352,2025-01-29,60387.0,54.2,1127,High
BLW-LOC-0298,Cooling System,Locomotive,High,18,3285,2021-03-25,2026-01-31,1924,16.2,24538.0,70.8,3.15,0.821,4,320,2025-03-17,96974.0,55.1,1267,High
BLW-LOC-0298,Cooling System,Locomotive,High,18,3285,2021-03-25,2026-02-15,1939,16.2,24781.0,78.5,4.88,1.05,8,105,2025-11-02,123443.0,47.2,1011,High
BLW-LOC-0298,Cooling System,Locomotive,High,18,3285,2021-03-25,2026-03-02,1954,16.2,25024.0,86.1,4.74,0.881,3,166,2025-09-17,43975.0,52.1,990,Medium
BLW-LOC-0298,Cooling System,Locomotive,High,18,3285,2021-03-25,2026-03-17,1969,16.2,25267.0,76.6,4.83,0.886,6,79,2025-12-28,69678.0,51.0,997,Medium
BLW-LOC-0298,Cooling System,Locomotive,High,18,3285,2021-03-25,2026-04-01,1984,16.2,25510.0,85.3,5.0,0.987,6,188,2025-09-25,26508.0,44.7,955,High
BLW-LOC-0298,Cooling System,Locomotive,High,18,3285,2021-03-25,2026-04-16,1999,16.2,25753.0,102.7,3.67,0.751,7,47,2026-02-28,76914.0,45.3,826,High
BLW-LOC-0298,Cooling System,Locomotive,High,18,3285,2021-03-25,2026-05-01,2014,16.2,25996.0,74.0,1.74,0.959,7,94,2026-01-27,123262.0,56.1,1193,Medium
BLW-LOC-0298,Cooling System,Locomotive,High,18,3285,2021-03-25,2026-05-16,2029,16.2,26239.0,94.0,4.82,0.817,2,96,2026-02-09,87600.0,50.8,849,Medium
BLW-MFG-0299,Compressor Unit,Manufacturing,Medium,37,3650,2023-08-19,2026-01-01,1017,9.9,7985.0,58.4,3.04,0.77,2,201,2025-06-14,104668.0,79.0,1720,High
BLW-MFG-0299,Compressor Unit,Manufacturing,Medium,37,3650,2023-08-19,2026-01-16,1032,9.9,8133.5,79.4,3.31,0.904,3,35,2025-12-12,25811.0,75.6,1564,Low
BLW-MFG-0299,Compressor Unit,Manufacturing,Medium,37,3650,2023-08-19,2026-01-31,1047,9.9,8282.0,62.3,1.19,1.144,6,125,2025-09-28,70979.0,76.3,1977,Medium
BLW-MFG-0299,Compressor Unit,Manufacturing,Medium,37,3650,2023-08-19,2026-02-15,1062,9.9,8430.5,52.5,3.85,1.021,6,51,2025-12-26,110025.0,73.8,1673,Low
BLW-MFG-0299,Compressor Unit,Manufacturing,Medium,37,3650,2023-08-19,2026-03-02,1077,9.9,8579.0,66.5,1.0,0.836,2,6,2026-02-24,92478.0,86.6,1866,Low
BLW-MFG-0299,Compressor Unit,Manufacturing,Medium,37,3650,2023-08-19,2026-03-17,1092,9.9,8727.5,65.6,3.52,0.905,6,196,2025-09-02,8004.0,66.2,1738,High
BLW-MFG-0299,Compressor Unit,Manufacturing,Medium,37,3650,2023-08-19,2026-04-01,1107,9.9,8876.0,99.0,1.9,0.841,0,329,2025-05-07,140528.0,69.9,1642,High
BLW-MFG-0299,Compressor Unit,Manufacturing,Medium,37,3650,2023-08-19,2026-04-16,1122,9.9,9024.5,64.4,3.34,0.855,2,127,2025-12-10,116667.0,77.7,1782,Medium
BLW-MFG-0299,Compressor Unit,Manufacturing,Medium,37,3650,2023-08-19,2026-05-01,1137,9.9,9173.0,68.0,3.3,0.785,4,73,2026-02-17,141097.0,73.5,1736,Low
BLW-MFG-0299,Compressor Unit,Manufacturing,Medium,37,3650,2023-08-19,2026-05-16,1152,9.9,9321.5,92.8,3.32,0.832,0,4,2026-05-12,143855.0,75.6,1507,Low
BLW-MFG-0300,Welding Robot,Manufacturing,Medium,18,2920,2023-01-15,2026-01-01,1233,16.3,16109.0,87.4,2.8,0.89,1,103,2025-09-20,25188.0,65.5,1158,Medium
BLW-MFG-0300,Welding Robot,Manufacturing,Medium,18,2920,2023-01-15,2026-01-16,1248,16.3,16353.5,69.1,2.8,0.775,7,83,2025-10-25,49571.0,62.8,1257,Medium
BLW-MFG-0300,Welding Robot,Manufacturing,Medium,18,2920,2023-01-15,2026-01-31,1263,16.3,16598.0,74.1,2.79,0.859,7,79,2025-11-13,40352.0,61.8,1205,Medium
BLW-MFG-0300,Welding Robot,Manufacturing,Medium,18,2920,2023-01-15,2026-02-15,1278,16.3,16842.5,65.0,2.97,1.105,8,354,2025-02-26,43781.0,56.0,1296,High
BLW-MFG-0300,Welding Robot,Manufacturing,Medium,18,2920,2023-01-15,2026-03-02,1293,16.3,17087.0,73.5,2.76,0.969,8,63,2025-12-29,8075.0,60.4,1263,Medium
BLW-MFG-0300,Welding Robot,Manufacturing,Medium,18,2920,2023-01-15,2026-03-17,1308,16.3,17331.5,65.0,2.19,0.882,0,52,2026-01-24,83973.0,79.0,1391,Low
BLW-MFG-0300,Welding Robot,Manufacturing,Medium,18,2920,2023-01-15,2026-04-01,1323,16.3,17576.0,55.5,2.81,0.707,1,261,2025-07-14,133536.0,77.4,1240,High
BLW-MFG-0300,Welding Robot,Manufacturing,Medium,18,2920,2023-01-15,2026-04-16,1338,16.3,17820.5,70.7,4.18,0.959,6,72,2026-02-03,5176.0,62.3,1131,Medium
BLW-MFG-0300,Welding Robot,Manufacturing,Medium,18,2920,2023-01-15,2026-05-01,1353,16.3,18065.0,87.6,4.02,0.881,3,12,2026-04-19,37868.0,62.2,1025,Medium
BLW-MFG-0300,Welding Robot,Manufacturing,Medium,18,2920,2023-01-15,2026-05-16,1368,16.3,18309.5,61.3,4.36,0.996,6,75,2026-03-02,56230.0,62.8,1205,Medium
BLW-LOC-0301,Air Compressor,Locomotive,High,22,3650,2021-04-07,2026-01-01,1881,18.9,32185.0,75.8,3.46,0.858,1,251,2025-04-25,29586.0,60.6,1235,High
BLW-LOC-0301,Air Compressor,Locomotive,High,22,3650,2021-04-07,2026-01-16,1896,18.9,32468.5,66.1,5.03,0.799,1,114,2025-09-24,19752.0,60.3,1231,Medium
BLW-LOC-0301,Air Compressor,Locomotive,High,22,3650,2021-04-07,2026-01-31,1911,18.9,32752.0,74.6,5.47,0.971,4,182,2025-08-02,16062.0,51.9,1157,High
BLW-LOC-0301,Air Compressor,Locomotive,High,22,3650,2021-04-07,2026-02-15,1926,18.9,33035.5,94.6,2.82,0.841,5,60,2025-12-17,57272.0,50.2,1090,Medium
BLW-LOC-0301,Air Compressor,Locomotive,High,22,3650,2021-04-07,2026-03-02,1941,18.9,33319.0,91.5,3.86,1.027,1,22,2026-02-08,92653.0,56.4,1113,Medium
BLW-LOC-0301,Air Compressor,Locomotive,High,22,3650,2021-04-07,2026-03-17,1956,18.9,33602.5,63.3,3.86,0.964,2,219,2025-08-10,81920.0,61.8,1413,High
BLW-LOC-0301,Air Compressor,Locomotive,High,22,3650,2021-04-07,2026-04-01,1971,18.9,33886.0,68.4,1.8,0.947,2,347,2025-04-19,66660.0,64.7,1395,High
BLW-LOC-0301,Air Compressor,Locomotive,High,22,3650,2021-04-07,2026-04-16,1986,18.9,34169.5,101.9,3.9,0.725,4,319,2025-06-01,123547.0,38.5,949,High
BLW-LOC-0301,Air Compressor,Locomotive,High,22,3650,2021-04-07,2026-05-01,2001,18.9,34453.0,78.3,2.32,0.687,5,53,2026-03-09,44309.0,58.6,1326,Medium
BLW-LOC-0301,Air Compressor,Locomotive,High,22,3650,2021-04-07,2026-05-16,2016,18.9,34736.5,85.1,3.35,0.919,7,338,2025-06-12,58521.0,44.2,1166,High
BLW-LOC-0302,Traction Motor,Locomotive,Critical,350,4380,2024-07-18,2026-01-01,683,18.7,12001.0,76.2,4.61,0.735,0,76,2025-10-17,117779.0,76.7,1903,Low
BLW-LOC-0302,Traction Motor,Locomotive,Critical,350,4380,2024-07-18,2026-01-16,698,18.7,12281.5,60.2,3.05,0.606,2,163,2025-08-06,26428.0,85.0,2159,Medium
BLW-LOC-0302,Traction Motor,Locomotive,Critical,350,4380,2024-07-18,2026-01-31,713,18.7,12562.0,103.4,3.65,0.928,7,244,2025-06-01,123124.0,51.0,1603,High
BLW-LOC-0302,Traction Motor,Locomotive,Critical,350,4380,2024-07-18,2026-02-15,728,18.7,12842.5,90.2,4.45,0.958,1,295,2025-04-26,66981.0,63.5,1702,High
BLW-LOC-0302,Traction Motor,Locomotive,Critical,350,4380,2024-07-18,2026-03-02,743,18.7,13123.0,57.3,4.33,1.0,4,74,2025-12-18,18115.0,79.6,2153,Low
BLW-LOC-0302,Traction Motor,Locomotive,Critical,350,4380,2024-07-18,2026-03-17,758,18.7,13403.5,70.5,1.71,1.0,2,93,2025-12-14,116293.0,80.4,2196,Low
BLW-LOC-0302,Traction Motor,Locomotive,Critical,350,4380,2024-07-18,2026-04-01,773,18.7,13684.0,79.4,3.72,0.884,5,163,2025-10-20,76660.0,67.2,1684,Medium
BLW-LOC-0302,Traction Motor,Locomotive,Critical,350,4380,2024-07-18,2026-04-16,788,18.7,13964.5,83.8,1.17,0.973,7,355,2025-04-26,146063.0,60.6,1790,High
BLW-LOC-0302,Traction Motor,Locomotive,Critical,350,4380,2024-07-18,2026-05-01,803,18.7,14245.0,72.2,3.22,1.033,5,70,2026-02-20,121310.0,74.3,2095,Low
BLW-LOC-0302,Traction Motor,Locomotive,Critical,350,4380,2024-07-18,2026-05-16,818,18.7,14525.5,102.9,3.83,0.986,3,196,2025-11-01,65706.0,61.0,1513,High
BLW-LOC-0303,Diesel Engine Auxiliary,Locomotive,High,85,3650,2023-01-08,2026-01-01,1240,13.5,14392.0,100.1,1.8,0.96,3,196,2025-06-19,17125.0,59.1,1439,High
BLW-LOC-0303,Diesel Engine Auxiliary,Locomotive,High,85,3650,2023-01-08,2026-01-16,1255,13.5,14594.5,106.7,3.29,0.824,6,269,2025-04-22,88792.0,48.4,1181,High
BLW-LOC-0303,Diesel Engine Auxiliary,Locomotive,High,85,3650,2023-01-08,2026-01-31,1270,13.5,14797.0,106.9,3.83,0.822,3,359,2025-02-06,17651.0,47.8,1126,High
BLW-LOC-0303,Diesel Engine Auxiliary,Locomotive,High,85,3650,2023-01-08,2026-02-15,1285,13.5,14999.5,71.0,3.23,0.806,5,1,2026-02-14,34476.0,70.2,1757,Low
BLW-LOC-0303,Diesel Engine Auxiliary,Locomotive,High,85,3650,2023-01-08,2026-03-02,1300,13.5,15202.0,65.7,3.88,0.941,0,185,2025-08-29,85964.0,76.2,1632,High
BLW-LOC-0303,Diesel Engine Auxiliary,Locomotive,High,85,3650,2023-01-08,2026-03-17,1315,13.5,15404.5,78.4,4.29,0.907,2,56,2026-01-20,13639.0,68.5,1340,Medium
BLW-LOC-0303,Diesel Engine Auxiliary,Locomotive,High,85,3650,2023-01-08,2026-04-01,1330,13.5,15607.0,75.8,2.42,0.8,5,184,2025-09-29,128069.0,66.6,1632,High
BLW-LOC-0303,Diesel Engine Auxiliary,Locomotive,High,85,3650,2023-01-08,2026-04-16,1345,13.5,15809.5,110.3,3.21,0.978,2,150,2025-11-17,71756.0,57.3,1281,Medium
BLW-LOC-0303,Diesel Engine Auxiliary,Locomotive,High,85,3650,2023-01-08,2026-05-01,1360,13.5,16012.0,93.0,2.69,0.683,8,215,2025-09-28,40162.0,53.1,1339,High
BLW-LOC-0303,Diesel Engine Auxiliary,Locomotive,High,85,3650,2023-01-08,2026-05-16,1375,13.5,16214.5,70.5,2.43,0.914,3,28,2026-04-18,113314.0,78.9,1641,Low
BLW-MFG-0304,Welding Robot,Manufacturing,Medium,18,2920,2023-11-25,2026-01-01,919,15.9,11883.0,72.1,2.71,0.691,0,356,2025-01-10,144912.0,72.9,1281,High
BLW-MFG-0304,Welding Robot,Manufacturing,Medium,18,2920,2023-11-25,2026-01-16,934,15.9,12121.5,66.1,2.54,0.914,5,27,2025-12-20,106703.0,73.2,1408,Low
BLW-MFG-0304,Welding Robot,Manufacturing,Medium,18,2920,2023-11-25,2026-01-31,949,15.9,12360.0,56.5,2.44,0.466,1,244,2025-06-01,126428.0,81.9,1503,High
BLW-MFG-0304,Welding Robot,Manufacturing,Medium,18,2920,2023-11-25,2026-02-15,964,15.9,12598.5,58.2,1.94,0.785,2,15,2026-01-31,26299.0,85.7,1343,Low
BLW-MFG-0304,Welding Robot,Manufacturing,Medium,18,2920,2023-11-25,2026-03-02,979,15.9,12837.0,66.5,4.59,0.727,2,40,2026-01-21,40532.0,73.7,1413,Low
BLW-MFG-0304,Welding Robot,Manufacturing,Medium,18,2920,2023-11-25,2026-03-17,994,15.9,13075.5,76.6,3.16,0.896,0,291,2025-05-30,125505.0,69.8,1375,High
BLW-MFG-0304,Welding Robot,Manufacturing,Medium,18,2920,2023-11-25,2026-04-01,1009,15.9,13314.0,65.0,1.34,0.811,6,76,2026-01-15,115986.0,72.3,1397,Low
BLW-MFG-0304,Welding Robot,Manufacturing,Medium,18,2920,2023-11-25,2026-04-16,1024,15.9,13552.5,67.5,4.23,0.925,7,71,2026-02-04,113476.0,64.8,1254,Medium
BLW-MFG-0304,Welding Robot,Manufacturing,Medium,18,2920,2023-11-25,2026-05-01,1039,15.9,13791.0,58.7,1.24,0.871,4,240,2025-09-03,64671.0,75.9,1462,High
BLW-MFG-0304,Welding Robot,Manufacturing,Medium,18,2920,2023-11-25,2026-05-16,1054,15.9,14029.5,65.8,3.67,0.857,5,227,2025-10-01,118303.0,68.5,1396,High
BLW-MFG-0305,CNC Wheel Lathe,Manufacturing,High,45,3650,2021-08-10,2026-01-01,1756,7.6,9582.0,76.5,3.48,0.691,0,309,2025-02-26,113914.0,68.5,1537,High
BLW-MFG-0305,CNC Wheel Lathe,Manufacturing,High,45,3650,2021-08-10,2026-01-16,1771,7.6,9696.0,73.1,3.29,0.87,8,82,2025-10-26,6576.0,65.4,1486,Medium
BLW-MFG-0305,CNC Wheel Lathe,Manufacturing,High,45,3650,2021-08-10,2026-01-31,1786,7.6,9810.0,77.8,2.48,0.909,6,348,2025-02-17,142495.0,59.5,1551,High
BLW-MFG-0305,CNC Wheel Lathe,Manufacturing,High,45,3650,2021-08-10,2026-02-15,1801,7.6,9924.0,87.4,2.15,0.786,7,283,2025-05-08,108154.0,55.5,1503,High
BLW-MFG-0305,CNC Wheel Lathe,Manufacturing,High,45,3650,2021-08-10,2026-03-02,1816,7.6,10038.0,70.4,4.16,0.774,4,292,2025-05-14,77772.0,59.4,1508,High
BLW-MFG-0305,CNC Wheel Lathe,Manufacturing,High,45,3650,2021-08-10,2026-03-17,1831,7.6,10152.0,68.1,3.54,0.842,3,216,2025-08-13,140060.0,67.3,1561,High
BLW-MFG-0305,CNC Wheel Lathe,Manufacturing,High,45,3650,2021-08-10,2026-04-01,1846,7.6,10266.0,70.1,2.83,0.83,4,47,2026-02-13,80618.0,71.5,1662,Low
BLW-MFG-0305,CNC Wheel Lathe,Manufacturing,High,45,3650,2021-08-10,2026-04-16,1861,7.6,10380.0,72.9,5.18,0.871,2,108,2025-12-29,63058.0,65.0,1581,Medium
BLW-MFG-0305,CNC Wheel Lathe,Manufacturing,High,45,3650,2021-08-10,2026-05-01,1876,7.6,10494.0,76.4,4.09,0.919,0,112,2026-01-09,61882.0,72.1,1500,Low
BLW-MFG-0305,CNC Wheel Lathe,Manufacturing,High,45,3650,2021-08-10,2026-05-16,1891,7.6,10608.0,59.0,3.58,0.733,8,309,2025-07-11,127048.0,59.1,1549,High
BLW-LOC-0306,Axle Bearing Assembly,Locomotive,Critical,0,4015,2022-09-04,2026-01-01,1366,10.4,12680.0,83.4,3.9,0.908,6,84,2025-10-09,12927.0,61.5,1486,Medium
BLW-LOC-0306,Axle Bearing Assembly,Locomotive,Critical,0,4015,2022-09-04,2026-01-16,1381,10.4,12836.0,74.9,4.65,0.983,5,331,2025-02-19,66512.0,55.4,1456,High
BLW-LOC-0306,Axle Bearing Assembly,Locomotive,Critical,0,4015,2022-09-04,2026-01-31,1396,10.4,12992.0,68.7,4.85,1.006,4,55,2025-12-07,20138.0,67.1,1669,Medium
BLW-LOC-0306,Axle Bearing Assembly,Locomotive,Critical,0,4015,2022-09-04,2026-02-15,1411,10.4,13148.0,107.9,4.15,1.036,5,308,2025-04-13,117926.0,47.6,1169,High
BLW-LOC-0306,Axle Bearing Assembly,Locomotive,Critical,0,4015,2022-09-04,2026-03-02,1426,10.4,13304.0,78.4,3.74,0.882,5,14,2026-02-16,39732.0,68.7,1650,Medium
BLW-LOC-0306,Axle Bearing Assembly,Locomotive,Critical,0,4015,2022-09-04,2026-03-17,1441,10.4,13460.0,38.0,2.17,0.613,2,277,2025-06-13,20437.0,77.7,2034,High
BLW-LOC-0306,Axle Bearing Assembly,Locomotive,Critical,0,4015,2022-09-04,2026-04-01,1456,10.4,13616.0,87.0,2.65,0.961,3,305,2025-05-31,6592.0,63.7,1529,High
BLW-LOC-0306,Axle Bearing Assembly,Locomotive,Critical,0,4015,2022-09-04,2026-04-16,1471,10.4,13772.0,61.6,3.85,1.1,4,96,2026-01-10,84995.0,75.7,1871,Low
BLW-LOC-0306,Axle Bearing Assembly,Locomotive,Critical,0,4015,2022-09-04,2026-05-01,1486,10.4,13928.0,73.5,4.96,0.836,0,123,2025-12-29,44029.0,70.4,1441,Medium
BLW-LOC-0306,Axle Bearing Assembly,Locomotive,Critical,0,4015,2022-09-04,2026-05-16,1501,10.4,14084.0,86.7,3.19,0.907,0,288,2025-08-01,148042.0,63.5,1629,High
BLW-LOC-0307,Diesel Engine Auxiliary,Locomotive,High,85,3650,2020-04-03,2026-01-01,2250,6.7,10974.0,41.5,4.81,0.913,4,4,2025-12-28,147179.0,67.8,1486,Medium
BLW-LOC-0307,Diesel Engine Auxiliary,Locomotive,High,85,3650,2020-04-03,2026-01-16,2265,6.7,11074.5,64.1,3.64,0.95,4,203,2025-06-27,77531.0,59.9,1461,High
BLW-LOC-0307,Diesel Engine Auxiliary,Locomotive,High,85,3650,2020-04-03,2026-01-31,2280,6.7,11175.0,79.3,3.36,1.035,5,200,2025-07-15,110225.0,55.9,1306,High
BLW-LOC-0307,Diesel Engine Auxiliary,Locomotive,High,85,3650,2020-04-03,2026-02-15,2295,6.7,11275.5,51.7,5.46,0.835,2,359,2025-02-21,102830.0,59.3,1407,High
BLW-LOC-0307,Diesel Engine Auxiliary,Locomotive,High,85,3650,2020-04-03,2026-03-02,2310,6.7,11376.0,90.7,4.12,1.188,5,208,2025-08-06,134994.0,51.2,1141,High
BLW-LOC-0307,Diesel Engine Auxiliary,Locomotive,High,85,3650,2020-04-03,2026-03-17,2325,6.7,11476.5,73.6,3.28,0.695,8,51,2026-01-25,77816.0,58.9,1444,Medium
BLW-LOC-0307,Diesel Engine Auxiliary,Locomotive,High,85,3650,2020-04-03,2026-04-01,2340,6.7,11577.0,73.6,2.83,1.062,2,12,2026-03-20,90140.0,69.9,1323,Medium
BLW-LOC-0307,Diesel Engine Auxiliary,Locomotive,High,85,3650,2020-04-03,2026-04-16,2355,6.7,11677.5,66.3,2.0,0.931,6,244,2025-08-15,90022.0,63.3,1567,High
BLW-LOC-0307,Diesel Engine Auxiliary,Locomotive,High,85,3650,2020-04-03,2026-05-01,2370,6.7,11778.0,101.7,3.07,0.983,0,148,2025-12-04,28377.0,62.2,1150,Medium
BLW-LOC-0307,Diesel Engine Auxiliary,Locomotive,High,85,3650,2020-04-03,2026-05-16,2385,6.7,11878.5,96.3,3.66,1.006,7,40,2026-04-06,133355.0,48.3,1036,High
BLW-MFG-0308,CNC Turning Center,Manufacturing,High,22,3650,2024-01-11,2026-01-01,872,9.2,6135.0,60.3,2.0,0.768,2,82,2025-10-11,149045.0,86.8,2034,Low
BLW-MFG-0308,CNC Turning Center,Manufacturing,High,22,3650,2024-01-11,2026-01-16,887,9.2,6273.0,60.9,2.11,0.79,8,264,2025-04-27,148880.0,69.5,1809,High
BLW-MFG-0308,CNC Turning Center,Manufacturing,High,22,3650,2024-01-11,2026-01-31,902,9.2,6411.0,47.2,2.96,0.773,8,174,2025-08-10,69885.0,72.5,1707,Medium
BLW-MFG-0308,CNC Turning Center,Manufacturing,High,22,3650,2024-01-11,2026-02-15,917,9.2,6549.0,60.9,4.58,0.741,2,173,2025-08-26,47172.0,76.3,1647,Medium
BLW-MFG-0308,CNC Turning Center,Manufacturing,High,22,3650,2024-01-11,2026-03-02,932,9.2,6687.0,52.0,4.39,0.857,6,20,2026-02-10,134149.0,74.8,1596,Low
BLW-MFG-0308,CNC Turning Center,Manufacturing,High,22,3650,2024-01-11,2026-03-17,947,9.2,6825.0,73.3,4.09,0.96,6,122,2025-11-15,35279.0,68.3,1536,Medium
BLW-MFG-0308,CNC Turning Center,Manufacturing,High,22,3650,2024-01-11,2026-04-01,962,9.2,6963.0,73.6,3.7,0.671,1,78,2026-01-13,87201.0,76.9,1773,Low
BLW-MFG-0308,CNC Turning Center,Manufacturing,High,22,3650,2024-01-11,2026-04-16,977,9.2,7101.0,81.1,1.76,0.935,7,49,2026-02-26,121685.0,70.9,1769,Low
BLW-MFG-0308,CNC Turning Center,Manufacturing,High,22,3650,2024-01-11,2026-05-01,992,9.2,7239.0,63.8,3.78,0.944,2,158,2025-11-24,84335.0,77.7,1788,Medium
BLW-MFG-0308,CNC Turning Center,Manufacturing,High,22,3650,2024-01-11,2026-05-16,1007,9.2,7377.0,64.4,4.74,0.853,1,255,2025-09-03,18647.0,72.9,1651,High
BLW-LOC-0309,Alternator,Locomotive,Critical,110,4380,2020-12-13,2026-01-01,1996,19.1,28533.0,79.9,4.4,0.69,4,295,2025-03-12,57683.0,55.0,1484,High
BLW-LOC-0309,Alternator,Locomotive,Critical,110,4380,2020-12-13,2026-01-16,2011,19.1,28819.5,85.8,3.43,0.857,1,36,2025-12-11,30982.0,65.1,1588,Medium
BLW-LOC-0309,Alternator,Locomotive,Critical,110,4380,2020-12-13,2026-01-31,2026,19.1,29106.0,79.5,4.52,0.808,7,132,2025-09-21,147991.0,51.4,1366,Medium
BLW-LOC-0309,Alternator,Locomotive,Critical,110,4380,2020-12-13,2026-02-15,2041,19.1,29392.5,98.6,2.65,0.826,4,226,2025-07-04,99292.0,51.4,1363,High
BLW-LOC-0309,Alternator,Locomotive,Critical,110,4380,2020-12-13,2026-03-02,2056,19.1,29679.0,92.0,3.32,1.037,2,63,2025-12-29,145894.0,59.4,1442,Medium
BLW-LOC-0309,Alternator,Locomotive,Critical,110,4380,2020-12-13,2026-03-17,2071,19.1,29965.5,70.4,4.26,0.873,7,20,2026-02-25,57703.0,58.4,1661,Medium
BLW-LOC-0309,Alternator,Locomotive,Critical,110,4380,2020-12-13,2026-04-01,2086,19.1,30252.0,73.0,4.5,0.788,4,205,2025-09-08,64310.0,57.3,1450,High
BLW-LOC-0309,Alternator,Locomotive,Critical,110,4380,2020-12-13,2026-04-16,2101,19.1,30538.5,73.7,3.75,1.103,2,225,2025-09-03,58176.0,62.3,1762,High
BLW-LOC-0309,Alternator,Locomotive,Critical,110,4380,2020-12-13,2026-05-01,2116,19.1,30825.0,87.7,3.44,1.075,5,191,2025-10-22,17106.0,53.7,1396,High
BLW-LOC-0309,Alternator,Locomotive,Critical,110,4380,2020-12-13,2026-05-16,2131,19.1,31111.5,92.3,3.6,0.656,6,259,2025-08-30,70263.0,48.4,1430,High
BLW-MFG-0310,CNC Milling Machine,Manufacturing,High,30,3650,2023-06-25,2026-01-01,1072,19.7,15144.0,87.1,3.18,0.795,3,358,2025-01-08,124079.0,60.5,1526,High
BLW-MFG-0310,CNC Milling Machine,Manufacturing,High,30,3650,2023-06-25,2026-01-16,1087,19.7,15439.5,85.5,2.81,0.808,0,79,2025-10-29,128694.0,73.0,1576,Low
BLW-MFG-0310,CNC Milling Machine,Manufacturing,High,30,3650,2023-06-25,2026-01-31,1102,19.7,15735.0,48.0,3.6,0.889,4,192,2025-07-23,27940.0,72.5,1719,High
BLW-MFG-0310,CNC Milling Machine,Manufacturing,High,30,3650,2023-06-25,2026-02-15,1117,19.7,16030.5,85.8,3.73,0.774,6,37,2026-01-09,37342.0,60.7,1346,Medium
BLW-MFG-0310,CNC Milling Machine,Manufacturing,High,30,3650,2023-06-25,2026-03-02,1132,19.7,16326.0,74.8,2.1,0.948,7,342,2025-03-25,18558.0,62.6,1572,High
BLW-MFG-0310,CNC Milling Machine,Manufacturing,High,30,3650,2023-06-25,2026-03-17,1147,19.7,16621.5,66.8,3.06,0.933,7,239,2025-07-21,98160.0,66.2,1514,High
BLW-MFG-0310,CNC Milling Machine,Manufacturing,High,30,3650,2023-06-25,2026-04-01,1162,19.7,16917.0,66.0,2.86,0.71,7,55,2026-02-05,17444.0,69.1,1713,Medium
BLW-MFG-0310,CNC Milling Machine,Manufacturing,High,30,3650,2023-06-25,2026-04-16,1177,19.7,17212.5,67.3,1.76,1.142,1,203,2025-09-25,116391.0,79.0,1792,High
BLW-MFG-0310,CNC Milling Machine,Manufacturing,High,30,3650,2023-06-25,2026-05-01,1192,19.7,17508.0,58.2,3.43,0.844,3,205,2025-10-08,52664.0,70.7,1637,High
BLW-MFG-0310,CNC Milling Machine,Manufacturing,High,30,3650,2023-06-25,2026-05-16,1207,19.7,17803.5,81.7,5.0,0.902,5,175,2025-11-22,149484.0,59.1,1349,Medium
BLW-LOC-0311,Diesel Engine Auxiliary,Locomotive,High,85,3650,2021-03-11,2026-01-01,1908,15.8,25409.0,76.7,4.81,1.05,4,232,2025-05-14,10551.0,54.0,1134,High
BLW-LOC-0311,Diesel Engine Auxiliary,Locomotive,High,85,3650,2021-03-11,2026-01-16,1923,15.8,25646.0,77.8,3.88,0.824,2,240,2025-05-21,26100.0,58.4,1329,High
BLW-LOC-0311,Diesel Engine Auxiliary,Locomotive,High,85,3650,2021-03-11,2026-01-31,1938,15.8,25883.0,94.6,5.62,0.82,3,163,2025-08-21,87390.0,44.2,971,High
BLW-LOC-0311,Diesel Engine Auxiliary,Locomotive,High,85,3650,2021-03-11,2026-02-15,1953,15.8,26120.0,108.7,3.08,0.947,6,31,2026-01-15,140787.0,47.5,990,High
BLW-LOC-0311,Diesel Engine Auxiliary,Locomotive,High,85,3650,2021-03-11,2026-03-02,1968,15.8,26357.0,81.3,2.59,0.596,5,220,2025-07-25,146891.0,53.8,1291,High
BLW-LOC-0311,Diesel Engine Auxiliary,Locomotive,High,85,3650,2021-03-11,2026-03-17,1983,15.8,26594.0,98.5,3.63,0.813,3,27,2026-02-18,35666.0,53.1,1105,Medium
BLW-LOC-0311,Diesel Engine Auxiliary,Locomotive,High,85,3650,2021-03-11,2026-04-01,1998,15.8,26831.0,103.2,5.08,0.953,0,350,2025-04-16,66323.0,42.4,915,High
BLW-LOC-0311,Diesel Engine Auxiliary,Locomotive,High,85,3650,2021-03-11,2026-04-16,2013,15.8,27068.0,112.8,5.2,0.7,4,325,2025-05-26,30535.0,34.9,801,High
BLW-LOC-0311,Diesel Engine Auxiliary,Locomotive,High,85,3650,2021-03-11,2026-05-01,2028,15.8,27305.0,73.0,1.13,0.902,2,35,2026-03-27,44716.0,69.9,1418,Medium
BLW-LOC-0311,Diesel Engine Auxiliary,Locomotive,High,85,3650,2021-03-11,2026-05-16,2043,15.8,27542.0,79.9,3.79,0.894,1,152,2025-12-15,131698.0,60.2,1257,Medium
BLW-LOC-0312,Axle Bearing Assembly,Locomotive,Critical,0,4015,2024-11-19,2026-01-01,559,11.9,5084.0,51.6,3.87,0.507,4,94,2025-09-29,125430.0,79.8,2148,Low
BLW-LOC-0312,Axle Bearing Assembly,Locomotive,Critical,0,4015,2024-11-19,2026-01-16,574,11.9,5262.5,62.9,4.41,0.994,1,219,2025-06-11,54593.0,74.4,1983,High
BLW-LOC-0312,Axle Bearing Assembly,Locomotive,Critical,0,4015,2024-11-19,2026-01-31,589,11.9,5441.0,36.5,3.46,0.859,4,84,2025-11-08,33798.0,78.0,2291,Low
BLW-LOC-0312,Axle Bearing Assembly,Locomotive,Critical,0,4015,2024-11-19,2026-02-15,604,11.9,5619.5,84.7,2.63,1.041,6,246,2025-06-14,73947.0,63.5,1735,High
BLW-LOC-0312,Axle Bearing Assembly,Locomotive,Critical,0,4015,2024-11-19,2026-03-02,619,11.9,5798.0,46.7,5.86,0.91,2,356,2025-03-11,68334.0,71.6,1921,High
BLW-LOC-0312,Axle Bearing Assembly,Locomotive,Critical,0,4015,2024-11-19,2026-03-17,634,11.9,5976.5,90.6,3.84,0.908,6,5,2026-03-12,86332.0,67.1,1617,Medium
BLW-LOC-0312,Axle Bearing Assembly,Locomotive,Critical,0,4015,2024-11-19,2026-04-01,649,11.9,6155.0,82.1,4.13,0.893,3,39,2026-02-21,109795.0,71.7,1654,Low
BLW-LOC-0312,Axle Bearing Assembly,Locomotive,Critical,0,4015,2024-11-19,2026-04-16,664,11.9,6333.5,99.8,3.48,0.955,2,165,2025-11-02,101289.0,65.5,1508,Medium
BLW-LOC-0312,Axle Bearing Assembly,Locomotive,Critical,0,4015,2024-11-19,2026-05-01,679,11.9,6512.0,71.7,3.63,0.81,5,7,2026-04-24,26823.0,78.8,1942,Low
BLW-LOC-0312,Axle Bearing Assembly,Locomotive,Critical,0,4015,2024-11-19,2026-05-16,694,11.9,6690.5,112.9,4.44,0.605,7,75,2026-03-02,77420.0,55.2,1235,Medium
BLW-LOC-0313,Alternator,Locomotive,Critical,110,4380,2020-08-20,2026-01-01,2111,17.1,32567.0,81.5,2.57,1.107,4,266,2025-04-10,109731.0,58.3,1504,High
BLW-LOC-0313,Alternator,Locomotive,Critical,110,4380,2020-08-20,2026-01-16,2126,17.1,32823.5,76.9,3.84,0.959,7,64,2025-11-13,96972.0,54.5,1391,Medium
BLW-LOC-0313,Alternator,Locomotive,Critical,110,4380,2020-08-20,2026-01-31,2141,17.1,33080.0,68.8,3.59,1.008,1,18,2026-01-13,36700.0,71.1,1596,Low
BLW-LOC-0313,Alternator,Locomotive,Critical,110,4380,2020-08-20,2026-02-15,2156,17.1,33336.5,90.1,3.19,0.972,3,215,2025-07-15,105985.0,57.9,1373,High
BLW-LOC-0313,Alternator,Locomotive,Critical,110,4380,2020-08-20,2026-03-02,2171,17.1,33593.0,93.2,2.81,0.857,2,307,2025-04-29,59746.0,53.3,1392,High
BLW-LOC-0313,Alternator,Locomotive,Critical,110,4380,2020-08-20,2026-03-17,2186,17.1,33849.5,118.9,3.38,0.945,5,107,2025-11-30,143095.0,42.1,1001,High
BLW-LOC-0313,Alternator,Locomotive,Critical,110,4380,2020-08-20,2026-04-01,2201,17.1,34106.0,99.9,3.17,0.579,0,189,2025-09-24,122998.0,56.3,1304,High
BLW-LOC-0313,Alternator,Locomotive,Critical,110,4380,2020-08-20,2026-04-16,2216,17.1,34362.5,94.5,6.26,0.839,0,154,2025-11-13,135015.0,48.9,1007,High
BLW-LOC-0313,Alternator,Locomotive,Critical,110,4380,2020-08-20,2026-05-01,2231,17.1,34619.0,87.4,4.48,0.825,8,63,2026-02-27,106401.0,47.7,1283,High
BLW-LOC-0313,Alternator,Locomotive,Critical,110,4380,2020-08-20,2026-05-16,2246,17.1,34875.5,85.8,2.87,0.837,7,211,2025-10-17,64506.0,46.0,1461,High
BLW-LOC-0314,Cooling System,Locomotive,High,18,3285,2024-08-23,2026-01-01,647,13.6,7540.0,78.4,3.73,0.911,5,58,2025-11-04,139321.0,70.6,1447,Low
BLW-LOC-0314,Cooling System,Locomotive,High,18,3285,2024-08-23,2026-01-16,662,13.6,7744.0,79.5,1.86,0.785,7,219,2025-06-11,59103.0,66.8,1496,High
BLW-LOC-0314,Cooling System,Locomotive,High,18,3285,2024-08-23,2026-01-31,677,13.6,7948.0,92.5,2.81,0.886,8,304,2025-04-02,28585.0,55.1,1415,High
BLW-LOC-0314,Cooling System,Locomotive,High,18,3285,2024-08-23,2026-02-15,692,13.6,8152.0,93.9,4.48,0.612,6,195,2025-08-04,46329.0,57.8,1343,High
BLW-LOC-0314,Cooling System,Locomotive,High,18,3285,2024-08-23,2026-03-02,707,13.6,8356.0,74.0,3.98,0.763,6,324,2025-04-12,46071.0,58.9,1417,High
BLW-LOC-0314,Cooling System,Locomotive,High,18,3285,2024-08-23,2026-03-17,722,13.6,8560.0,73.9,3.32,0.76,1,44,2026-02-01,121861.0,79.5,1557,Low
BLW-LOC-0314,Cooling System,Locomotive,High,18,3285,2024-08-23,2026-04-01,737,13.6,8764.0,71.2,4.45,0.962,1,45,2026-02-15,99196.0,81.9,1587,Low
BLW-LOC-0314,Cooling System,Locomotive,High,18,3285,2024-08-23,2026-04-16,752,13.6,8968.0,87.2,3.11,0.92,6,53,2026-02-22,76979.0,67.2,1372,Medium
BLW-LOC-0314,Cooling System,Locomotive,High,18,3285,2024-08-23,2026-05-01,767,13.6,9172.0,96.2,2.22,0.861,8,51,2026-03-11,96861.0,63.1,1351,Medium
BLW-LOC-0314,Cooling System,Locomotive,High,18,3285,2024-08-23,2026-05-16,782,13.6,9376.0,82.1,3.78,0.795,8,297,2025-07-23,121851.0,58.1,1323,High
BLW-LOC-0315,Air Compressor,Locomotive,High,22,3650,2024-10-10,2026-01-01,599,11.9,5466.0,82.8,4.0,0.736,7,282,2025-03-25,60257.0,59.4,1508,High
BLW-LOC-0315,Air Compressor,Locomotive,High,22,3650,2024-10-10,2026-01-16,614,11.9,5644.5,99.7,2.18,0.777,3,240,2025-05-21,142830.0,64.5,1472,High
BLW-LOC-0315,Air Compressor,Locomotive,High,22,3650,2024-10-10,2026-01-31,629,11.9,5823.0,103.5,4.25,0.877,5,237,2025-06-08,64876.0,54.1,1420,High
BLW-LOC-0315,Air Compressor,Locomotive,High,22,3650,2024-10-10,2026-02-15,644,11.9,6001.5,68.0,4.6,0.76,6,3,2026-02-12,141244.0,72.0,1761,Low
BLW-LOC-0315,Air Compressor,Locomotive,High,22,3650,2024-10-10,2026-03-02,659,11.9,6180.0,94.2,4.42,0.744,3,259,2025-06-16,46123.0,60.6,1471,High
BLW-LOC-0315,Air Compressor,Locomotive,High,22,3650,2024-10-10,2026-03-17,674,11.9,6358.5,69.3,5.4,0.587,4,157,2025-10-11,126580.0,68.2,1595,Medium
BLW-LOC-0315,Air Compressor,Locomotive,High,22,3650,2024-10-10,2026-04-01,689,11.9,6537.0,40.1,2.12,0.955,6,344,2025-04-22,40025.0,74.2,2132,High
BLW-LOC-0315,Air Compressor,Locomotive,High,22,3650,2024-10-10,2026-04-16,704,11.9,6715.5,106.8,4.37,0.923,6,16,2026-03-31,7252.0,57.9,1132,Medium
BLW-LOC-0315,Air Compressor,Locomotive,High,22,3650,2024-10-10,2026-05-01,719,11.9,6894.0,63.5,4.02,0.964,2,191,2025-10-22,126912.0,78.9,1742,High
BLW-LOC-0315,Air Compressor,Locomotive,High,22,3650,2024-10-10,2026-05-16,734,11.9,7072.5,99.3,5.73,1.008,8,307,2025-07-13,51033.0,46.5,1225,High
BLW-MFG-0316,Compressor Unit,Manufacturing,Medium,37,3650,2023-03-17,2026-01-01,1172,19.9,18018.0,77.9,2.93,0.871,6,98,2025-09-25,94359.0,64.5,1529,Medium
BLW-MFG-0316,Compressor Unit,Manufacturing,Medium,37,3650,2023-03-17,2026-01-16,1187,19.9,18316.5,55.5,2.78,0.924,6,26,2025-12-21,121193.0,72.9,1808,Low
BLW-MFG-0316,Compressor Unit,Manufacturing,Medium,37,3650,2023-03-17,2026-01-31,1202,19.9,18615.0,75.4,2.63,0.969,6,65,2025-11-27,141212.0,66.2,1706,Medium
BLW-MFG-0316,Compressor Unit,Manufacturing,Medium,37,3650,2023-03-17,2026-02-15,1217,19.9,18913.5,72.6,2.94,0.746,6,88,2025-11-19,63452.0,66.2,1575,Medium
BLW-MFG-0316,Compressor Unit,Manufacturing,Medium,37,3650,2023-03-17,2026-03-02,1232,19.9,19212.0,53.1,2.8,0.76,5,264,2025-06-11,27974.0,69.6,1851,High
BLW-MFG-0316,Compressor Unit,Manufacturing,Medium,37,3650,2023-03-17,2026-03-17,1247,19.9,19510.5,54.3,4.59,0.832,3,50,2026-01-26,107954.0,71.4,1679,Low
BLW-MFG-0316,Compressor Unit,Manufacturing,Medium,37,3650,2023-03-17,2026-04-01,1262,19.9,19809.0,64.4,3.03,0.81,2,258,2025-07-17,22164.0,70.6,1761,High
BLW-MFG-0316,Compressor Unit,Manufacturing,Medium,37,3650,2023-03-17,2026-04-16,1277,19.9,20107.5,67.2,1.86,0.91,6,321,2025-05-30,137916.0,63.0,1618,High
BLW-MFG-0316,Compressor Unit,Manufacturing,Medium,37,3650,2023-03-17,2026-05-01,1292,19.9,20406.0,85.7,2.12,0.628,8,81,2026-02-09,142562.0,61.1,1482,Medium
BLW-MFG-0316,Compressor Unit,Manufacturing,Medium,37,3650,2023-03-17,2026-05-16,1307,19.9,20704.5,69.6,2.97,0.888,3,47,2026-03-30,18523.0,72.8,1765,Low
BLW-LOC-0317,Wheel Assembly,Locomotive,Critical,0,5475,2020-01-24,2026-01-01,2320,14.8,30147.0,55.9,4.03,0.927,0,316,2025-02-19,107599.0,68.6,2215,High
BLW-LOC-0317,Wheel Assembly,Locomotive,Critical,0,5475,2020-01-24,2026-01-16,2335,14.8,30369.0,94.1,2.36,0.782,1,292,2025-03-30,60449.0,61.3,1971,High
BLW-LOC-0317,Wheel Assembly,Locomotive,Critical,0,5475,2020-01-24,2026-01-31,2350,14.8,30591.0,52.6,5.7,0.796,2,232,2025-06-13,96997.0,62.9,2130,High
BLW-LOC-0317,Wheel Assembly,Locomotive,Critical,0,5475,2020-01-24,2026-02-15,2365,14.8,30813.0,89.8,6.0,0.666,5,95,2025-11-12,39760.0,50.3,1594,Medium
BLW-LOC-0317,Wheel Assembly,Locomotive,Critical,0,5475,2020-01-24,2026-03-02,2380,14.8,31035.0,79.1,4.64,0.982,3,152,2025-10-01,33105.0,57.4,2073,Medium
BLW-LOC-0317,Wheel Assembly,Locomotive,Critical,0,5475,2020-01-24,2026-03-17,2395,14.8,31257.0,58.6,2.39,0.844,3,193,2025-09-05,116707.0,75.6,2459,High
BLW-LOC-0317,Wheel Assembly,Locomotive,Critical,0,5475,2020-01-24,2026-04-01,2410,14.8,31479.0,82.3,5.52,0.844,0,140,2025-11-12,17030.0,59.5,1748,Medium
BLW-LOC-0317,Wheel Assembly,Locomotive,Critical,0,5475,2020-01-24,2026-04-16,2425,14.8,31701.0,104.2,3.94,1.117,2,321,2025-05-30,8355.0,49.7,1542,High
BLW-LOC-0317,Wheel Assembly,Locomotive,Critical,0,5475,2020-01-24,2026-05-01,2440,14.8,31923.0,85.2,2.88,0.81,1,56,2026-03-06,71574.0,75.3,2154,Low
BLW-LOC-0317,Wheel Assembly,Locomotive,Critical,0,5475,2020-01-24,2026-05-16,2455,14.8,32145.0,98.1,3.2,1.083,1,54,2026-03-23,25566.0,64.2,1967,Medium
BLW-LOC-0318,Traction Motor,Locomotive,Critical,350,4380,2021-01-04,2026-01-01,1974,7.3,12224.0,105.5,1.73,0.717,5,106,2025-09-17,61666.0,55.8,1436,Medium
BLW-LOC-0318,Traction Motor,Locomotive,Critical,350,4380,2021-01-04,2026-01-16,1989,7.3,12333.5,83.7,2.87,1.104,7,11,2026-01-05,64993.0,65.4,1687,Medium
BLW-LOC-0318,Traction Motor,Locomotive,Critical,350,4380,2021-01-04,2026-01-31,2004,7.3,12443.0,108.9,5.39,0.806,7,320,2025-03-17,16065.0,33.3,1096,High
BLW-LOC-0318,Traction Motor,Locomotive,Critical,350,4380,2021-01-04,2026-02-15,2019,7.3,12552.5,70.7,3.9,0.876,6,192,2025-08-07,134008.0,61.5,1813,High
BLW-LOC-0318,Traction Motor,Locomotive,Critical,350,4380,2021-01-04,2026-03-02,2034,7.3,12662.0,63.0,4.19,0.817,7,82,2025-12-10,31072.0,65.1,1917,Medium
BLW-LOC-0318,Traction Motor,Locomotive,Critical,350,4380,2021-01-04,2026-03-17,2049,7.3,12771.5,63.6,3.41,0.861,0,91,2025-12-16,100652.0,78.5,2061,Low
BLW-LOC-0318,Traction Motor,Locomotive,Critical,350,4380,2021-01-04,2026-04-01,2064,7.3,12881.0,72.0,3.13,0.795,0,60,2026-01-31,146508.0,79.3,1843,Low
BLW-LOC-0318,Traction Motor,Locomotive,Critical,350,4380,2021-01-04,2026-04-16,2079,7.3,12990.5,90.5,6.22,0.876,5,247,2025-08-12,149263.0,48.4,1397,High
BLW-LOC-0318,Traction Motor,Locomotive,Critical,350,4380,2021-01-04,2026-05-01,2094,7.3,13100.0,99.8,3.88,0.967,8,2,2026-04-29,27966.0,49.6,1312,High
BLW-LOC-0318,Traction Motor,Locomotive,Critical,350,4380,2021-01-04,2026-05-16,2109,7.3,13209.5,76.1,6.64,0.797,4,62,2026-03-15,32963.0,57.0,1372,Medium
BLW-MFG-0319,CNC Wheel Lathe,Manufacturing,High,45,3650,2023-01-02,2026-01-01,1246,6.3,6700.0,71.7,2.93,0.929,2,110,2025-09-13,130697.0,77.8,1583,Low
BLW-MFG-0319,CNC Wheel Lathe,Manufacturing,High,45,3650,2023-01-02,2026-01-16,1261,6.3,6794.5,56.1,4.08,0.805,1,111,2025-09-27,9277.0,81.5,1728,Low
BLW-MFG-0319,CNC Wheel Lathe,Manufacturing,High,45,3650,2023-01-02,2026-01-31,1276,6.3,6889.0,55.0,2.63,0.733,2,112,2025-10-11,17099.0,81.4,1866,Low
BLW-MFG-0319,CNC Wheel Lathe,Manufacturing,High,45,3650,2023-01-02,2026-02-15,1291,6.3,6983.5,73.5,1.52,0.833,2,137,2025-10-01,44682.0,77.2,1698,Medium
BLW-MFG-0319,CNC Wheel Lathe,Manufacturing,High,45,3650,2023-01-02,2026-03-02,1306,6.3,7078.0,69.8,2.5,0.978,3,47,2026-01-14,55540.0,80.5,1849,Low
BLW-MFG-0319,CNC Wheel Lathe,Manufacturing,High,45,3650,2023-01-02,2026-03-17,1321,6.3,7172.5,63.1,2.18,0.853,8,333,2025-04-18,47677.0,65.2,1745,High
BLW-MFG-0319,CNC Wheel Lathe,Manufacturing,High,45,3650,2023-01-02,2026-04-01,1336,6.3,7267.0,55.7,3.06,0.81,7,223,2025-08-21,79335.0,69.9,1830,High
BLW-MFG-0319,CNC Wheel Lathe,Manufacturing,High,45,3650,2023-01-02,2026-04-16,1351,6.3,7361.5,83.8,2.02,0.895,6,98,2026-01-08,41264.0,66.7,1512,Medium
BLW-MFG-0319,CNC Wheel Lathe,Manufacturing,High,45,3650,2023-01-02,2026-05-01,1366,6.3,7456.0,66.3,4.16,0.823,3,351,2025-05-15,127675.0,69.1,1697,High
BLW-MFG-0319,CNC Wheel Lathe,Manufacturing,High,45,3650,2023-01-02,2026-05-16,1381,6.3,7550.5,67.5,4.29,0.91,4,201,2025-10-27,19920.0,66.8,1770,High
BLW-LOC-0320,Air Compressor,Locomotive,High,22,3650,2020-12-05,2026-01-01,2004,17.1,33793.0,81.9,3.52,0.747,7,221,2025-05-25,133014.0,47.2,1157,High
BLW-LOC-0320,Air Compressor,Locomotive,High,22,3650,2020-12-05,2026-01-16,2019,17.1,34049.5,88.2,2.94,0.955,6,305,2025-03-17,113326.0,45.4,1078,High
BLW-LOC-0320,Air Compressor,Locomotive,High,22,3650,2020-12-05,2026-01-31,2034,17.1,34306.0,58.3,4.3,0.671,5,318,2025-03-19,20596.0,52.9,1285,High
BLW-LOC-0320,Air Compressor,Locomotive,High,22,3650,2020-12-05,2026-02-15,2049,17.1,34562.5,98.7,3.18,0.998,6,219,2025-07-11,33960.0,40.8,1035,High
BLW-LOC-0320,Air Compressor,Locomotive,High,22,3650,2020-12-05,2026-03-02,2064,17.1,34819.0,112.1,2.42,0.905,5,191,2025-08-23,135195.0,46.0,916,High
BLW-LOC-0320,Air Compressor,Locomotive,High,22,3650,2020-12-05,2026-03-17,2079,17.1,35075.5,82.9,4.7,0.88,1,230,2025-07-30,29251.0,49.4,1136,High
BLW-LOC-0320,Air Compressor,Locomotive,High,22,3650,2020-12-05,2026-04-01,2094,17.1,35332.0,52.8,3.3,1.025,0,261,2025-07-14,41694.0,65.8,1385,High
BLW-LOC-0320,Air Compressor,Locomotive,High,22,3650,2020-12-05,2026-04-16,2109,17.1,35588.5,96.8,2.83,0.738,6,150,2025-11-17,92563.0,45.7,1024,High
BLW-LOC-0320,Air Compressor,Locomotive,High,22,3650,2020-12-05,2026-05-01,2124,17.1,35845.0,65.7,4.66,0.946,8,180,2025-11-02,62754.0,47.2,1183,High
BLW-LOC-0320,Air Compressor,Locomotive,High,22,3650,2020-12-05,2026-05-16,2139,17.1,36101.5,92.3,5.38,0.861,1,92,2026-02-13,122311.0,51.0,948,Medium
BLW-LOC-0321,Wheel Assembly,Locomotive,Critical,0,5475,2024-06-07,2026-01-01,724,8.6,4817.0,91.2,3.55,0.741,3,336,2025-01-30,58891.0,63.7,2407,High
BLW-LOC-0321,Wheel Assembly,Locomotive,Critical,0,5475,2024-06-07,2026-01-16,739,8.6,4946.0,106.1,2.97,0.952,2,160,2025-08-09,22734.0,66.4,2219,Medium
BLW-LOC-0321,Wheel Assembly,Locomotive,Critical,0,5475,2024-06-07,2026-01-31,754,8.6,5075.0,102.3,4.52,0.711,5,352,2025-02-13,6581.0,52.1,2167,High
BLW-LOC-0321,Wheel Assembly,Locomotive,Critical,0,5475,2024-06-07,2026-02-15,769,8.6,5204.0,82.5,2.27,0.767,5,109,2025-10-29,72480.0,75.5,2772,Low
BLW-LOC-0321,Wheel Assembly,Locomotive,Critical,0,5475,2024-06-07,2026-03-02,784,8.6,5333.0,81.5,6.67,0.969,5,119,2025-11-03,86438.0,61.0,2029,Medium
BLW-LOC-0321,Wheel Assembly,Locomotive,Critical,0,5475,2024-06-07,2026-03-17,799,8.6,5462.0,67.4,4.15,0.816,6,145,2025-10-23,92261.0,74.5,2838,Medium
BLW-LOC-0321,Wheel Assembly,Locomotive,Critical,0,5475,2024-06-07,2026-04-01,814,8.6,5591.0,92.3,2.39,0.799,8,111,2025-12-11,19923.0,66.6,2358,Medium
BLW-LOC-0321,Wheel Assembly,Locomotive,Critical,0,5475,2024-06-07,2026-04-16,829,8.6,5720.0,100.4,4.42,0.891,4,311,2025-06-09,142209.0,55.9,2085,High
BLW-LOC-0321,Wheel Assembly,Locomotive,Critical,0,5475,2024-06-07,2026-05-01,844,8.6,5849.0,87.2,5.14,0.784,1,293,2025-07-12,134436.0,65.6,2268,High
BLW-LOC-0321,Wheel Assembly,Locomotive,Critical,0,5475,2024-06-07,2026-05-16,859,8.6,5978.0,95.1,2.86,0.737,6,349,2025-06-01,114649.0,60.2,2170,High
BLW-LOC-0322,Alternator,Locomotive,Critical,110,4380,2024-07-23,2026-01-01,678,10.5,5404.0,97.3,3.31,0.664,7,255,2025-04-21,11785.0,56.1,1796,High
BLW-LOC-0322,Alternator,Locomotive,Critical,110,4380,2024-07-23,2026-01-16,693,10.5,5561.5,70.8,3.57,0.944,4,215,2025-06-15,22293.0,72.9,2017,High
BLW-LOC-0322,Alternator,Locomotive,Critical,110,4380,2024-07-23,2026-01-31,708,10.5,5719.0,75.1,5.3,1.062,7,87,2025-11-05,92207.0,61.4,1959,Medium
BLW-LOC-0322,Alternator,Locomotive,Critical,110,4380,2024-07-23,2026-02-15,723,10.5,5876.5,84.2,4.76,0.799,6,121,2025-10-17,88580.0,60.6,1855,Medium
BLW-LOC-0322,Alternator,Locomotive,Critical,110,4380,2024-07-23,2026-03-02,738,10.5,6034.0,67.1,2.03,0.712,4,9,2026-02-21,98332.0,85.9,2333,Low
BLW-LOC-0322,Alternator,Locomotive,Critical,110,4380,2024-07-23,2026-03-17,753,10.5,6191.5,93.7,4.55,0.824,0,236,2025-07-24,46233.0,67.6,1716,High
BLW-LOC-0322,Alternator,Locomotive,Critical,110,4380,2024-07-23,2026-04-01,768,10.5,6349.0,79.6,2.64,0.927,6,18,2026-03-14,134895.0,75.9,1987,Low
BLW-LOC-0322,Alternator,Locomotive,Critical,110,4380,2024-07-23,2026-04-16,783,10.5,6506.5,102.8,3.99,0.914,8,20,2026-03-27,53922.0,54.8,1467,Medium
BLW-LOC-0322,Alternator,Locomotive,Critical,110,4380,2024-07-23,2026-05-01,798,10.5,6664.0,86.6,4.85,0.809,0,35,2026-03-27,73135.0,77.7,1892,Low
BLW-LOC-0322,Alternator,Locomotive,Critical,110,4380,2024-07-23,2026-05-16,813,10.5,6821.5,71.6,3.99,1.192,6,154,2025-12-13,44828.0,67.8,2098,Medium
BLW-LOC-0323,Cooling System,Locomotive,High,18,3285,2022-03-30,2026-01-01,1524,7.1,10089.0,73.2,4.35,1.002,7,313,2025-02-22,11826.0,52.7,1341,High
BLW-LOC-0323,Cooling System,Locomotive,High,18,3285,2022-03-30,2026-01-16,1539,7.1,10195.5,112.1,3.63,0.949,4,356,2025-01-25,147675.0,44.0,976,High
BLW-LOC-0323,Cooling System,Locomotive,High,18,3285,2022-03-30,2026-01-31,1554,7.1,10302.0,76.9,4.56,1.005,7,328,2025-03-09,145237.0,50.6,1314,High
BLW-LOC-0323,Cooling System,Locomotive,High,18,3285,2022-03-30,2026-02-15,1569,7.1,10408.5,103.4,4.67,0.803,1,191,2025-08-08,140967.0,53.5,966,High
BLW-LOC-0323,Cooling System,Locomotive,High,18,3285,2022-03-30,2026-03-02,1584,7.1,10515.0,95.4,2.25,0.951,1,14,2026-02-16,37482.0,68.2,1306,Medium
BLW-LOC-0323,Cooling System,Locomotive,High,18,3285,2022-03-30,2026-03-17,1599,7.1,10621.5,82.3,5.35,1.012,0,71,2026-01-05,20245.0,68.1,1251,Medium
BLW-LOC-0323,Cooling System,Locomotive,High,18,3285,2022-03-30,2026-04-01,1614,7.1,10728.0,85.0,2.41,0.754,5,352,2025-04-14,110017.0,53.7,1241,High
BLW-LOC-0323,Cooling System,Locomotive,High,18,3285,2022-03-30,2026-04-16,1629,7.1,10834.5,84.6,3.18,0.863,3,87,2026-01-19,17762.0,66.4,1256,Medium
BLW-LOC-0323,Cooling System,Locomotive,High,18,3285,2022-03-30,2026-05-01,1644,7.1,10941.0,67.6,3.84,0.782,5,275,2025-07-30,148487.0,61.3,1467,High
BLW-LOC-0323,Cooling System,Locomotive,High,18,3285,2022-03-30,2026-05-16,1659,7.1,11047.5,81.1,6.08,1.067,0,132,2026-01-04,133081.0,61.7,1063,Medium
BLW-MFG-0324,CNC Milling Machine,Manufacturing,High,30,3650,2020-08-14,2026-01-01,2117,6.7,11224.0,64.4,3.84,0.771,4,168,2025-07-17,104749.0,66.8,1587,Medium
BLW-MFG-0324,CNC Milling Machine,Manufacturing,High,30,3650,2020-08-14,2026-01-16,2132,6.7,11324.5,56.5,2.24,0.896,6,138,2025-08-31,106306.0,69.4,1596,Medium
BLW-MFG-0324,CNC Milling Machine,Manufacturing,High,30,3650,2020-08-14,2026-01-31,2147,6.7,11425.0,62.4,2.84,0.674,2,298,2025-04-08,71801.0,70.3,1575,High
BLW-MFG-0324,CNC Milling Machine,Manufacturing,High,30,3650,2020-08-14,2026-02-15,2162,6.7,11525.5,34.0,2.93,0.761,2,163,2025-09-05,129975.0,76.2,1584,Medium
BLW-MFG-0324,CNC Milling Machine,Manufacturing,High,30,3650,2020-08-14,2026-03-02,2177,6.7,11626.0,55.0,3.46,0.774,6,326,2025-04-10,69783.0,59.2,1596,High
BLW-MFG-0324,CNC Milling Machine,Manufacturing,High,30,3650,2020-08-14,2026-03-17,2192,6.7,11726.5,56.5,1.74,1.018,1,267,2025-06-23,81500.0,76.2,1691,High
BLW-MFG-0324,CNC Milling Machine,Manufacturing,High,30,3650,2020-08-14,2026-04-01,2207,6.7,11827.0,69.8,3.56,0.947,7,338,2025-04-28,76065.0,52.8,1463,High
BLW-MFG-0324,CNC Milling Machine,Manufacturing,High,30,3650,2020-08-14,2026-04-16,2222,6.7,11927.5,64.5,2.98,0.871,4,164,2025-11-03,117033.0,68.1,1621,Medium
BLW-MFG-0324,CNC Milling Machine,Manufacturing,High,30,3650,2020-08-14,2026-05-01,2237,6.7,12028.0,77.2,1.84,0.724,7,115,2026-01-06,18311.0,61.3,1617,Medium
BLW-MFG-0324,CNC Milling Machine,Manufacturing,High,30,3650,2020-08-14,2026-05-16,2252,6.7,12128.5,62.0,3.06,0.811,4,364,2025-05-17,17005.0,62.5,1597,High
BLW-MFG-0325,Material Handling Crane,Manufacturing,Critical,75,7300,2023-09-12,2026-01-01,993,15.1,14346.0,81.8,3.21,0.74,1,38,2025-11-24,145906.0,83.7,3386,Low
BLW-MFG-0325,Material Handling Crane,Manufacturing,Critical,75,7300,2023-09-12,2026-01-16,1008,15.1,14572.5,58.9,4.12,0.778,0,108,2025-09-30,6904.0,88.0,3557,Low
BLW-MFG-0325,Material Handling Crane,Manufacturing,Critical,75,7300,2023-09-12,2026-01-31,1023,15.1,14799.0,83.8,3.08,0.959,3,239,2025-06-06,123684.0,72.9,3128,High
BLW-MFG-0325,Material Handling Crane,Manufacturing,Critical,75,7300,2023-09-12,2026-02-15,1038,15.1,15025.5,82.7,1.68,0.73,3,249,2025-06-11,20158.0,72.2,3606,High
BLW-MFG-0325,Material Handling Crane,Manufacturing,Critical,75,7300,2023-09-12,2026-03-02,1053,15.1,15252.0,68.6,2.85,0.855,3,302,2025-05-04,115432.0,75.9,3809,High
BLW-MFG-0325,Material Handling Crane,Manufacturing,Critical,75,7300,2023-09-12,2026-03-17,1068,15.1,15478.5,82.1,4.69,0.843,8,160,2025-10-08,115271.0,58.3,3093,Medium
BLW-MFG-0325,Material Handling Crane,Manufacturing,Critical,75,7300,2023-09-12,2026-04-01,1083,15.1,15705.0,56.1,2.49,0.95,4,362,2025-04-04,70833.0,76.0,3680,High
BLW-MFG-0325,Material Handling Crane,Manufacturing,Critical,75,7300,2023-09-12,2026-04-16,1098,15.1,15931.5,52.7,3.19,0.969,2,258,2025-08-01,20321.0,82.2,3858,High
BLW-MFG-0325,Material Handling Crane,Manufacturing,Critical,75,7300,2023-09-12,2026-05-01,1113,15.1,16158.0,95.5,3.11,0.846,2,112,2026-01-09,137921.0,66.7,3003,Medium
BLW-MFG-0325,Material Handling Crane,Manufacturing,Critical,75,7300,2023-09-12,2026-05-16,1128,15.1,16384.5,82.4,4.66,0.782,6,231,2025-09-27,130840.0,61.4,3193,High
BLW-MFG-0326,Paint Booth Ventilation,Manufacturing,Low,15,2555,2024-05-16,2026-01-01,746,11.6,6236.0,65.1,0.75,0.845,6,84,2025-10-09,104509.0,77.1,1233,Low
BLW-MFG-0326,Paint Booth Ventilation,Manufacturing,Low,15,2555,2024-05-16,2026-01-16,761,11.6,6410.0,62.8,1.81,0.568,1,75,2025-11-02,71838.0,87.6,1337,Low
BLW-MFG-0326,Paint Booth Ventilation,Manufacturing,Low,15,2555,2024-05-16,2026-01-31,776,11.6,6584.0,85.8,3.67,0.795,1,56,2025-12-06,39882.0,72.3,1127,Low
BLW-MFG-0326,Paint Booth Ventilation,Manufacturing,Low,15,2555,2024-05-16,2026-02-15,791,11.6,6758.0,79.0,3.24,0.946,7,95,2025-11-12,43680.0,64.1,1075,Medium
BLW-MFG-0326,Paint Booth Ventilation,Manufacturing,Low,15,2555,2024-05-16,2026-03-02,806,11.6,6932.0,67.4,3.18,0.72,7,338,2025-03-29,81978.0,60.6,1240,High
BLW-MFG-0326,Paint Booth Ventilation,Manufacturing,Low,15,2555,2024-05-16,2026-03-17,821,11.6,7106.0,64.1,2.9,0.809,5,135,2025-11-02,22157.0,76.3,1340,Medium
BLW-MFG-0326,Paint Booth Ventilation,Manufacturing,Low,15,2555,2024-05-16,2026-04-01,836,11.6,7280.0,55.0,2.62,0.935,8,43,2026-02-17,56392.0,74.6,1284,Low
BLW-MFG-0326,Paint Booth Ventilation,Manufacturing,Low,15,2555,2024-05-16,2026-04-16,851,11.6,7454.0,56.9,2.54,0.803,3,77,2026-01-29,62555.0,82.4,1430,Low
BLW-MFG-0326,Paint Booth Ventilation,Manufacturing,Low,15,2555,2024-05-16,2026-05-01,866,11.6,7628.0,63.2,2.28,0.849,6,260,2025-08-14,53392.0,72.5,1200,High
BLW-MFG-0326,Paint Booth Ventilation,Manufacturing,Low,15,2555,2024-05-16,2026-05-16,881,11.6,7802.0,89.6,3.1,0.792,7,139,2025-12-28,58618.0,57.1,1104,Medium
BLW-MFG-0327,CNC Milling Machine,Manufacturing,High,30,3650,2023-08-21,2026-01-01,1015,11.4,11321.0,62.9,2.95,0.73,3,150,2025-08-04,32470.0,76.5,1738,Medium
BLW-MFG-0327,CNC Milling Machine,Manufacturing,High,30,3650,2023-08-21,2026-01-16,1030,11.4,11492.0,64.6,2.25,0.672,2,304,2025-03-18,45009.0,80.0,1702,High
BLW-MFG-0327,CNC Milling Machine,Manufacturing,High,30,3650,2023-08-21,2026-01-31,1045,11.4,11663.0,68.8,1.31,0.63,7,265,2025-05-11,67867.0,67.2,1776,High
BLW-MFG-0327,CNC Milling Machine,Manufacturing,High,30,3650,2023-08-21,2026-02-15,1060,11.4,11834.0,82.5,3.31,0.82,0,330,2025-03-22,41097.0,67.0,1689,High
BLW-MFG-0327,CNC Milling Machine,Manufacturing,High,30,3650,2023-08-21,2026-03-02,1075,11.4,12005.0,79.3,1.88,0.844,1,112,2025-11-10,21702.0,78.1,1671,Low
BLW-MFG-0327,CNC Milling Machine,Manufacturing,High,30,3650,2023-08-21,2026-03-17,1090,11.4,12176.0,78.3,3.8,0.826,0,294,2025-05-27,43596.0,69.3,1695,High
BLW-MFG-0327,CNC Milling Machine,Manufacturing,High,30,3650,2023-08-21,2026-04-01,1105,11.4,12347.0,81.0,3.17,0.687,1,272,2025-07-03,19650.0,69.8,1645,High
BLW-MFG-0327,CNC Milling Machine,Manufacturing,High,30,3650,2023-08-21,2026-04-16,1120,11.4,12518.0,37.5,3.38,0.813,3,317,2025-06-03,106429.0,71.9,1697,High
BLW-MFG-0327,CNC Milling Machine,Manufacturing,High,30,3650,2023-08-21,2026-05-01,1135,11.4,12689.0,69.6,4.45,0.815,6,200,2025-10-13,61968.0,64.5,1503,High
BLW-MFG-0327,CNC Milling Machine,Manufacturing,High,30,3650,2023-08-21,2026-05-16,1150,11.4,12860.0,81.3,3.25,0.9,3,354,2025-05-27,43899.0,63.1,1614,High
BLW-MFG-0328,Paint Booth Ventilation,Manufacturing,Low,15,2555,2020-12-16,2026-01-01,1993,17.0,27250.0,34.2,1.52,0.862,4,361,2025-01-05,91465.0,50.8,940,High
BLW-MFG-0328,Paint Booth Ventilation,Manufacturing,Low,15,2555,2020-12-16,2026-01-16,2008,17.0,27505.0,65.1,2.1,0.756,0,48,2025-11-29,31836.0,67.8,996,Medium
BLW-MFG-0328,Paint Booth Ventilation,Manufacturing,Low,15,2555,2020-12-16,2026-01-31,2023,17.0,27760.0,55.1,2.38,0.757,7,156,2025-08-28,128622.0,49.4,937,High
BLW-MFG-0328,Paint Booth Ventilation,Manufacturing,Low,15,2555,2020-12-16,2026-02-15,2038,17.0,28015.0,78.6,3.86,0.748,3,87,2025-11-20,50691.0,48.4,751,High
BLW-MFG-0328,Paint Booth Ventilation,Manufacturing,Low,15,2555,2020-12-16,2026-03-02,2053,17.0,28270.0,78.2,3.14,0.869,1,85,2025-12-07,32165.0,57.9,771,Medium
BLW-MFG-0328,Paint Booth Ventilation,Manufacturing,Low,15,2555,2020-12-16,2026-03-17,2068,17.0,28525.0,66.4,4.52,0.825,7,72,2026-01-04,144525.0,44.4,752,High
BLW-MFG-0328,Paint Booth Ventilation,Manufacturing,Low,15,2555,2020-12-16,2026-04-01,2083,17.0,28780.0,58.5,3.42,0.76,7,219,2025-08-25,53438.0,48.5,845,High
BLW-MFG-0328,Paint Booth Ventilation,Manufacturing,Low,15,2555,2020-12-16,2026-04-16,2098,17.0,29035.0,45.1,3.43,0.87,2,135,2025-12-02,132782.0,60.2,874,Medium
BLW-MFG-0328,Paint Booth Ventilation,Manufacturing,Low,15,2555,2020-12-16,2026-05-01,2113,17.0,29290.0,62.0,3.56,1.012,2,347,2025-05-19,115238.0,52.4,903,High
BLW-MFG-0328,Paint Booth Ventilation,Manufacturing,Low,15,2555,2020-12-16,2026-05-16,2128,17.0,29545.0,68.3,1.86,0.962,0,304,2025-07-16,56061.0,60.7,965,High
BLW-LOC-0329,Diesel Engine Auxiliary,Locomotive,High,85,3650,2023-04-09,2026-01-01,1149,6.0,6632.0,75.3,4.22,0.957,7,56,2025-11-06,11551.0,66.9,1611,Medium
BLW-LOC-0329,Diesel Engine Auxiliary,Locomotive,High,85,3650,2023-04-09,2026-01-16,1164,6.0,6722.0,79.8,1.98,0.874,0,290,2025-04-01,103607.0,75.8,1783,High
BLW-LOC-0329,Diesel Engine Auxiliary,Locomotive,High,85,3650,2023-04-09,2026-01-31,1179,6.0,6812.0,99.9,3.49,1.112,4,116,2025-10-07,81164.0,57.9,1388,Medium
BLW-LOC-0329,Diesel Engine Auxiliary,Locomotive,High,85,3650,2023-04-09,2026-02-15,1194,6.0,6902.0,68.4,1.36,0.841,2,75,2025-12-02,117412.0,80.2,1811,Low
BLW-LOC-0329,Diesel Engine Auxiliary,Locomotive,High,85,3650,2023-04-09,2026-03-02,1209,6.0,6992.0,81.7,5.04,0.689,1,155,2025-09-28,121564.0,68.9,1461,Medium
BLW-LOC-0329,Diesel Engine Auxiliary,Locomotive,High,85,3650,2023-04-09,2026-03-17,1224,6.0,7082.0,97.4,3.23,0.715,5,231,2025-07-29,76146.0,55.5,1307,High
BLW-LOC-0329,Diesel Engine Auxiliary,Locomotive,High,85,3650,2023-04-09,2026-04-01,1239,6.0,7172.0,90.0,5.57,0.812,5,279,2025-06-26,42314.0,52.9,1192,High
BLW-LOC-0329,Diesel Engine Auxiliary,Locomotive,High,85,3650,2023-04-09,2026-04-16,1254,6.0,7262.0,86.3,4.65,0.711,7,129,2025-12-08,57822.0,56.5,1435,Medium
BLW-LOC-0329,Diesel Engine Auxiliary,Locomotive,High,85,3650,2023-04-09,2026-05-01,1269,6.0,7352.0,40.4,5.5,0.932,0,180,2025-11-02,48664.0,77.0,1620,Medium
BLW-LOC-0329,Diesel Engine Auxiliary,Locomotive,High,85,3650,2023-04-09,2026-05-16,1284,6.0,7442.0,59.4,4.59,0.885,5,265,2025-08-24,117306.0,67.3,1776,High
BLW-LOC-0330,Diesel Engine Auxiliary,Locomotive,High,85,3650,2020-08-18,2026-01-01,2113,9.8,17721.0,89.4,5.81,0.868,0,75,2025-10-18,146902.0,56.0,1043,Medium
BLW-LOC-0330,Diesel Engine Auxiliary,Locomotive,High,85,3650,2020-08-18,2026-01-16,2128,9.8,17868.0,85.0,4.77,0.679,3,337,2025-02-13,149143.0,49.3,1249,High
BLW-LOC-0330,Diesel Engine Auxiliary,Locomotive,High,85,3650,2020-08-18,2026-01-31,2143,9.8,18015.0,76.0,4.72,0.919,5,254,2025-05-22,9481.0,53.2,1188,High
BLW-LOC-0330,Diesel Engine Auxiliary,Locomotive,High,85,3650,2020-08-18,2026-02-15,2158,9.8,18162.0,68.3,3.67,0.681,6,184,2025-08-15,34915.0,57.7,1412,High
BLW-LOC-0330,Diesel Engine Auxiliary,Locomotive,High,85,3650,2020-08-18,2026-03-02,2173,9.8,18309.0,108.0,4.18,0.945,1,99,2025-11-23,138494.0,53.8,930,Medium
BLW-LOC-0330,Diesel Engine Auxiliary,Locomotive,High,85,3650,2020-08-18,2026-03-17,2188,9.8,18456.0,79.5,6.66,0.866,6,327,2025-04-24,20650.0,42.4,1090,High
BLW-LOC-0330,Diesel Engine Auxiliary,Locomotive,High,85,3650,2020-08-18,2026-04-01,2203,9.8,18603.0,60.6,4.17,0.898,4,320,2025-05-16,103426.0,60.0,1398,High
BLW-LOC-0330,Diesel Engine Auxiliary,Locomotive,High,85,3650,2020-08-18,2026-04-16,2218,9.8,18750.0,66.8,3.28,0.873,7,269,2025-07-21,30368.0,57.5,1562,High
BLW-LOC-0330,Diesel Engine Auxiliary,Locomotive,High,85,3650,2020-08-18,2026-05-01,2233,9.8,18897.0,105.3,4.93,0.769,5,169,2025-11-13,61699.0,41.1,922,High
BLW-LOC-0330,Diesel Engine Auxiliary,Locomotive,High,85,3650,2020-08-18,2026-05-16,2248,9.8,19044.0,75.7,4.64,0.981,6,141,2025-12-26,49852.0,54.2,1303,Medium
BLW-MFG-0331,CNC Milling Machine,Manufacturing,High,30,3650,2023-04-01,2026-01-01,1157,13.3,12356.0,54.1,3.64,0.75,1,221,2025-05-25,120323.0,75.2,1786,High
BLW-MFG-0331,CNC Milling Machine,Manufacturing,High,30,3650,2023-04-01,2026-01-16,1172,13.3,12555.5,80.4,3.29,0.827,5,147,2025-08-22,20978.0,64.8,1529,Medium
BLW-MFG-0331,CNC Milling Machine,Manufacturing,High,30,3650,2023-04-01,2026-01-31,1187,13.3,12755.0,53.1,1.78,0.822,0,255,2025-05-21,139449.0,82.5,1879,High
BLW-MFG-0331,CNC Milling Machine,Manufacturing,High,30,3650,2023-04-01,2026-02-15,1202,13.3,12954.5,75.5,2.76,0.891,2,238,2025-06-22,103734.0,70.5,1787,High
BLW-MFG-0331,CNC Milling Machine,Manufacturing,High,30,3650,2023-04-01,2026-03-02,1217,13.3,13154.0,69.2,5.11,0.875,8,148,2025-10-05,95450.0,57.6,1402,Medium
BLW-MFG-0331,CNC Milling Machine,Manufacturing,High,30,3650,2023-04-01,2026-03-17,1232,13.3,13353.5,51.7,2.16,0.757,2,155,2025-10-13,75590.0,81.6,1800,Medium
BLW-MFG-0331,CNC Milling Machine,Manufacturing,High,30,3650,2023-04-01,2026-04-01,1247,13.3,13553.0,72.0,4.25,0.841,1,150,2025-11-02,7261.0,75.0,1473,Medium
BLW-MFG-0331,CNC Milling Machine,Manufacturing,High,30,3650,2023-04-01,2026-04-16,1262,13.3,13752.5,68.8,2.66,0.949,0,111,2025-12-26,46038.0,77.5,1608,Low
BLW-MFG-0331,CNC Milling Machine,Manufacturing,High,30,3650,2023-04-01,2026-05-01,1277,13.3,13952.0,70.1,4.6,0.883,1,27,2026-04-04,75813.0,73.0,1464,Low
BLW-MFG-0331,CNC Milling Machine,Manufacturing,High,30,3650,2023-04-01,2026-05-16,1292,13.3,14151.5,92.3,2.69,0.771,0,220,2025-10-08,56077.0,70.5,1558,High
BLW-MFG-0332,CNC Wheel Lathe,Manufacturing,High,45,3650,2020-04-12,2026-01-01,2241,9.5,17139.0,80.3,1.94,0.667,4,257,2025-04-19,101472.0,59.6,1423,High
BLW-MFG-0332,CNC Wheel Lathe,Manufacturing,High,45,3650,2020-04-12,2026-01-16,2256,9.5,17281.5,70.2,4.18,0.652,8,79,2025-10-29,143284.0,55.9,1229,Medium
BLW-MFG-0332,CNC Wheel Lathe,Manufacturing,High,45,3650,2020-04-12,2026-01-31,2271,9.5,17424.0,76.9,2.47,0.749,4,73,2025-11-19,149408.0,63.5,1297,Medium
BLW-MFG-0332,CNC Wheel Lathe,Manufacturing,High,45,3650,2020-04-12,2026-02-15,2286,9.5,17566.5,67.9,2.25,0.914,3,221,2025-07-09,89858.0,67.4,1647,High
BLW-MFG-0332,CNC Wheel Lathe,Manufacturing,High,45,3650,2020-04-12,2026-03-02,2301,9.5,17709.0,72.6,3.47,0.98,1,148,2025-10-05,36734.0,65.5,1286,Medium
BLW-MFG-0332,CNC Wheel Lathe,Manufacturing,High,45,3650,2020-04-12,2026-03-17,2316,9.5,17851.5,71.4,1.77,1.09,7,181,2025-09-17,41066.0,61.8,1627,High
BLW-MFG-0332,CNC Wheel Lathe,Manufacturing,High,45,3650,2020-04-12,2026-04-01,2331,9.5,17994.0,70.5,3.6,0.804,6,216,2025-08-28,62871.0,57.4,1277,High
BLW-MFG-0332,CNC Wheel Lathe,Manufacturing,High,45,3650,2020-04-12,2026-04-16,2346,9.5,18136.5,40.1,2.44,0.709,1,133,2025-12-04,138428.0,77.3,1749,Medium
BLW-MFG-0332,CNC Wheel Lathe,Manufacturing,High,45,3650,2020-04-12,2026-05-01,2361,9.5,18279.0,54.6,4.36,0.955,4,88,2026-02-02,86767.0,62.8,1399,Medium
BLW-MFG-0332,CNC Wheel Lathe,Manufacturing,High,45,3650,2020-04-12,2026-05-16,2376,9.5,18421.5,65.2,3.92,0.742,5,296,2025-07-24,25181.0,56.6,1350,High
BLW-MFG-0333,Paint Booth Ventilation,Manufacturing,Low,15,2555,2021-05-27,2026-01-01,1831,7.9,12531.0,70.7,2.6,0.766,4,156,2025-07-29,17412.0,61.6,1114,Medium
BLW-MFG-0333,Paint Booth Ventilation,Manufacturing,Low,15,2555,2021-05-27,2026-01-16,1846,7.9,12649.5,60.8,1.91,0.883,7,279,2025-04-12,31589.0,58.7,1015,High
BLW-MFG-0333,Paint Booth Ventilation,Manufacturing,Low,15,2555,2021-05-27,2026-01-31,1861,7.9,12768.0,93.4,2.58,0.792,6,49,2025-12-13,25098.0,52.5,920,Medium
BLW-MFG-0333,Paint Booth Ventilation,Manufacturing,Low,15,2555,2021-05-27,2026-02-15,1876,7.9,12886.5,47.2,3.2,1.044,7,355,2025-02-25,50423.0,53.7,973,High
BLW-MFG-0333,Paint Booth Ventilation,Manufacturing,Low,15,2555,2021-05-27,2026-03-02,1891,7.9,13005.0,60.8,3.19,0.973,5,239,2025-07-06,56358.0,59.5,1086,High
BLW-MFG-0333,Paint Booth Ventilation,Manufacturing,Low,15,2555,2021-05-27,2026-03-17,1906,7.9,13123.5,51.8,1.75,0.797,7,215,2025-08-14,144410.0,63.1,1102,High
BLW-MFG-0333,Paint Booth Ventilation,Manufacturing,Low,15,2555,2021-05-27,2026-04-01,1921,7.9,13242.0,73.3,3.35,0.961,7,14,2026-03-18,137321.0,56.3,971,Medium
BLW-MFG-0333,Paint Booth Ventilation,Manufacturing,Low,15,2555,2021-05-27,2026-04-16,1936,7.9,13360.5,60.6,4.93,0.775,0,215,2025-09-13,17822.0,63.2,1010,High
BLW-MFG-0333,Paint Booth Ventilation,Manufacturing,Low,15,2555,2021-05-27,2026-05-01,1951,7.9,13479.0,72.4,3.49,0.883,2,314,2025-06-21,136493.0,56.1,1043,High
BLW-MFG-0333,Paint Booth Ventilation,Manufacturing,Low,15,2555,2021-05-27,2026-05-16,1966,7.9,13597.5,82.9,4.47,0.812,3,297,2025-07-23,79270.0,49.9,846,High
BLW-MFG-0334,Hydraulic Press,Manufacturing,High,55,5475,2023-06-25,2026-01-01,1072,13.6,12679.0,78.5,3.84,0.839,4,27,2025-12-05,114524.0,70.0,2639,Low
BLW-MFG-0334,Hydraulic Press,Manufacturing,High,55,5475,2023-06-25,2026-01-16,1087,13.6,12883.0,72.5,2.3,0.866,6,64,2025-11-13,63427.0,72.4,2817,Low
BLW-MFG-0334,Hydraulic Press,Manufacturing,High,55,5475,2023-06-25,2026-01-31,1102,13.6,13087.0,48.9,2.7,0.854,0,236,2025-06-09,122085.0,86.1,2917,High
BLW-MFG-0334,Hydraulic Press,Manufacturing,High,55,5475,2023-06-25,2026-02-15,1117,13.6,13291.0,75.0,2.92,0.832,8,235,2025-06-25,126684.0,63.6,2513,High
BLW-MFG-0334,Hydraulic Press,Manufacturing,High,55,5475,2023-06-25,2026-03-02,1132,13.6,13495.0,48.0,2.31,0.864,1,28,2026-02-02,44175.0,89.3,2913,Low
BLW-MFG-0334,Hydraulic Press,Manufacturing,High,55,5475,2023-06-25,2026-03-17,1147,13.6,13699.0,65.1,2.27,0.796,1,170,2025-09-28,91179.0,83.4,2860,Medium
BLW-MFG-0334,Hydraulic Press,Manufacturing,High,55,5475,2023-06-25,2026-04-01,1162,13.6,13903.0,74.5,2.94,0.747,4,289,2025-06-16,74813.0,67.2,2930,High
BLW-MFG-0334,Hydraulic Press,Manufacturing,High,55,5475,2023-06-25,2026-04-16,1177,13.6,14107.0,57.0,2.68,0.907,5,31,2026-03-16,22609.0,81.8,2915,Low
BLW-MFG-0334,Hydraulic Press,Manufacturing,High,55,5475,2023-06-25,2026-05-01,1192,13.6,14311.0,66.1,3.41,0.866,8,27,2026-04-04,106728.0,70.9,2652,Low
BLW-MFG-0334,Hydraulic Press,Manufacturing,High,55,5475,2023-06-25,2026-05-16,1207,13.6,14515.0,84.9,3.23,0.863,8,73,2026-03-04,86497.0,64.7,2457,Medium
BLW-LOC-0335,Diesel Engine Auxiliary,Locomotive,High,85,3650,2020-10-06,2026-01-01,2064,9.1,16955.0,101.8,1.39,0.959,2,154,2025-07-31,96095.0,59.2,1168,Medium
BLW-LOC-0335,Diesel Engine Auxiliary,Locomotive,High,85,3650,2020-10-06,2026-01-16,2079,9.1,17091.5,82.6,4.81,0.756,0,248,2025-05-13,95431.0,59.2,1272,High
BLW-LOC-0335,Diesel Engine Auxiliary,Locomotive,High,85,3650,2020-10-06,2026-01-31,2094,9.1,17228.0,63.5,3.43,0.896,3,58,2025-12-04,14736.0,69.0,1438,Medium
BLW-LOC-0335,Diesel Engine Auxiliary,Locomotive,High,85,3650,2020-10-06,2026-02-15,2109,9.1,17364.5,78.4,4.61,0.942,2,309,2025-04-12,132585.0,54.2,1303,High
BLW-LOC-0335,Diesel Engine Auxiliary,Locomotive,High,85,3650,2020-10-06,2026-03-02,2124,9.1,17501.0,68.7,1.77,0.826,8,49,2026-01-12,40845.0,65.3,1570,Medium
BLW-LOC-0335,Diesel Engine Auxiliary,Locomotive,High,85,3650,2020-10-06,2026-03-17,2139,9.1,17637.5,82.0,3.25,0.828,1,242,2025-07-18,8575.0,62.0,1269,High
BLW-LOC-0335,Diesel Engine Auxiliary,Locomotive,High,85,3650,2020-10-06,2026-04-01,2154,9.1,17774.0,77.6,3.54,0.718,8,227,2025-08-17,61654.0,49.3,1332,High
BLW-LOC-0335,Diesel Engine Auxiliary,Locomotive,High,85,3650,2020-10-06,2026-04-16,2169,9.1,17910.5,83.7,3.48,0.776,1,153,2025-11-14,63661.0,65.3,1250,Medium
BLW-LOC-0335,Diesel Engine Auxiliary,Locomotive,High,85,3650,2020-10-06,2026-05-01,2184,9.1,18047.0,88.2,3.31,0.894,2,120,2026-01-01,127050.0,61.4,1175,Medium
BLW-LOC-0335,Diesel Engine Auxiliary,Locomotive,High,85,3650,2020-10-06,2026-05-16,2199,9.1,18183.5,85.1,5.38,1.106,8,133,2026-01-03,124145.0,44.4,1083,High
BLW-LOC-0336,Axle Bearing Assembly,Locomotive,Critical,0,4015,2024-10-25,2026-01-01,584,15.2,6542.0,111.2,4.86,0.776,2,325,2025-02-10,8140.0,52.9,1413,High
BLW-LOC-0336,Axle Bearing Assembly,Locomotive,Critical,0,4015,2024-10-25,2026-01-16,599,15.2,6770.0,63.6,4.86,0.895,2,336,2025-02-14,39899.0,72.9,1897,High
BLW-LOC-0336,Axle Bearing Assembly,Locomotive,Critical,0,4015,2024-10-25,2026-01-31,614,15.2,6998.0,70.2,5.35,0.83,8,358,2025-02-07,84269.0,56.0,1733,High
BLW-LOC-0336,Axle Bearing Assembly,Locomotive,Critical,0,4015,2024-10-25,2026-02-15,629,15.2,7226.0,83.3,2.41,0.797,7,245,2025-06-15,47055.0,64.2,1936,High
BLW-LOC-0336,Axle Bearing Assembly,Locomotive,Critical,0,4015,2024-10-25,2026-03-02,644,15.2,7454.0,67.9,1.59,0.634,1,301,2025-05-05,76480.0,79.5,2283,High
BLW-LOC-0336,Axle Bearing Assembly,Locomotive,Critical,0,4015,2024-10-25,2026-03-17,659,15.2,7682.0,82.2,4.35,0.939,4,200,2025-08-29,60944.0,66.5,1718,High
BLW-LOC-0336,Axle Bearing Assembly,Locomotive,Critical,0,4015,2024-10-25,2026-04-01,674,15.2,7910.0,98.5,3.98,1.048,1,237,2025-08-07,65450.0,66.3,1541,High
BLW-LOC-0336,Axle Bearing Assembly,Locomotive,Critical,0,4015,2024-10-25,2026-04-16,689,15.2,8138.0,76.1,2.98,1.031,6,75,2026-01-31,9056.0,72.2,1826,Low
BLW-LOC-0336,Axle Bearing Assembly,Locomotive,Critical,0,4015,2024-10-25,2026-05-01,704,15.2,8366.0,89.2,3.78,0.925,7,61,2026-03-01,86810.0,66.6,1738,Medium
BLW-LOC-0336,Axle Bearing Assembly,Locomotive,Critical,0,4015,2024-10-25,2026-05-16,719,15.2,8594.0,85.6,2.26,0.835,0,297,2025-07-23,48900.0,76.9,1799,High
BLW-LOC-0337,Axle Bearing Assembly,Locomotive,Critical,0,4015,2020-03-28,2026-01-01,2256,18.7,34021.0,110.1,3.52,0.856,2,239,2025-05-07,132952.0,42.4,947,High
BLW-LOC-0337,Axle Bearing Assembly,Locomotive,Critical,0,4015,2020-03-28,2026-01-16,2271,18.7,34301.5,61.4,6.15,1.013,7,141,2025-08-28,6322.0,50.1,1140,Medium
BLW-LOC-0337,Axle Bearing Assembly,Locomotive,Critical,0,4015,2020-03-28,2026-01-31,2286,18.7,34582.0,82.7,5.05,0.931,2,183,2025-08-01,77593.0,49.8,1079,High
BLW-LOC-0337,Axle Bearing Assembly,Locomotive,Critical,0,4015,2020-03-28,2026-02-15,2301,18.7,34862.5,73.6,2.93,1.048,8,107,2025-10-31,55581.0,49.7,1404,High
BLW-LOC-0337,Axle Bearing Assembly,Locomotive,Critical,0,4015,2020-03-28,2026-03-02,2316,18.7,35143.0,61.8,2.55,0.629,8,199,2025-08-15,79392.0,55.0,1652,High
BLW-LOC-0337,Axle Bearing Assembly,Locomotive,Critical,0,4015,2020-03-28,2026-03-17,2331,18.7,35423.5,86.0,2.31,0.997,2,335,2025-04-16,26953.0,55.8,1330,High
BLW-LOC-0337,Axle Bearing Assembly,Locomotive,Critical,0,4015,2020-03-28,2026-04-01,2346,18.7,35704.0,113.3,4.79,0.962,5,235,2025-08-09,108701.0,33.1,765,High
BLW-LOC-0337,Axle Bearing Assembly,Locomotive,Critical,0,4015,2020-03-28,2026-04-16,2361,18.7,35984.5,86.9,4.47,0.803,2,142,2025-11-25,118819.0,52.6,1072,Medium
BLW-LOC-0337,Axle Bearing Assembly,Locomotive,Critical,0,4015,2020-03-28,2026-05-01,2376,18.7,36265.0,52.2,5.1,0.71,4,201,2025-10-12,14890.0,56.2,1388,High
BLW-LOC-0337,Axle Bearing Assembly,Locomotive,Critical,0,4015,2020-03-28,2026-05-16,2391,18.7,36545.5,90.1,3.61,0.928,7,192,2025-11-05,144570.0,44.1,1149,High
BLW-MFG-0338,Compressor Unit,Manufacturing,Medium,37,3650,2023-03-25,2026-01-01,1164,15.9,15770.0,85.8,3.01,0.826,8,132,2025-08-22,23766.0,55.4,1488,Medium
BLW-MFG-0338,Compressor Unit,Manufacturing,Medium,37,3650,2023-03-25,2026-01-16,1179,15.9,16008.5,73.8,2.68,0.879,5,301,2025-03-21,143503.0,62.9,1682,High
BLW-MFG-0338,Compressor Unit,Manufacturing,Medium,37,3650,2023-03-25,2026-01-31,1194,15.9,16247.0,77.6,3.71,0.842,5,299,2025-04-07,94534.0,57.2,1465,High
BLW-MFG-0338,Compressor Unit,Manufacturing,Medium,37,3650,2023-03-25,2026-02-15,1209,15.9,16485.5,74.5,5.15,0.801,6,34,2026-01-12,11515.0,61.9,1385,Medium
BLW-MFG-0338,Compressor Unit,Manufacturing,Medium,37,3650,2023-03-25,2026-03-02,1224,15.9,16724.0,56.5,2.39,0.632,2,118,2025-11-04,18998.0,82.2,1611,Low
BLW-MFG-0338,Compressor Unit,Manufacturing,Medium,37,3650,2023-03-25,2026-03-17,1239,15.9,16962.5,65.8,1.99,0.757,1,255,2025-07-05,140464.0,79.1,1811,High
BLW-MFG-0338,Compressor Unit,Manufacturing,Medium,37,3650,2023-03-25,2026-04-01,1254,15.9,17201.0,58.2,2.57,0.773,7,165,2025-10-18,115187.0,69.3,1775,Medium
BLW-MFG-0338,Compressor Unit,Manufacturing,Medium,37,3650,2023-03-25,2026-04-16,1269,15.9,17439.5,93.3,1.43,0.852,3,53,2026-02-22,135470.0,67.6,1569,Medium
BLW-MFG-0338,Compressor Unit,Manufacturing,Medium,37,3650,2023-03-25,2026-05-01,1284,15.9,17678.0,75.7,3.73,0.895,2,196,2025-10-17,114593.0,66.3,1647,High
BLW-MFG-0338,Compressor Unit,Manufacturing,Medium,37,3650,2023-03-25,2026-05-16,1299,15.9,17916.5,81.8,4.07,0.991,6,32,2026-04-14,13979.0,62.2,1539,Medium
BLW-LOC-0339,Traction Motor,Locomotive,Critical,350,4380,2020-08-22,2026-01-01,2109,6.5,12680.0,83.7,3.24,0.849,7,191,2025-06-24,92947.0,55.6,1580,High
BLW-LOC-0339,Traction Motor,Locomotive,Critical,350,4380,2020-08-22,2026-01-16,2124,6.5,12777.5,103.3,3.91,0.866,0,89,2025-10-19,51568.0,61.8,1577,Medium
BLW-LOC-0339,Traction Motor,Locomotive,Critical,350,4380,2020-08-22,2026-01-31,2139,6.5,12875.0,62.6,2.59,0.694,7,193,2025-07-22,24316.0,65.6,1988,High
BLW-LOC-0339,Traction Motor,Locomotive,Critical,350,4380,2020-08-22,2026-02-15,2154,6.5,12972.5,73.4,3.0,0.882,8,102,2025-11-05,33379.0,60.4,1798,Medium
BLW-LOC-0339,Traction Motor,Locomotive,Critical,350,4380,2020-08-22,2026-03-02,2169,6.5,13070.0,97.9,4.51,0.976,7,224,2025-07-21,103433.0,46.9,1329,High
BLW-LOC-0339,Traction Motor,Locomotive,Critical,350,4380,2020-08-22,2026-03-17,2184,6.5,13167.5,79.6,2.82,0.828,3,103,2025-12-04,112612.0,67.4,1824,Medium
BLW-LOC-0339,Traction Motor,Locomotive,Critical,350,4380,2020-08-22,2026-04-01,2199,6.5,13265.0,88.0,4.64,0.741,6,270,2025-07-05,122257.0,51.5,1408,High
BLW-LOC-0339,Traction Motor,Locomotive,Critical,350,4380,2020-08-22,2026-04-16,2214,6.5,13362.5,67.1,3.32,1.183,3,44,2026-03-03,89406.0,72.7,1844,Low
BLW-LOC-0339,Traction Motor,Locomotive,Critical,350,4380,2020-08-22,2026-05-01,2229,6.5,13460.0,81.5,3.72,0.796,1,104,2026-01-17,9820.0,68.5,1757,Medium
BLW-LOC-0339,Traction Motor,Locomotive,Critical,350,4380,2020-08-22,2026-05-16,2244,6.5,13557.5,89.9,2.62,0.854,2,2,2026-05-14,57136.0,68.4,1659,Medium
BLW-LOC-0340,Wheel Assembly,Locomotive,Critical,0,5475,2023-03-09,2026-01-01,1180,13.7,11665.0,98.0,3.32,0.839,2,349,2025-01-17,110847.0,63.2,2244,High
BLW-LOC-0340,Wheel Assembly,Locomotive,Critical,0,5475,2023-03-09,2026-01-16,1195,13.7,11870.5,87.4,5.9,0.914,8,254,2025-05-07,32570.0,45.9,2008,High
BLW-LOC-0340,Wheel Assembly,Locomotive,Critical,0,5475,2023-03-09,2026-01-31,1210,13.7,12076.0,55.7,4.14,0.654,3,292,2025-04-14,124998.0,72.4,2612,High
BLW-LOC-0340,Wheel Assembly,Locomotive,Critical,0,5475,2023-03-09,2026-02-15,1225,13.7,12281.5,68.8,3.23,0.989,8,180,2025-08-19,56690.0,65.3,2632,Medium
BLW-LOC-0340,Wheel Assembly,Locomotive,Critical,0,5475,2023-03-09,2026-03-02,1240,13.7,12487.0,66.7,3.47,0.909,8,70,2025-12-22,121231.0,68.1,2399,Medium
BLW-LOC-0340,Wheel Assembly,Locomotive,Critical,0,5475,2023-03-09,2026-03-17,1255,13.7,12692.5,89.4,5.1,0.866,7,218,2025-08-11,95693.0,52.6,2022,High
BLW-LOC-0340,Wheel Assembly,Locomotive,Critical,0,5475,2023-03-09,2026-04-01,1270,13.7,12898.0,83.6,4.09,0.577,1,291,2025-06-14,16331.0,65.8,2208,High
BLW-LOC-0340,Wheel Assembly,Locomotive,Critical,0,5475,2023-03-09,2026-04-16,1285,13.7,13103.5,85.9,4.07,0.961,8,152,2025-11-15,19632.0,58.2,2036,Medium
BLW-LOC-0340,Wheel Assembly,Locomotive,Critical,0,5475,2023-03-09,2026-05-01,1300,13.7,13309.0,106.1,5.43,0.739,7,118,2026-01-03,12464.0,48.9,1641,High
BLW-LOC-0340,Wheel Assembly,Locomotive,Critical,0,5475,2023-03-09,2026-05-16,1315,13.7,13514.5,87.3,5.21,1.151,8,169,2025-11-28,8269.0,54.5,2044,Medium
BLW-LOC-0341,Air Compressor,Locomotive,High,22,3650,2024-08-23,2026-01-01,647,9.5,5599.0,72.9,3.72,1.013,1,80,2025-10-13,145377.0,80.1,1670,Low
BLW-LOC-0341,Air Compressor,Locomotive,High,22,3650,2024-08-23,2026-01-16,662,9.5,5741.5,54.5,4.17,0.885,1,273,2025-04-18,88427.0,77.7,1942,High
BLW-LOC-0341,Air Compressor,Locomotive,High,22,3650,2024-08-23,2026-01-31,677,9.5,5884.0,73.3,3.44,0.858,8,312,2025-03-25,77507.0,61.3,1726,High
BLW-LOC-0341,Air Compressor,Locomotive,High,22,3650,2024-08-23,2026-02-15,692,9.5,6026.5,97.7,2.28,0.924,6,316,2025-04-05,13214.0,59.3,1569,High
BLW-LOC-0341,Air Compressor,Locomotive,High,22,3650,2024-08-23,2026-03-02,707,9.5,6169.0,94.3,3.76,0.928,1,298,2025-05-08,73292.0,66.5,1480,High
BLW-LOC-0341,Air Compressor,Locomotive,High,22,3650,2024-08-23,2026-03-17,722,9.5,6311.5,86.5,3.45,0.859,4,334,2025-04-17,9347.0,62.6,1637,High
BLW-LOC-0341,Air Compressor,Locomotive,High,22,3650,2024-08-23,2026-04-01,737,9.5,6454.0,84.0,4.27,0.878,5,215,2025-08-29,42828.0,60.7,1555,High
BLW-LOC-0341,Air Compressor,Locomotive,High,22,3650,2024-08-23,2026-04-16,752,9.5,6596.5,84.6,4.14,0.814,5,30,2026-03-17,25197.0,66.7,1605,Medium
BLW-LOC-0341,Air Compressor,Locomotive,High,22,3650,2024-08-23,2026-05-01,767,9.5,6739.0,80.3,4.11,0.856,8,168,2025-11-14,139005.0,61.0,1544,Medium
BLW-LOC-0341,Air Compressor,Locomotive,High,22,3650,2024-08-23,2026-05-16,782,9.5,6881.5,70.7,4.52,0.823,0,120,2026-01-16,76565.0,79.6,1751,Low
BLW-MFG-0342,CNC Milling Machine,Manufacturing,High,30,3650,2021-12-09,2026-01-01,1635,19.7,31725.0,58.0,1.72,1.063,1,282,2025-03-25,74422.0,69.8,1662,High
BLW-MFG-0342,CNC Milling Machine,Manufacturing,High,30,3650,2021-12-09,2026-01-16,1650,19.7,32020.5,89.1,3.56,0.795,2,138,2025-08-31,109883.0,56.3,1125,Medium
BLW-MFG-0342,CNC Milling Machine,Manufacturing,High,30,3650,2021-12-09,2026-01-31,1665,19.7,32316.0,77.2,3.41,0.779,1,18,2026-01-13,77007.0,65.2,1232,Medium
BLW-MFG-0342,CNC Milling Machine,Manufacturing,High,30,3650,2021-12-09,2026-02-15,1680,19.7,32611.5,79.2,3.06,0.856,3,332,2025-03-20,55787.0,53.5,1213,High
BLW-MFG-0342,CNC Milling Machine,Manufacturing,High,30,3650,2021-12-09,2026-03-02,1695,19.7,32907.0,79.8,3.04,0.931,7,155,2025-09-28,118324.0,51.7,1256,Medium
BLW-MFG-0342,CNC Milling Machine,Manufacturing,High,30,3650,2021-12-09,2026-03-17,1710,19.7,33202.5,77.6,3.71,0.925,3,10,2026-03-07,140031.0,61.9,1314,Medium
BLW-MFG-0342,CNC Milling Machine,Manufacturing,High,30,3650,2021-12-09,2026-04-01,1725,19.7,33498.0,83.1,3.01,0.799,0,100,2025-12-22,82457.0,67.1,1255,Medium
BLW-MFG-0342,CNC Milling Machine,Manufacturing,High,30,3650,2021-12-09,2026-04-16,1740,19.7,33793.5,78.2,3.1,0.671,6,349,2025-05-02,104121.0,50.8,1113,High
BLW-MFG-0342,CNC Milling Machine,Manufacturing,High,30,3650,2021-12-09,2026-05-01,1755,19.7,34089.0,47.6,3.67,0.913,0,282,2025-07-23,74915.0,66.4,1499,High
BLW-MFG-0342,CNC Milling Machine,Manufacturing,High,30,3650,2021-12-09,2026-05-16,1770,19.7,34384.5,41.8,3.89,0.89,6,193,2025-11-04,105839.0,58.3,1422,High
BLW-LOC-0343,Wheel Assembly,Locomotive,Critical,0,5475,2023-12-07,2026-01-01,907,12.0,8069.0,85.4,3.47,0.625,7,60,2025-11-02,135086.0,69.3,2497,Medium
BLW-LOC-0343,Wheel Assembly,Locomotive,Critical,0,5475,2023-12-07,2026-01-16,922,12.0,8249.0,59.5,3.14,0.827,5,180,2025-07-20,33079.0,79.0,2533,Medium
BLW-LOC-0343,Wheel Assembly,Locomotive,Critical,0,5475,2023-12-07,2026-01-31,937,12.0,8429.0,72.1,1.49,0.826,6,29,2026-01-02,39535.0,77.7,2780,Low
BLW-LOC-0343,Wheel Assembly,Locomotive,Critical,0,5475,2023-12-07,2026-02-15,952,12.0,8609.0,71.3,2.75,0.939,1,301,2025-04-20,6457.0,78.6,2831,High
BLW-LOC-0343,Wheel Assembly,Locomotive,Critical,0,5475,2023-12-07,2026-03-02,967,12.0,8789.0,78.5,3.01,0.856,6,274,2025-06-01,87367.0,66.8,2263,High
BLW-LOC-0343,Wheel Assembly,Locomotive,Critical,0,5475,2023-12-07,2026-03-17,982,12.0,8969.0,87.9,4.12,0.882,0,127,2025-11-10,122830.0,73.6,2028,Medium
BLW-LOC-0343,Wheel Assembly,Locomotive,Critical,0,5475,2023-12-07,2026-04-01,997,12.0,9149.0,76.2,5.95,0.882,1,29,2026-03-03,23374.0,73.4,2282,Low
BLW-LOC-0343,Wheel Assembly,Locomotive,Critical,0,5475,2023-12-07,2026-04-16,1012,12.0,9329.0,88.9,4.64,0.858,2,144,2025-11-23,11339.0,68.4,2406,Medium
BLW-LOC-0343,Wheel Assembly,Locomotive,Critical,0,5475,2023-12-07,2026-05-01,1027,12.0,9509.0,99.5,6.71,0.811,5,308,2025-06-27,100005.0,49.9,1682,High
BLW-LOC-0343,Wheel Assembly,Locomotive,Critical,0,5475,2023-12-07,2026-05-16,1042,12.0,9689.0,90.5,4.83,0.834,3,149,2025-12-18,23809.0,64.7,2255,Medium
BLW-LOC-0344,Brake System,Locomotive,Critical,12,2920,2022-09-07,2026-01-01,1363,15.2,18583.0,67.3,5.5,0.684,1,128,2025-08-26,141064.0,66.8,1083,Medium
BLW-LOC-0344,Brake System,Locomotive,Critical,12,2920,2022-09-07,2026-01-16,1378,15.2,18811.0,77.5,3.07,0.794,3,253,2025-05-08,107262.0,59.9,1085,High
BLW-LOC-0344,Brake System,Locomotive,Critical,12,2920,2022-09-07,2026-01-31,1393,15.2,19039.0,98.4,5.96,0.884,5,112,2025-10-11,69314.0,42.1,682,High
BLW-LOC-0344,Brake System,Locomotive,Critical,12,2920,2022-09-07,2026-02-15,1408,15.2,19267.0,77.7,2.41,0.724,4,187,2025-08-12,118130.0,65.2,1139,High
BLW-LOC-0344,Brake System,Locomotive,Critical,12,2920,2022-09-07,2026-03-02,1423,15.2,19495.0,68.7,4.68,0.729,4,334,2025-04-02,40410.0,53.1,1010,High
BLW-LOC-0344,Brake System,Locomotive,Critical,12,2920,2022-09-07,2026-03-17,1438,15.2,19723.0,106.8,3.45,0.582,4,163,2025-10-05,106177.0,49.7,787,High
BLW-LOC-0344,Brake System,Locomotive,Critical,12,2920,2022-09-07,2026-04-01,1453,15.2,19951.0,55.1,3.42,0.943,8,53,2026-02-07,12830.0,63.2,1289,Medium
BLW-LOC-0344,Brake System,Locomotive,Critical,12,2920,2022-09-07,2026-04-16,1468,15.2,20179.0,70.8,3.91,0.801,6,361,2025-04-20,142832.0,49.5,1118,High
BLW-LOC-0344,Brake System,Locomotive,Critical,12,2920,2022-09-07,2026-05-01,1483,15.2,20407.0,91.3,4.24,0.941,7,143,2025-12-09,16375.0,45.9,819,High
BLW-LOC-0344,Brake System,Locomotive,Critical,12,2920,2022-09-07,2026-05-16,1498,15.2,20635.0,85.8,5.34,1.088,2,266,2025-08-23,38428.0,52.6,874,High
BLW-MFG-0345,Paint Booth Ventilation,Manufacturing,Low,15,2555,2020-09-08,2026-01-01,2092,11.2,22140.0,68.2,2.81,0.717,2,18,2025-12-14,146797.0,63.0,846,Medium
BLW-MFG-0345,Paint Booth Ventilation,Manufacturing,Low,15,2555,2020-09-08,2026-01-16,2107,11.2,22308.0,64.3,4.32,0.907,7,332,2025-02-18,115808.0,40.9,826,High
BLW-MFG-0345,Paint Booth Ventilation,Manufacturing,Low,15,2555,2020-09-08,2026-01-31,2122,11.2,22476.0,56.6,2.84,0.934,1,10,2026-01-21,77342.0,69.2,1086,Medium
BLW-MFG-0345,Paint Booth Ventilation,Manufacturing,Low,15,2555,2020-09-08,2026-02-15,2137,11.2,22644.0,81.7,3.13,0.903,0,138,2025-09-30,45305.0,56.6,764,Medium
BLW-MFG-0345,Paint Booth Ventilation,Manufacturing,Low,15,2555,2020-09-08,2026-03-02,2152,11.2,22812.0,83.9,3.91,0.816,6,153,2025-09-30,124941.0,42.9,767,High
BLW-MFG-0345,Paint Booth Ventilation,Manufacturing,Low,15,2555,2020-09-08,2026-03-17,2167,11.2,22980.0,79.2,1.73,0.869,1,30,2026-02-15,45468.0,62.2,927,Medium
BLW-MFG-0345,Paint Booth Ventilation,Manufacturing,Low,15,2555,2020-09-08,2026-04-01,2182,11.2,23148.0,82.2,4.29,0.738,6,253,2025-07-22,7733.0,38.0,754,High
BLW-MFG-0345,Paint Booth Ventilation,Manufacturing,Low,15,2555,2020-09-08,2026-04-16,2197,11.2,23316.0,63.5,1.78,0.908,6,196,2025-10-02,69383.0,54.3,1044,High
BLW-MFG-0345,Paint Booth Ventilation,Manufacturing,Low,15,2555,2020-09-08,2026-05-01,2212,11.2,23484.0,75.0,3.34,0.823,3,105,2026-01-16,60002.0,56.8,843,Medium
BLW-MFG-0345,Paint Booth Ventilation,Manufacturing,Low,15,2555,2020-09-08,2026-05-16,2227,11.2,23652.0,67.3,2.54,0.858,6,272,2025-08-17,12578.0,48.4,951,High
BLW-LOC-0346,Air Compressor,Locomotive,High,22,3650,2020-03-05,2026-01-01,2279,13.6,24930.0,50.9,3.33,0.923,0,311,2025-02-24,114399.0,66.9,1413,High
BLW-LOC-0346,Air Compressor,Locomotive,High,22,3650,2020-03-05,2026-01-16,2294,13.6,25134.0,88.7,2.49,0.852,5,134,2025-09-04,122485.0,54.3,1214,Medium
BLW-LOC-0346,Air Compressor,Locomotive,High,22,3650,2020-03-05,2026-01-31,2309,13.6,25338.0,69.5,5.04,0.87,3,14,2026-01-17,54437.0,61.4,1297,Medium
BLW-LOC-0346,Air Compressor,Locomotive,High,22,3650,2020-03-05,2026-02-15,2324,13.6,25542.0,97.2,4.99,0.888,6,218,2025-07-12,118479.0,39.5,901,High
BLW-LOC-0346,Air Compressor,Locomotive,High,22,3650,2020-03-05,2026-03-02,2339,13.6,25746.0,63.1,4.06,0.901,0,55,2026-01-06,85228.0,70.9,1366,Low
BLW-LOC-0346,Air Compressor,Locomotive,High,22,3650,2020-03-05,2026-03-17,2354,13.6,25950.0,70.6,4.54,0.717,4,273,2025-06-17,72208.0,54.5,1210,High
BLW-LOC-0346,Air Compressor,Locomotive,High,22,3650,2020-03-05,2026-04-01,2369,13.6,26154.0,86.5,4.47,0.951,8,133,2025-11-19,28570.0,40.8,1071,High
BLW-LOC-0346,Air Compressor,Locomotive,High,22,3650,2020-03-05,2026-04-16,2384,13.6,26358.0,88.1,3.09,0.795,6,239,2025-08-20,113117.0,46.5,1063,High
BLW-LOC-0346,Air Compressor,Locomotive,High,22,3650,2020-03-05,2026-05-01,2399,13.6,26562.0,110.2,5.68,0.944,3,67,2026-02-23,136618.0,40.3,718,High
BLW-LOC-0346,Air Compressor,Locomotive,High,22,3650,2020-03-05,2026-05-16,2414,13.6,26766.0,96.6,6.06,0.827,4,349,2025-06-01,142890.0,33.6,894,High
BLW-MFG-0347,CNC Turning Center,Manufacturing,High,22,3650,2021-05-26,2026-01-01,1832,16.8,24276.0,43.6,1.89,0.795,6,19,2025-12-13,94254.0,68.0,1692,Medium
BLW-MFG-0347,CNC Turning Center,Manufacturing,High,22,3650,2021-05-26,2026-01-16,1847,16.8,24528.0,76.1,2.33,0.953,5,137,2025-09-01,100588.0,63.6,1408,Medium
BLW-MFG-0347,CNC Turning Center,Manufacturing,High,22,3650,2021-05-26,2026-01-31,1862,16.8,24780.0,61.2,4.93,0.902,0,63,2025-11-29,49500.0,71.0,1505,Low
BLW-MFG-0347,CNC Turning Center,Manufacturing,High,22,3650,2021-05-26,2026-02-15,1877,16.8,25032.0,71.0,2.49,0.843,5,135,2025-10-03,127901.0,64.6,1312,Medium
BLW-MFG-0347,CNC Turning Center,Manufacturing,High,22,3650,2021-05-26,2026-03-02,1892,16.8,25284.0,64.7,4.24,0.789,7,236,2025-07-09,7504.0,56.2,1465,High
BLW-MFG-0347,CNC Turning Center,Manufacturing,High,22,3650,2021-05-26,2026-03-17,1907,16.8,25536.0,68.2,2.54,0.816,0,238,2025-07-22,10366.0,74.1,1667,High
BLW-MFG-0347,CNC Turning Center,Manufacturing,High,22,3650,2021-05-26,2026-04-01,1922,16.8,25788.0,71.3,2.55,0.862,5,245,2025-07-30,97473.0,60.0,1359,High
BLW-MFG-0347,CNC Turning Center,Manufacturing,High,22,3650,2021-05-26,2026-04-16,1937,16.8,26040.0,71.6,4.34,0.675,8,111,2025-12-26,64249.0,53.7,1367,Medium
BLW-MFG-0347,CNC Turning Center,Manufacturing,High,22,3650,2021-05-26,2026-05-01,1952,16.8,26292.0,64.7,4.72,0.791,1,141,2025-12-11,135071.0,66.6,1359,Medium
BLW-MFG-0347,CNC Turning Center,Manufacturing,High,22,3650,2021-05-26,2026-05-16,1967,16.8,26544.0,68.5,2.69,0.935,8,160,2025-12-07,143228.0,58.6,1437,Medium
BLW-LOC-0348,Axle Bearing Assembly,Locomotive,Critical,0,4015,2021-01-03,2026-01-01,1975,9.6,17747.0,57.6,3.98,0.901,4,253,2025-04-23,23447.0,64.1,1826,High
BLW-LOC-0348,Axle Bearing Assembly,Locomotive,Critical,0,4015,2021-01-03,2026-01-16,1990,9.6,17891.0,55.3,0.89,0.767,2,75,2025-11-02,131330.0,80.0,1769,Low
BLW-LOC-0348,Axle Bearing Assembly,Locomotive,Critical,0,4015,2021-01-03,2026-01-31,2005,9.6,18035.0,64.9,4.74,0.916,0,119,2025-10-04,21595.0,71.7,1642,Low
BLW-LOC-0348,Axle Bearing Assembly,Locomotive,Critical,0,4015,2021-01-03,2026-02-15,2020,9.6,18179.0,74.0,3.2,0.962,0,94,2025-11-13,104244.0,70.8,1438,Low
BLW-LOC-0348,Axle Bearing Assembly,Locomotive,Critical,0,4015,2021-01-03,2026-03-02,2035,9.6,18323.0,74.7,4.82,0.901,7,296,2025-05-10,51013.0,50.8,1248,High
BLW-LOC-0348,Axle Bearing Assembly,Locomotive,Critical,0,4015,2021-01-03,2026-03-17,2050,9.6,18467.0,86.7,4.53,0.713,8,116,2025-11-21,13818.0,50.0,1253,Medium
BLW-LOC-0348,Axle Bearing Assembly,Locomotive,Critical,0,4015,2021-01-03,2026-04-01,2065,9.6,18611.0,128.9,1.19,1.044,4,131,2025-11-21,7337.0,53.2,936,Medium
BLW-LOC-0348,Axle Bearing Assembly,Locomotive,Critical,0,4015,2021-01-03,2026-04-16,2080,9.6,18755.0,75.7,4.18,1.009,5,276,2025-07-14,109156.0,57.7,1556,High
BLW-LOC-0348,Axle Bearing Assembly,Locomotive,Critical,0,4015,2021-01-03,2026-05-01,2095,9.6,18899.0,69.9,5.26,0.937,3,179,2025-11-03,20829.0,59.5,1429,Medium
BLW-LOC-0348,Axle Bearing Assembly,Locomotive,Critical,0,4015,2021-01-03,2026-05-16,2110,9.6,19043.0,74.6,3.99,0.807,8,227,2025-10-01,21411.0,50.6,1489,High
BLW-MFG-0349,CNC Turning Center,Manufacturing,High,22,3650,2021-04-30,2026-01-01,1858,8.9,14405.0,72.5,2.63,0.957,6,36,2025-11-26,98074.0,65.8,1483,Medium
BLW-MFG-0349,CNC Turning Center,Manufacturing,High,22,3650,2021-04-30,2026-01-16,1873,8.9,14538.5,73.7,2.73,0.833,4,73,2025-11-04,8581.0,64.2,1504,Medium
BLW-MFG-0349,CNC Turning Center,Manufacturing,High,22,3650,2021-04-30,2026-01-31,1888,8.9,14672.0,44.7,1.8,0.696,5,171,2025-08-13,146389.0,69.6,1649,Medium
BLW-MFG-0349,CNC Turning Center,Manufacturing,High,22,3650,2021-04-30,2026-02-15,1903,8.9,14805.5,61.6,3.55,0.857,5,240,2025-06-20,141660.0,61.1,1563,High
BLW-MFG-0349,CNC Turning Center,Manufacturing,High,22,3650,2021-04-30,2026-03-02,1918,8.9,14939.0,72.0,2.7,0.834,4,318,2025-04-18,9518.0,62.2,1581,High
BLW-MFG-0349,CNC Turning Center,Manufacturing,High,22,3650,2021-04-30,2026-03-17,1933,8.9,15072.5,50.1,2.83,0.996,5,22,2026-02-23,47177.0,74.9,1700,Low
BLW-MFG-0349,CNC Turning Center,Manufacturing,High,22,3650,2021-04-30,2026-04-01,1948,8.9,15206.0,76.2,4.59,1.042,2,302,2025-06-03,8703.0,58.5,1281,High
BLW-MFG-0349,CNC Turning Center,Manufacturing,High,22,3650,2021-04-30,2026-04-16,1963,8.9,15339.5,67.4,5.94,0.698,3,160,2025-11-07,79065.0,59.6,1230,Medium
BLW-MFG-0349,CNC Turning Center,Manufacturing,High,22,3650,2021-04-30,2026-05-01,1978,8.9,15473.0,72.9,2.12,0.849,8,297,2025-07-08,108362.0,53.8,1572,High
BLW-MFG-0349,CNC Turning Center,Manufacturing,High,22,3650,2021-04-30,2026-05-16,1993,8.9,15606.5,86.9,2.9,0.851,3,193,2025-11-04,125455.0,60.4,1370,High
BLW-MFG-0350,CNC Milling Machine,Manufacturing,High,30,3650,2023-09-07,2026-01-01,998,16.2,13166.0,64.5,3.49,0.943,1,39,2025-11-23,144001.0,79.6,1698,Low
BLW-MFG-0350,CNC Milling Machine,Manufacturing,High,30,3650,2023-09-07,2026-01-16,1013,16.2,13409.0,76.6,1.57,0.628,3,289,2025-04-02,78007.0,70.3,1740,High
BLW-MFG-0350,CNC Milling Machine,Manufacturing,High,30,3650,2023-09-07,2026-01-31,1028,16.2,13652.0,57.9,2.38,0.754,8,214,2025-07-01,83150.0,67.2,1863,High
BLW-MFG-0350,CNC Milling Machine,Manufacturing,High,30,3650,2023-09-07,2026-02-15,1043,16.2,13895.0,53.2,2.71,0.744,1,270,2025-05-21,120740.0,76.4,1914,High
BLW-MFG-0350,CNC Milling Machine,Manufacturing,High,30,3650,2023-09-07,2026-03-02,1058,16.2,14138.0,62.0,3.17,0.689,7,337,2025-03-30,81045.0,62.6,1791,High
BLW-MFG-0350,CNC Milling Machine,Manufacturing,High,30,3650,2023-09-07,2026-03-17,1073,16.2,14381.0,100.0,1.27,0.825,7,162,2025-10-06,44031.0,57.5,1374,Medium
BLW-MFG-0350,CNC Milling Machine,Manufacturing,High,30,3650,2023-09-07,2026-04-01,1088,16.2,14624.0,80.0,2.32,0.865,4,124,2025-11-28,52659.0,69.6,1728,Medium
BLW-MFG-0350,CNC Milling Machine,Manufacturing,High,30,3650,2023-09-07,2026-04-16,1103,16.2,14867.0,62.5,2.83,0.95,5,118,2025-12-19,71094.0,72.7,1770,Low
BLW-MFG-0350,CNC Milling Machine,Manufacturing,High,30,3650,2023-09-07,2026-05-01,1118,16.2,15110.0,49.5,2.22,0.898,1,354,2025-05-12,39952.0,76.2,1821,High
BLW-MFG-0350,CNC Milling Machine,Manufacturing,High,30,3650,2023-09-07,2026-05-16,1133,16.2,15353.0,78.1,2.73,0.947,6,185,2025-11-12,16555.0,65.0,1634,High
BLW-MFG-0351,CNC Turning Center,Manufacturing,High,22,3650,2022-01-11,2026-01-01,1602,15.1,21325.0,79.9,3.09,0.974,7,214,2025-06-01,38316.0,55.5,1329,High
BLW-MFG-0351,CNC Turning Center,Manufacturing,High,22,3650,2022-01-11,2026-01-16,1617,15.1,21551.5,81.3,3.09,0.786,2,275,2025-04-16,40517.0,61.3,1470,High
BLW-MFG-0351,CNC Turning Center,Manufacturing,High,22,3650,2022-01-11,2026-01-31,1632,15.1,21778.0,72.1,4.54,0.939,6,345,2025-02-20,89790.0,51.9,1272,High
BLW-MFG-0351,CNC Turning Center,Manufacturing,High,22,3650,2022-01-11,2026-02-15,1647,15.1,22004.5,65.2,3.01,0.905,2,310,2025-04-11,42740.0,67.6,1582,High
BLW-MFG-0351,CNC Turning Center,Manufacturing,High,22,3650,2022-01-11,2026-03-02,1662,15.1,22231.0,69.6,3.65,0.754,4,174,2025-09-09,50507.0,65.6,1306,Medium
BLW-MFG-0351,CNC Turning Center,Manufacturing,High,22,3650,2022-01-11,2026-03-17,1677,15.1,22457.5,86.5,3.01,0.945,1,209,2025-08-20,66048.0,63.2,1376,High
BLW-MFG-0351,CNC Turning Center,Manufacturing,High,22,3650,2022-01-11,2026-04-01,1692,15.1,22684.0,76.5,3.83,0.817,2,294,2025-06-11,76659.0,61.6,1310,High
BLW-MFG-0351,CNC Turning Center,Manufacturing,High,22,3650,2022-01-11,2026-04-16,1707,15.1,22910.5,70.5,3.9,0.955,3,92,2026-01-14,132079.0,66.8,1406,Medium
BLW-MFG-0351,CNC Turning Center,Manufacturing,High,22,3650,2022-01-11,2026-05-01,1722,15.1,23137.0,82.2,2.6,1.035,0,85,2026-02-05,22514.0,70.8,1328,Low
BLW-MFG-0351,CNC Turning Center,Manufacturing,High,22,3650,2022-01-11,2026-05-16,1737,15.1,23363.5,57.9,3.29,0.879,4,283,2025-08-06,108150.0,67.9,1502,High
BLW-LOC-0352,Diesel Engine Auxiliary,Locomotive,High,85,3650,2024-03-01,2026-01-01,822,7.4,5845.0,78.6,2.23,0.791,6,12,2025-12-20,105057.0,76.8,1632,Low
BLW-LOC-0352,Diesel Engine Auxiliary,Locomotive,High,85,3650,2024-03-01,2026-01-16,837,7.4,5956.0,87.6,4.02,0.852,1,67,2025-11-10,79660.0,73.5,1447,Low
BLW-LOC-0352,Diesel Engine Auxiliary,Locomotive,High,85,3650,2024-03-01,2026-01-31,852,7.4,6067.0,104.4,5.91,0.866,8,198,2025-07-17,136118.0,47.7,1127,High
BLW-LOC-0352,Diesel Engine Auxiliary,Locomotive,High,85,3650,2024-03-01,2026-02-15,867,7.4,6178.0,86.4,5.37,0.81,5,65,2025-12-12,63336.0,59.9,1295,Medium
BLW-LOC-0352,Diesel Engine Auxiliary,Locomotive,High,85,3650,2024-03-01,2026-03-02,882,7.4,6289.0,112.1,3.07,0.848,8,123,2025-10-30,108238.0,50.8,1355,Medium
BLW-LOC-0352,Diesel Engine Auxiliary,Locomotive,High,85,3650,2024-03-01,2026-03-17,897,7.4,6400.0,70.3,3.16,0.911,1,172,2025-09-26,135127.0,77.7,1770,Medium
BLW-LOC-0352,Diesel Engine Auxiliary,Locomotive,High,85,3650,2024-03-01,2026-04-01,912,7.4,6511.0,103.8,4.31,0.896,5,302,2025-06-03,93270.0,52.0,1283,High
BLW-LOC-0352,Diesel Engine Auxiliary,Locomotive,High,85,3650,2024-03-01,2026-04-16,927,7.4,6622.0,113.5,2.88,0.91,1,23,2026-03-24,15694.0,68.6,1421,Medium
BLW-LOC-0352,Diesel Engine Auxiliary,Locomotive,High,85,3650,2024-03-01,2026-05-01,942,7.4,6733.0,100.9,3.86,0.925,5,229,2025-09-14,137048.0,56.7,1218,High
BLW-LOC-0352,Diesel Engine Auxiliary,Locomotive,High,85,3650,2024-03-01,2026-05-16,957,7.4,6844.0,61.4,3.22,0.828,7,223,2025-10-05,46947.0,68.7,1893,High
BLW-LOC-0353,Diesel Engine Auxiliary,Locomotive,High,85,3650,2023-12-04,2026-01-01,910,7.9,5428.0,78.0,3.24,0.699,8,42,2025-11-20,27077.0,66.6,1414,Medium
BLW-LOC-0353,Diesel Engine Auxiliary,Locomotive,High,85,3650,2023-12-04,2026-01-16,925,7.9,5546.5,76.4,3.63,0.884,0,303,2025-03-19,90992.0,70.9,1701,High
BLW-LOC-0353,Diesel Engine Auxiliary,Locomotive,High,85,3650,2023-12-04,2026-01-31,940,7.9,5665.0,64.0,2.63,0.946,7,194,2025-07-21,51463.0,74.7,1837,High
BLW-LOC-0353,Diesel Engine Auxiliary,Locomotive,High,85,3650,2023-12-04,2026-02-15,955,7.9,5783.5,68.1,3.88,0.978,2,260,2025-05-31,109767.0,74.4,1970,High
BLW-LOC-0353,Diesel Engine Auxiliary,Locomotive,High,85,3650,2023-12-04,2026-03-02,970,7.9,5902.0,70.5,4.0,1.056,4,49,2026-01-12,38678.0,76.6,1517,Low
BLW-LOC-0353,Diesel Engine Auxiliary,Locomotive,High,85,3650,2023-12-04,2026-03-17,985,7.9,6020.5,81.9,5.53,1.222,7,174,2025-09-24,12002.0,57.4,1388,Medium
BLW-LOC-0353,Diesel Engine Auxiliary,Locomotive,High,85,3650,2023-12-04,2026-04-01,1000,7.9,6139.0,67.7,6.46,0.967,8,268,2025-07-07,89075.0,53.6,1467,High
BLW-LOC-0353,Diesel Engine Auxiliary,Locomotive,High,85,3650,2023-12-04,2026-04-16,1015,7.9,6257.5,88.3,4.5,0.777,6,146,2025-11-21,51806.0,58.6,1318,Medium
BLW-LOC-0353,Diesel Engine Auxiliary,Locomotive,High,85,3650,2023-12-04,2026-05-01,1030,7.9,6376.0,100.0,3.49,0.946,5,91,2026-01-30,143259.0,63.3,1417,Medium
BLW-LOC-0353,Diesel Engine Auxiliary,Locomotive,High,85,3650,2023-12-04,2026-05-16,1045,7.9,6494.5,83.5,4.18,0.903,0,107,2026-01-29,67428.0,76.1,1588,Low
BLW-LOC-0354,Traction Motor,Locomotive,Critical,350,4380,2023-03-23,2026-01-01,1166,18.3,16949.0,69.8,4.76,0.998,5,145,2025-08-09,29011.0,62.6,1944,Medium
BLW-LOC-0354,Traction Motor,Locomotive,Critical,350,4380,2023-03-23,2026-01-16,1181,18.3,17223.5,84.3,3.89,0.976,4,140,2025-08-29,75562.0,62.5,1793,Medium
BLW-LOC-0354,Traction Motor,Locomotive,Critical,350,4380,2023-03-23,2026-01-31,1196,18.3,17498.0,73.9,1.83,0.74,3,86,2025-11-06,46829.0,77.3,1948,Low
BLW-LOC-0354,Traction Motor,Locomotive,Critical,350,4380,2023-03-23,2026-02-15,1211,18.3,17772.5,104.6,5.08,1.025,4,310,2025-04-11,114253.0,47.1,1345,High
BLW-LOC-0354,Traction Motor,Locomotive,Critical,350,4380,2023-03-23,2026-03-02,1226,18.3,18047.0,63.3,4.89,0.916,3,341,2025-03-26,45401.0,65.8,2060,High
BLW-LOC-0354,Traction Motor,Locomotive,Critical,350,4380,2023-03-23,2026-03-17,1241,18.3,18321.5,72.9,3.6,0.914,1,105,2025-12-02,85064.0,73.8,1904,Low
BLW-LOC-0354,Traction Motor,Locomotive,Critical,350,4380,2023-03-23,2026-04-01,1256,18.3,18596.0,90.2,3.41,1.037,8,86,2026-01-05,8966.0,54.5,1731,Medium
BLW-LOC-0354,Traction Motor,Locomotive,Critical,350,4380,2023-03-23,2026-04-16,1271,18.3,18870.5,93.5,3.17,0.774,0,276,2025-07-14,82998.0,62.1,1636,High
BLW-LOC-0354,Traction Motor,Locomotive,Critical,350,4380,2023-03-23,2026-05-01,1286,18.3,19145.0,100.1,3.83,1.03,3,3,2026-04-28,75813.0,61.9,1574,Medium
BLW-LOC-0354,Traction Motor,Locomotive,Critical,350,4380,2023-03-23,2026-05-16,1301,18.3,19419.5,74.4,2.79,0.882,0,189,2025-11-08,34455.0,75.5,1838,High
BLW-LOC-0355,Wheel Assembly,Locomotive,Critical,0,5475,2024-02-08,2026-01-01,844,12.2,7598.0,75.3,3.63,1.002,7,151,2025-08-03,138109.0,68.8,2671,Medium
BLW-LOC-0355,Wheel Assembly,Locomotive,Critical,0,5475,2024-02-08,2026-01-16,859,12.2,7781.0,89.6,3.95,0.708,1,227,2025-06-03,133888.0,69.6,2392,High
BLW-LOC-0355,Wheel Assembly,Locomotive,Critical,0,5475,2024-02-08,2026-01-31,874,12.2,7964.0,101.5,4.42,1.009,7,134,2025-09-19,17595.0,53.5,1958,Medium
BLW-LOC-0355,Wheel Assembly,Locomotive,Critical,0,5475,2024-02-08,2026-02-15,889,12.2,8147.0,86.8,5.04,0.848,2,142,2025-09-26,111087.0,67.7,2297,Medium
BLW-LOC-0355,Wheel Assembly,Locomotive,Critical,0,5475,2024-02-08,2026-03-02,904,12.2,8330.0,64.3,5.63,0.765,1,181,2025-09-02,121528.0,72.9,2532,High
BLW-LOC-0355,Wheel Assembly,Locomotive,Critical,0,5475,2024-02-08,2026-03-17,919,12.2,8513.0,107.5,4.45,0.965,3,38,2026-02-07,52432.0,62.4,1926,Medium
BLW-LOC-0355,Wheel Assembly,Locomotive,Critical,0,5475,2024-02-08,2026-04-01,934,12.2,8696.0,59.6,1.09,0.904,8,171,2025-10-12,45036.0,78.0,3008,Medium
BLW-LOC-0355,Wheel Assembly,Locomotive,Critical,0,5475,2024-02-08,2026-04-16,949,12.2,8879.0,93.0,5.75,0.924,8,344,2025-05-07,117672.0,46.6,1873,High
BLW-LOC-0355,Wheel Assembly,Locomotive,Critical,0,5475,2024-02-08,2026-05-01,964,12.2,9062.0,114.7,4.53,0.777,5,19,2026-04-12,67840.0,56.3,1898,Medium
BLW-LOC-0355,Wheel Assembly,Locomotive,Critical,0,5475,2024-02-08,2026-05-16,979,12.2,9245.0,69.6,6.17,0.564,8,162,2025-12-05,32608.0,62.1,2341,Medium
BLW-MFG-0356,CNC Milling Machine,Manufacturing,High,30,3650,2023-07-23,2026-01-01,1044,14.8,11956.0,66.4,2.64,1.009,6,112,2025-09-11,102635.0,72.9,1654,Low
BLW-MFG-0356,CNC Milling Machine,Manufacturing,High,30,3650,2023-07-23,2026-01-16,1059,14.8,12178.0,45.2,3.01,0.825,4,240,2025-05-21,26958.0,71.0,1783,High
BLW-MFG-0356,CNC Milling Machine,Manufacturing,High,30,3650,2023-07-23,2026-01-31,1074,14.8,12400.0,59.7,2.91,0.903,2,254,2025-05-22,45977.0,79.0,1895,High
BLW-MFG-0356,CNC Milling Machine,Manufacturing,High,30,3650,2023-07-23,2026-02-15,1089,14.8,12622.0,58.7,3.28,0.841,3,325,2025-03-27,132000.0,69.9,1810,High
BLW-MFG-0356,CNC Milling Machine,Manufacturing,High,30,3650,2023-07-23,2026-03-02,1104,14.8,12844.0,90.5,3.03,0.681,8,109,2025-11-13,5464.0,57.5,1344,Medium
BLW-MFG-0356,CNC Milling Machine,Manufacturing,High,30,3650,2023-07-23,2026-03-17,1119,14.8,13066.0,79.4,3.52,0.828,1,251,2025-07-09,85872.0,68.6,1552,High
BLW-MFG-0356,CNC Milling Machine,Manufacturing,High,30,3650,2023-07-23,2026-04-01,1134,14.8,13288.0,69.9,2.4,0.711,3,363,2025-04-03,30827.0,71.3,1706,High
BLW-MFG-0356,CNC Milling Machine,Manufacturing,High,30,3650,2023-07-23,2026-04-16,1149,14.8,13510.0,72.6,3.41,0.887,6,352,2025-04-29,43146.0,58.6,1472,High
BLW-MFG-0356,CNC Milling Machine,Manufacturing,High,30,3650,2023-07-23,2026-05-01,1164,14.8,13732.0,64.3,3.56,0.787,6,323,2025-06-12,89665.0,63.5,1861,High
BLW-MFG-0356,CNC Milling Machine,Manufacturing,High,30,3650,2023-07-23,2026-05-16,1179,14.8,13954.0,50.1,2.57,1.055,5,247,2025-09-11,81917.0,72.5,1750,High
BLW-MFG-0357,Compressor Unit,Manufacturing,Medium,37,3650,2024-12-02,2026-01-01,546,10.2,4286.0,79.0,2.85,0.785,4,342,2025-01-24,75334.0,69.0,1714,High
BLW-MFG-0357,Compressor Unit,Manufacturing,Medium,37,3650,2024-12-02,2026-01-16,561,10.2,4439.0,53.6,2.75,0.724,6,306,2025-03-16,56784.0,74.0,1991,High
BLW-MFG-0357,Compressor Unit,Manufacturing,Medium,37,3650,2024-12-02,2026-01-31,576,10.2,4592.0,76.8,3.92,0.789,7,151,2025-09-02,18997.0,67.0,1731,Medium
BLW-MFG-0357,Compressor Unit,Manufacturing,Medium,37,3650,2024-12-02,2026-02-15,591,10.2,4745.0,71.3,2.52,0.732,1,147,2025-09-21,65841.0,84.3,1738,Medium
BLW-MFG-0357,Compressor Unit,Manufacturing,Medium,37,3650,2024-12-02,2026-03-02,606,10.2,4898.0,65.0,0.7,0.706,7,166,2025-09-17,40872.0,75.0,2062,Medium
BLW-MFG-0357,Compressor Unit,Manufacturing,Medium,37,3650,2024-12-02,2026-03-17,621,10.2,5051.0,77.3,2.55,0.918,6,59,2026-01-17,30548.0,75.9,1782,Low
BLW-MFG-0357,Compressor Unit,Manufacturing,Medium,37,3650,2024-12-02,2026-04-01,636,10.2,5204.0,53.2,2.91,0.84,5,338,2025-04-28,21463.0,72.6,1988,High
BLW-MFG-0357,Compressor Unit,Manufacturing,Medium,37,3650,2024-12-02,2026-04-16,651,10.2,5357.0,74.0,3.55,0.883,6,360,2025-04-21,23568.0,65.6,1738,High
BLW-MFG-0357,Compressor Unit,Manufacturing,Medium,37,3650,2024-12-02,2026-05-01,666,10.2,5510.0,73.8,2.84,0.802,7,250,2025-08-24,92154.0,70.0,1618,High
BLW-MFG-0357,Compressor Unit,Manufacturing,Medium,37,3650,2024-12-02,2026-05-16,681,10.2,5663.0,82.7,2.69,0.79,3,14,2026-05-02,47185.0,79.0,1625,Low
BLW-MFG-0358,Paint Booth Ventilation,Manufacturing,Low,15,2555,2024-12-27,2026-01-01,521,17.9,7672.0,55.2,2.04,0.798,8,165,2025-07-20,42933.0,71.9,1448,Medium
BLW-MFG-0358,Paint Booth Ventilation,Manufacturing,Low,15,2555,2024-12-27,2026-01-16,536,17.9,7940.5,87.4,1.03,0.879,5,210,2025-06-20,61750.0,67.7,1204,High
BLW-MFG-0358,Paint Booth Ventilation,Manufacturing,Low,15,2555,2024-12-27,2026-01-31,551,17.9,8209.0,58.7,2.68,0.755,7,217,2025-06-28,62809.0,70.9,1234,High
BLW-MFG-0358,Paint Booth Ventilation,Manufacturing,Low,15,2555,2024-12-27,2026-02-15,566,17.9,8477.5,66.0,1.6,0.815,0,137,2025-10-01,75398.0,84.1,1359,Medium
BLW-MFG-0358,Paint Booth Ventilation,Manufacturing,Low,15,2555,2024-12-27,2026-03-02,581,17.9,8746.0,60.0,3.26,0.948,3,173,2025-09-10,97259.0,80.6,1140,Medium
BLW-MFG-0358,Paint Booth Ventilation,Manufacturing,Low,15,2555,2024-12-27,2026-03-17,596,17.9,9014.5,59.0,2.78,0.891,0,157,2025-10-11,69907.0,83.0,1280,Medium
BLW-MFG-0358,Paint Booth Ventilation,Manufacturing,Low,15,2555,2024-12-27,2026-04-01,611,17.9,9283.0,71.4,3.18,0.888,3,293,2025-06-12,131965.0,71.2,1253,High
BLW-MFG-0358,Paint Booth Ventilation,Manufacturing,Low,15,2555,2024-12-27,2026-04-16,626,17.9,9551.5,72.9,3.2,0.921,8,105,2026-01-01,118035.0,62.7,1286,Medium
BLW-MFG-0358,Paint Booth Ventilation,Manufacturing,Low,15,2555,2024-12-27,2026-05-01,641,17.9,9820.0,44.9,2.23,0.837,1,314,2025-06-21,93559.0,82.0,1164,High
BLW-MFG-0358,Paint Booth Ventilation,Manufacturing,Low,15,2555,2024-12-27,2026-05-16,656,17.9,10088.5,71.9,3.96,0.964,2,309,2025-07-11,83266.0,68.3,1176,High
BLW-MFG-0359,CNC Wheel Lathe,Manufacturing,High,45,3650,2024-07-01,2026-01-01,700,11.3,7389.0,57.6,2.45,0.717,5,180,2025-07-05,116192.0,77.0,1966,Medium
BLW-MFG-0359,CNC Wheel Lathe,Manufacturing,High,45,3650,2024-07-01,2026-01-16,715,11.3,7558.5,67.4,3.29,0.846,8,32,2025-12-15,99965.0,72.6,1832,Low
BLW-MFG-0359,CNC Wheel Lathe,Manufacturing,High,45,3650,2024-07-01,2026-01-31,730,11.3,7728.0,45.7,2.13,0.807,8,107,2025-10-16,57504.0,75.8,1860,Low
BLW-MFG-0359,CNC Wheel Lathe,Manufacturing,High,45,3650,2024-07-01,2026-02-15,745,11.3,7897.5,78.3,4.73,0.854,3,80,2025-11-27,126532.0,70.6,1635,Low
BLW-MFG-0359,CNC Wheel Lathe,Manufacturing,High,45,3650,2024-07-01,2026-03-02,760,11.3,8067.0,45.8,3.03,0.938,6,117,2025-11-05,47077.0,75.5,1755,Low
BLW-MFG-0359,CNC Wheel Lathe,Manufacturing,High,45,3650,2024-07-01,2026-03-17,775,11.3,8236.5,66.8,3.0,0.754,2,191,2025-09-07,53068.0,82.2,1791,High
BLW-MFG-0359,CNC Wheel Lathe,Manufacturing,High,45,3650,2024-07-01,2026-04-01,790,11.3,8406.0,56.0,3.02,0.941,3,283,2025-06-22,111333.0,77.3,1942,High
BLW-MFG-0359,CNC Wheel Lathe,Manufacturing,High,45,3650,2024-07-01,2026-04-16,805,11.3,8575.5,60.1,4.49,0.911,0,18,2026-03-29,127595.0,87.2,1837,Low
BLW-MFG-0359,CNC Wheel Lathe,Manufacturing,High,45,3650,2024-07-01,2026-05-01,820,11.3,8745.0,81.3,2.41,0.811,8,52,2026-03-10,77717.0,70.1,1809,Low
BLW-MFG-0359,CNC Wheel Lathe,Manufacturing,High,45,3650,2024-07-01,2026-05-16,835,11.3,8914.5,58.4,3.47,0.822,7,21,2026-04-25,27757.0,75.0,1853,Low
BLW-LOC-0360,Air Compressor,Locomotive,High,22,3650,2020-02-19,2026-01-01,2294,9.2,19664.0,95.1,4.04,0.812,3,17,2025-12-15,44506.0,55.4,1040,Medium
BLW-LOC-0360,Air Compressor,Locomotive,High,22,3650,2020-02-19,2026-01-16,2309,9.2,19802.0,85.0,5.23,0.606,1,193,2025-07-07,100015.0,55.0,1004,High
BLW-LOC-0360,Air Compressor,Locomotive,High,22,3650,2020-02-19,2026-01-31,2324,9.2,19940.0,98.0,2.84,0.714,2,138,2025-09-15,129988.0,56.6,1152,Medium
BLW-LOC-0360,Air Compressor,Locomotive,High,22,3650,2020-02-19,2026-02-15,2339,9.2,20078.0,65.4,2.15,0.843,1,37,2026-01-09,78154.0,73.5,1456,Low
BLW-LOC-0360,Air Compressor,Locomotive,High,22,3650,2020-02-19,2026-03-02,2354,9.2,20216.0,82.9,2.54,0.921,6,10,2026-02-20,7138.0,61.1,1271,Medium
BLW-LOC-0360,Air Compressor,Locomotive,High,22,3650,2020-02-19,2026-03-17,2369,9.2,20354.0,84.0,6.17,0.732,8,309,2025-05-12,138251.0,37.4,1017,High
BLW-LOC-0360,Air Compressor,Locomotive,High,22,3650,2020-02-19,2026-04-01,2384,9.2,20492.0,95.6,5.35,0.914,1,301,2025-06-04,119930.0,45.4,1020,High
BLW-LOC-0360,Air Compressor,Locomotive,High,22,3650,2020-02-19,2026-04-16,2399,9.2,20630.0,100.6,5.18,0.89,3,310,2025-06-10,129599.0,39.8,919,High
BLW-LOC-0360,Air Compressor,Locomotive,High,22,3650,2020-02-19,2026-05-01,2414,9.2,20768.0,98.5,5.13,0.838,5,217,2025-09-26,79292.0,41.4,860,High
BLW-LOC-0360,Air Compressor,Locomotive,High,22,3650,2020-02-19,2026-05-16,2429,9.2,20906.0,100.0,3.01,0.989,0,154,2025-12-13,44737.0,55.7,1171,Medium
BLW-MFG-0361,Paint Booth Ventilation,Manufacturing,Low,15,2555,2020-07-23,2026-01-01,2139,9.7,18607.0,68.9,2.1,0.889,7,192,2025-06-23,47230.0,51.5,968,High
BLW-MFG-0361,Paint Booth Ventilation,Manufacturing,Low,15,2555,2020-07-23,2026-01-16,2154,9.7,18752.5,62.5,1.3,0.727,1,113,2025-09-25,145199.0,67.6,1083,Medium
BLW-MFG-0361,Paint Booth Ventilation,Manufacturing,Low,15,2555,2020-07-23,2026-01-31,2169,9.7,18898.0,77.4,4.36,0.995,8,142,2025-09-11,75086.0,41.0,747,High
BLW-MFG-0361,Paint Booth Ventilation,Manufacturing,Low,15,2555,2020-07-23,2026-02-15,2184,9.7,19043.5,62.5,2.35,0.651,8,259,2025-06-01,40469.0,50.5,896,High
BLW-MFG-0361,Paint Booth Ventilation,Manufacturing,Low,15,2555,2020-07-23,2026-03-02,2199,9.7,19189.0,67.8,4.9,0.789,0,254,2025-06-21,110496.0,55.6,873,High
BLW-MFG-0361,Paint Booth Ventilation,Manufacturing,Low,15,2555,2020-07-23,2026-03-17,2214,9.7,19334.5,72.4,3.31,0.809,5,279,2025-06-11,108614.0,48.2,817,High
BLW-MFG-0361,Paint Booth Ventilation,Manufacturing,Low,15,2555,2020-07-23,2026-04-01,2229,9.7,19480.0,80.0,1.53,0.947,7,114,2025-12-08,88793.0,48.3,904,High
BLW-MFG-0361,Paint Booth Ventilation,Manufacturing,Low,15,2555,2020-07-23,2026-04-16,2244,9.7,19625.5,66.4,2.04,0.913,0,203,2025-09-25,116825.0,67.2,969,High
BLW-MFG-0361,Paint Booth Ventilation,Manufacturing,Low,15,2555,2020-07-23,2026-05-01,2259,9.7,19771.0,80.0,1.14,0.728,7,189,2025-10-24,74137.0,50.2,853,High
BLW-MFG-0361,Paint Booth Ventilation,Manufacturing,Low,15,2555,2020-07-23,2026-05-16,2274,9.7,19916.5,49.9,2.62,0.773,1,329,2025-06-21,50038.0,61.1,981,High
BLW-MFG-0362,Hydraulic Press,Manufacturing,High,55,5475,2024-07-16,2026-01-01,685,14.8,7351.0,67.1,2.74,0.956,8,86,2025-10-07,35114.0,74.6,2863,Low
BLW-MFG-0362,Hydraulic Press,Manufacturing,High,55,5475,2024-07-16,2026-01-16,700,14.8,7573.0,79.8,2.5,0.699,7,303,2025-03-19,41246.0,67.2,2657,High
BLW-MFG-0362,Hydraulic Press,Manufacturing,High,55,5475,2024-07-16,2026-01-31,715,14.8,7795.0,68.3,2.33,0.768,2,206,2025-07-09,94391.0,83.5,3047,High
BLW-MFG-0362,Hydraulic Press,Manufacturing,High,55,5475,2024-07-16,2026-02-15,730,14.8,8017.0,76.8,3.66,0.892,7,267,2025-05-24,109840.0,64.3,2527,High
BLW-MFG-0362,Hydraulic Press,Manufacturing,High,55,5475,2024-07-16,2026-03-02,745,14.8,8239.0,82.7,2.66,0.877,3,30,2026-01-31,116274.0,77.3,2538,Low
BLW-MFG-0362,Hydraulic Press,Manufacturing,High,55,5475,2024-07-16,2026-03-17,760,14.8,8461.0,66.2,2.33,0.925,4,210,2025-08-19,50161.0,77.3,2927,High
BLW-MFG-0362,Hydraulic Press,Manufacturing,High,55,5475,2024-07-16,2026-04-01,775,14.8,8683.0,71.4,1.47,0.806,5,77,2026-01-14,10294.0,80.5,2918,Low
BLW-MFG-0362,Hydraulic Press,Manufacturing,High,55,5475,2024-07-16,2026-04-16,790,14.8,8905.0,68.1,3.76,0.844,6,2,2026-04-14,43881.0,76.5,2721,Low
BLW-MFG-0362,Hydraulic Press,Manufacturing,High,55,5475,2024-07-16,2026-05-01,805,14.8,9127.0,82.5,2.59,0.811,3,287,2025-07-18,120231.0,70.7,2593,High
BLW-MFG-0362,Hydraulic Press,Manufacturing,High,55,5475,2024-07-16,2026-05-16,820,14.8,9349.0,89.3,3.77,0.752,8,255,2025-09-03,50387.0,56.4,2369,High
BLW-MFG-0363,Material Handling Crane,Manufacturing,Critical,75,7300,2021-10-21,2026-01-01,1684,12.5,17785.0,54.1,2.15,0.954,8,41,2025-11-21,138578.0,75.4,3924,Low
BLW-MFG-0363,Material Handling Crane,Manufacturing,Critical,75,7300,2021-10-21,2026-01-16,1699,12.5,17972.5,80.9,2.19,0.736,6,358,2025-01-23,16238.0,62.3,3136,High
BLW-MFG-0363,Material Handling Crane,Manufacturing,Critical,75,7300,2021-10-21,2026-01-31,1714,12.5,18160.0,68.1,2.71,0.866,2,6,2026-01-25,28504.0,85.3,3727,Low
BLW-MFG-0363,Material Handling Crane,Manufacturing,Critical,75,7300,2021-10-21,2026-02-15,1729,12.5,18347.5,73.3,1.18,0.879,1,85,2025-11-22,33618.0,85.4,3059,Low
BLW-MFG-0363,Material Handling Crane,Manufacturing,Critical,75,7300,2021-10-21,2026-03-02,1744,12.5,18535.0,76.5,2.86,0.755,1,19,2026-02-11,133398.0,82.0,3680,Low
BLW-MFG-0363,Material Handling Crane,Manufacturing,Critical,75,7300,2021-10-21,2026-03-17,1759,12.5,18722.5,78.3,2.72,0.751,7,87,2025-12-20,95794.0,68.1,3411,Medium
BLW-MFG-0363,Material Handling Crane,Manufacturing,Critical,75,7300,2021-10-21,2026-04-01,1774,12.5,18910.0,65.2,2.84,1.132,8,249,2025-07-26,25280.0,68.0,3720,High
BLW-MFG-0363,Material Handling Crane,Manufacturing,Critical,75,7300,2021-10-21,2026-04-16,1789,12.5,19097.5,53.1,2.51,0.862,8,214,2025-09-14,62914.0,69.0,3981,High
BLW-MFG-0363,Material Handling Crane,Manufacturing,Critical,75,7300,2021-10-21,2026-05-01,1804,12.5,19285.0,88.3,2.72,1.038,4,60,2026-03-02,68145.0,70.0,3504,Low
BLW-MFG-0363,Material Handling Crane,Manufacturing,Critical,75,7300,2021-10-21,2026-05-16,1819,12.5,19472.5,73.9,3.77,1.005,4,346,2025-06-04,44311.0,66.6,3328,High
BLW-LOC-0364,Alternator,Locomotive,Critical,110,4380,2023-06-13,2026-01-01,1084,18.5,17430.0,75.9,4.12,0.752,2,72,2025-10-21,47079.0,72.0,1729,Low
BLW-LOC-0364,Alternator,Locomotive,Critical,110,4380,2023-06-13,2026-01-16,1099,18.5,17707.5,52.1,3.61,1.006,3,314,2025-03-08,143039.0,72.5,2071,High
BLW-LOC-0364,Alternator,Locomotive,Critical,110,4380,2023-06-13,2026-01-31,1114,18.5,17985.0,105.8,2.92,0.63,5,265,2025-05-11,92655.0,49.4,1434,High
BLW-LOC-0364,Alternator,Locomotive,Critical,110,4380,2023-06-13,2026-02-15,1129,18.5,18262.5,92.6,2.89,0.92,7,236,2025-06-24,35539.0,57.7,1587,High
BLW-LOC-0364,Alternator,Locomotive,Critical,110,4380,2023-06-13,2026-03-02,1144,18.5,18540.0,88.4,4.35,0.767,5,69,2025-12-23,28815.0,62.8,1589,Medium
BLW-LOC-0364,Alternator,Locomotive,Critical,110,4380,2023-06-13,2026-03-17,1159,18.5,18817.5,76.2,6.28,0.938,7,5,2026-03-12,51065.0,59.4,1667,Medium
BLW-LOC-0364,Alternator,Locomotive,Critical,110,4380,2023-06-13,2026-04-01,1174,18.5,19095.0,73.0,5.3,0.82,2,76,2026-01-15,73222.0,68.4,1729,Medium
BLW-LOC-0364,Alternator,Locomotive,Critical,110,4380,2023-06-13,2026-04-16,1189,18.5,19372.5,74.3,4.84,0.917,0,159,2025-11-08,106712.0,70.7,1862,Medium
BLW-LOC-0364,Alternator,Locomotive,Critical,110,4380,2023-06-13,2026-05-01,1204,18.5,19650.0,80.3,3.51,0.896,3,355,2025-05-11,18608.0,62.9,1858,High
BLW-LOC-0364,Alternator,Locomotive,Critical,110,4380,2023-06-13,2026-05-16,1219,18.5,19927.5,79.8,4.97,0.868,7,169,2025-11-28,18734.0,55.0,1522,Medium
BLW-LOC-0365,Axle Bearing Assembly,Locomotive,Critical,0,4015,2023-05-02,2026-01-01,1126,8.2,7434.0,92.7,3.51,0.875,8,115,2025-09-08,55019.0,58.4,1493,Medium
BLW-LOC-0365,Axle Bearing Assembly,Locomotive,Critical,0,4015,2023-05-02,2026-01-16,1141,8.2,7557.0,58.2,3.63,0.892,0,98,2025-10-10,44814.0,84.1,2136,Low
BLW-LOC-0365,Axle Bearing Assembly,Locomotive,Critical,0,4015,2023-05-02,2026-01-31,1156,8.2,7680.0,42.3,4.94,0.955,6,299,2025-04-07,110752.0,64.8,1511,High
BLW-LOC-0365,Axle Bearing Assembly,Locomotive,Critical,0,4015,2023-05-02,2026-02-15,1171,8.2,7803.0,99.7,2.42,0.804,5,319,2025-04-02,116213.0,56.8,1604,High
BLW-LOC-0365,Axle Bearing Assembly,Locomotive,Critical,0,4015,2023-05-02,2026-03-02,1186,8.2,7926.0,90.8,4.77,0.968,4,287,2025-05-19,83447.0,56.7,1508,High
BLW-LOC-0365,Axle Bearing Assembly,Locomotive,Critical,0,4015,2023-05-02,2026-03-17,1201,8.2,8049.0,65.6,2.85,0.982,3,39,2026-02-06,90933.0,82.1,2035,Low
BLW-LOC-0365,Axle Bearing Assembly,Locomotive,Critical,0,4015,2023-05-02,2026-04-01,1216,8.2,8172.0,75.1,4.89,0.741,1,110,2025-12-12,45598.0,74.1,1662,Low
BLW-LOC-0365,Axle Bearing Assembly,Locomotive,Critical,0,4015,2023-05-02,2026-04-16,1231,8.2,8295.0,108.9,2.02,1.097,4,288,2025-07-02,19837.0,56.7,1479,High
BLW-LOC-0365,Axle Bearing Assembly,Locomotive,Critical,0,4015,2023-05-02,2026-05-01,1246,8.2,8418.0,87.3,3.06,0.881,8,300,2025-07-05,98500.0,54.1,1578,High
BLW-LOC-0365,Axle Bearing Assembly,Locomotive,Critical,0,4015,2023-05-02,2026-05-16,1261,8.2,8541.0,92.5,2.87,0.803,6,169,2025-11-28,88470.0,58.9,1568,Medium
BLW-LOC-0366,Traction Motor,Locomotive,Critical,350,4380,2024-07-11,2026-01-01,690,16.3,9951.0,97.7,2.48,0.762,7,107,2025-09-16,29374.0,62.2,1761,Medium
BLW-LOC-0366,Traction Motor,Locomotive,Critical,350,4380,2024-07-11,2026-01-16,705,16.3,10195.5,112.2,3.35,0.895,3,110,2025-09-28,18244.0,62.9,1632,Medium
BLW-LOC-0366,Traction Motor,Locomotive,Critical,350,4380,2024-07-11,2026-01-31,720,16.3,10440.0,83.1,3.41,1.103,2,73,2025-11-19,28899.0,74.8,1904,Low
BLW-LOC-0366,Traction Motor,Locomotive,Critical,350,4380,2024-07-11,2026-02-15,735,16.3,10684.5,70.7,1.58,0.964,0,165,2025-09-03,16279.0,81.6,2269,Medium
BLW-LOC-0366,Traction Motor,Locomotive,Critical,350,4380,2024-07-11,2026-03-02,750,16.3,10929.0,78.1,6.39,0.65,0,70,2025-12-22,79197.0,70.3,1728,Low
BLW-LOC-0366,Traction Motor,Locomotive,Critical,350,4380,2024-07-11,2026-03-17,765,16.3,11173.5,79.0,3.09,0.865,7,217,2025-08-12,101402.0,62.6,2015,High
BLW-LOC-0366,Traction Motor,Locomotive,Critical,350,4380,2024-07-11,2026-04-01,780,16.3,11418.0,48.0,3.77,0.808,5,154,2025-10-29,77554.0,76.9,2375,Medium
BLW-LOC-0366,Traction Motor,Locomotive,Critical,350,4380,2024-07-11,2026-04-16,795,16.3,11662.5,78.6,5.52,0.847,1,123,2025-12-14,86221.0,69.3,1967,Medium
BLW-LOC-0366,Traction Motor,Locomotive,Critical,350,4380,2024-07-11,2026-05-01,810,16.3,11907.0,92.2,3.91,0.972,6,197,2025-10-16,107405.0,59.5,1730,High
BLW-LOC-0366,Traction Motor,Locomotive,Critical,350,4380,2024-07-11,2026-05-16,825,16.3,12151.5,65.3,3.63,0.97,5,159,2025-12-08,126604.0,73.4,2224,Medium
BLW-LOC-0367,Alternator,Locomotive,Critical,110,4380,2022-12-22,2026-01-01,1257,7.1,7868.0,83.8,2.45,0.692,3,85,2025-10-08,142096.0,73.1,1889,Low
BLW-LOC-0367,Alternator,Locomotive,Critical,110,4380,2022-12-22,2026-01-16,1272,7.1,7974.5,83.8,2.69,0.781,4,364,2025-01-17,25718.0,64.8,1919,High
BLW-LOC-0367,Alternator,Locomotive,Critical,110,4380,2022-12-22,2026-01-31,1287,7.1,8081.0,69.1,3.62,1.025,6,286,2025-04-20,69039.0,65.2,2045,High
BLW-LOC-0367,Alternator,Locomotive,Critical,110,4380,2022-12-22,2026-02-15,1302,7.1,8187.5,69.1,4.88,1.143,4,350,2025-03-02,22435.0,61.6,1771,High
BLW-LOC-0367,Alternator,Locomotive,Critical,110,4380,2022-12-22,2026-03-02,1317,7.1,8294.0,83.8,4.75,0.859,6,333,2025-04-03,55486.0,52.6,1672,High
BLW-LOC-0367,Alternator,Locomotive,Critical,110,4380,2022-12-22,2026-03-17,1332,7.1,8400.5,91.0,3.26,0.948,0,187,2025-09-11,129029.0,72.4,1818,High
BLW-LOC-0367,Alternator,Locomotive,Critical,110,4380,2022-12-22,2026-04-01,1347,7.1,8507.0,82.4,4.8,0.777,5,217,2025-08-27,35998.0,58.2,1682,High
BLW-LOC-0367,Alternator,Locomotive,Critical,110,4380,2022-12-22,2026-04-16,1362,7.1,8613.5,76.2,2.89,1.105,8,97,2026-01-09,60456.0,69.0,1909,Medium
BLW-LOC-0367,Alternator,Locomotive,Critical,110,4380,2022-12-22,2026-05-01,1377,7.1,8720.0,85.8,3.67,1.023,2,5,2026-04-26,33396.0,74.9,1643,Low
BLW-LOC-0367,Alternator,Locomotive,Critical,110,4380,2022-12-22,2026-05-16,1392,7.1,8826.5,92.3,2.38,1.106,5,269,2025-08-20,33259.0,62.1,1739,High
BLW-LOC-0368,Air Compressor,Locomotive,High,22,3650,2021-11-03,2026-01-01,1671,7.3,9889.0,74.4,3.15,0.913,4,257,2025-04-19,138627.0,65.5,1447,High
BLW-LOC-0368,Air Compressor,Locomotive,High,22,3650,2021-11-03,2026-01-16,1686,7.3,9998.5,106.4,5.48,0.75,4,17,2025-12-30,98847.0,50.9,1100,Medium
BLW-LOC-0368,Air Compressor,Locomotive,High,22,3650,2021-11-03,2026-01-31,1701,7.3,10108.0,98.1,3.2,0.958,7,203,2025-07-12,11368.0,54.9,1262,High
BLW-LOC-0368,Air Compressor,Locomotive,High,22,3650,2021-11-03,2026-02-15,1716,7.3,10217.5,70.9,3.86,0.895,4,140,2025-09-28,95664.0,65.6,1549,Medium
BLW-LOC-0368,Air Compressor,Locomotive,High,22,3650,2021-11-03,2026-03-02,1731,7.3,10327.0,62.4,2.9,0.961,0,241,2025-07-04,149599.0,74.5,1792,High
BLW-LOC-0368,Air Compressor,Locomotive,High,22,3650,2021-11-03,2026-03-17,1746,7.3,10436.5,51.8,1.67,0.815,7,251,2025-07-09,30197.0,68.3,1868,High
BLW-LOC-0368,Air Compressor,Locomotive,High,22,3650,2021-11-03,2026-04-01,1761,7.3,10546.0,83.7,3.5,0.95,8,53,2026-02-07,10538.0,56.3,1385,Medium
BLW-LOC-0368,Air Compressor,Locomotive,High,22,3650,2021-11-03,2026-04-16,1776,7.3,10655.5,65.6,3.95,0.869,0,313,2025-06-07,134668.0,69.5,1611,High
BLW-LOC-0368,Air Compressor,Locomotive,High,22,3650,2021-11-03,2026-05-01,1791,7.3,10765.0,86.8,5.31,0.697,2,361,2025-05-05,111748.0,53.1,1203,High
BLW-LOC-0368,Air Compressor,Locomotive,High,22,3650,2021-11-03,2026-05-16,1806,7.3,10874.5,98.2,4.85,0.956,2,42,2026-04-04,65838.0,57.8,1218,Medium
BLW-MFG-0369,Welding Robot,Manufacturing,Medium,18,2920,2020-04-24,2026-01-01,2229,12.2,24833.0,46.6,1.24,0.692,5,49,2025-11-13,129394.0,63.7,1171,Medium
BLW-MFG-0369,Welding Robot,Manufacturing,Medium,18,2920,2020-04-24,2026-01-16,2244,12.2,25016.0,30.1,4.04,0.838,4,99,2025-10-09,99990.0,55.7,1021,Medium
BLW-MFG-0369,Welding Robot,Manufacturing,Medium,18,2920,2020-04-24,2026-01-31,2259,12.2,25199.0,79.7,3.44,0.94,0,170,2025-08-14,126405.0,55.1,899,Medium
BLW-MFG-0369,Welding Robot,Manufacturing,Medium,18,2920,2020-04-24,2026-02-15,2274,12.2,25382.0,56.3,4.5,0.899,5,363,2025-02-17,29536.0,51.9,958,High
BLW-MFG-0369,Welding Robot,Manufacturing,Medium,18,2920,2020-04-24,2026-03-02,2289,12.2,25565.0,59.5,2.87,0.978,5,264,2025-06-11,7055.0,54.6,1087,High
BLW-MFG-0369,Welding Robot,Manufacturing,Medium,18,2920,2020-04-24,2026-03-17,2304,12.2,25748.0,70.2,3.09,0.78,6,213,2025-08-16,126469.0,49.8,969,High
BLW-MFG-0369,Welding Robot,Manufacturing,Medium,18,2920,2020-04-24,2026-04-01,2319,12.2,25931.0,69.7,3.95,1.026,0,33,2026-02-27,32976.0,62.2,949,Medium
BLW-MFG-0369,Welding Robot,Manufacturing,Medium,18,2920,2020-04-24,2026-04-16,2334,12.2,26114.0,60.7,3.32,0.801,8,75,2026-01-31,110699.0,53.7,1084,Medium
BLW-MFG-0369,Welding Robot,Manufacturing,Medium,18,2920,2020-04-24,2026-05-01,2349,12.2,26297.0,41.1,3.64,0.814,1,88,2026-02-02,69293.0,65.6,1012,Medium
BLW-MFG-0369,Welding Robot,Manufacturing,Medium,18,2920,2020-04-24,2026-05-16,2364,12.2,26480.0,86.6,4.07,0.922,4,311,2025-07-09,33809.0,42.6,768,High
BLW-LOC-0370,Wheel Assembly,Locomotive,Critical,0,5475,2020-12-20,2026-01-01,1989,14.9,28232.0,68.7,4.4,0.758,0,159,2025-07-26,44696.0,73.4,2188,Medium
BLW-LOC-0370,Wheel Assembly,Locomotive,Critical,0,5475,2020-12-20,2026-01-16,2004,14.9,28455.5,86.3,6.07,0.77,5,60,2025-11-17,54511.0,53.0,1751,Medium
BLW-LOC-0370,Wheel Assembly,Locomotive,Critical,0,5475,2020-12-20,2026-01-31,2019,14.9,28679.0,93.9,3.21,0.798,1,289,2025-04-17,139890.0,58.9,2084,High
BLW-LOC-0370,Wheel Assembly,Locomotive,Critical,0,5475,2020-12-20,2026-02-15,2034,14.9,28902.5,76.2,3.74,0.814,1,59,2025-12-18,138112.0,72.2,2186,Low
BLW-LOC-0370,Wheel Assembly,Locomotive,Critical,0,5475,2020-12-20,2026-03-02,2049,14.9,29126.0,66.1,2.54,0.63,2,44,2026-01-17,31921.0,76.2,2567,Low
BLW-LOC-0370,Wheel Assembly,Locomotive,Critical,0,5475,2020-12-20,2026-03-17,2064,14.9,29349.5,101.9,4.57,0.942,0,86,2025-12-21,119367.0,59.2,1722,Medium
BLW-LOC-0370,Wheel Assembly,Locomotive,Critical,0,5475,2020-12-20,2026-04-01,2079,14.9,29573.0,87.1,5.97,0.868,3,326,2025-05-10,59307.0,51.1,1763,High
BLW-LOC-0370,Wheel Assembly,Locomotive,Critical,0,5475,2020-12-20,2026-04-16,2094,14.9,29796.5,94.6,1.44,0.997,1,126,2025-12-11,49628.0,67.0,2035,Medium
BLW-LOC-0370,Wheel Assembly,Locomotive,Critical,0,5475,2020-12-20,2026-05-01,2109,14.9,30020.0,62.2,3.89,0.894,3,67,2026-02-23,50021.0,70.5,2181,Low
BLW-LOC-0370,Wheel Assembly,Locomotive,Critical,0,5475,2020-12-20,2026-05-16,2124,14.9,30243.5,92.5,5.0,0.918,6,361,2025-05-20,46626.0,45.2,1673,High
BLW-LOC-0371,Traction Motor,Locomotive,Critical,350,4380,2020-10-14,2026-01-01,2056,13.9,23554.0,77.2,2.4,0.663,3,139,2025-08-15,133117.0,69.3,1839,Medium
BLW-LOC-0371,Traction Motor,Locomotive,Critical,350,4380,2020-10-14,2026-01-16,2071,13.9,23762.5,57.9,3.74,0.843,2,151,2025-08-18,42606.0,70.5,1807,Medium
BLW-LOC-0371,Traction Motor,Locomotive,Critical,350,4380,2020-10-14,2026-01-31,2086,13.9,23971.0,85.3,4.58,0.908,7,135,2025-09-18,18400.0,49.5,1366,High
BLW-LOC-0371,Traction Motor,Locomotive,Critical,350,4380,2020-10-14,2026-02-15,2101,13.9,24179.5,94.5,4.21,0.874,5,296,2025-04-25,57724.0,46.2,1336,High
BLW-LOC-0371,Traction Motor,Locomotive,Critical,350,4380,2020-10-14,2026-03-02,2116,13.9,24388.0,74.2,4.69,0.741,8,230,2025-07-15,125278.0,48.7,1547,High
BLW-LOC-0371,Traction Motor,Locomotive,Critical,350,4380,2020-10-14,2026-03-17,2131,13.9,24596.5,65.0,1.86,0.883,2,18,2026-02-27,142701.0,75.2,1824,Low
BLW-LOC-0371,Traction Motor,Locomotive,Critical,350,4380,2020-10-14,2026-04-01,2146,13.9,24805.0,94.1,3.55,1.034,6,79,2026-01-12,83003.0,50.8,1367,Medium
BLW-LOC-0371,Traction Motor,Locomotive,Critical,350,4380,2020-10-14,2026-04-16,2161,13.9,25013.5,89.6,2.45,1.009,3,359,2025-04-22,67909.0,56.1,1446,High
BLW-LOC-0371,Traction Motor,Locomotive,Critical,350,4380,2020-10-14,2026-05-01,2176,13.9,25222.0,83.8,4.36,0.819,4,106,2026-01-15,54616.0,54.9,1470,Medium
BLW-LOC-0371,Traction Motor,Locomotive,Critical,350,4380,2020-10-14,2026-05-16,2191,13.9,25430.5,118.4,3.49,1.083,8,282,2025-08-07,125329.0,36.1,1050,High
BLW-LOC-0372,Traction Motor,Locomotive,Critical,350,4380,2020-07-04,2026-01-01,2158,13.2,21741.0,89.6,3.49,0.814,3,239,2025-05-07,42823.0,56.7,1607,High
BLW-LOC-0372,Traction Motor,Locomotive,Critical,350,4380,2020-07-04,2026-01-16,2173,13.2,21939.0,83.3,2.93,0.832,1,264,2025-04-27,100458.0,66.5,1638,High
BLW-LOC-0372,Traction Motor,Locomotive,Critical,350,4380,2020-07-04,2026-01-31,2188,13.2,22137.0,70.7,2.23,0.641,2,243,2025-06-02,25273.0,69.2,1912,High
BLW-LOC-0372,Traction Motor,Locomotive,Critical,350,4380,2020-07-04,2026-02-15,2203,13.2,22335.0,74.4,3.63,0.725,5,190,2025-08-09,86747.0,59.2,1673,High
BLW-LOC-0372,Traction Motor,Locomotive,Critical,350,4380,2020-07-04,2026-03-02,2218,13.2,22533.0,73.2,5.73,0.77,0,165,2025-09-18,106687.0,63.3,1558,Medium
BLW-LOC-0372,Traction Motor,Locomotive,Critical,350,4380,2020-07-04,2026-03-17,2233,13.2,22731.0,80.8,3.52,0.704,5,4,2026-03-13,28019.0,64.0,1547,Medium
BLW-LOC-0372,Traction Motor,Locomotive,Critical,350,4380,2020-07-04,2026-04-01,2248,13.2,22929.0,90.9,4.61,0.805,7,171,2025-10-12,53817.0,46.1,1386,High
BLW-LOC-0372,Traction Motor,Locomotive,Critical,350,4380,2020-07-04,2026-04-16,2263,13.2,23127.0,66.8,6.4,0.796,1,95,2026-01-11,137407.0,61.8,1512,Medium
BLW-LOC-0372,Traction Motor,Locomotive,Critical,350,4380,2020-07-04,2026-05-01,2278,13.2,23325.0,117.5,1.61,0.873,4,83,2026-02-07,72692.0,55.2,1240,Medium
BLW-LOC-0372,Traction Motor,Locomotive,Critical,350,4380,2020-07-04,2026-05-16,2293,13.2,23523.0,90.9,3.09,0.823,2,11,2026-05-05,68656.0,64.2,1416,Medium
BLW-LOC-0373,Axle Bearing Assembly,Locomotive,Critical,0,4015,2023-04-30,2026-01-01,1128,14.1,13209.0,77.3,3.03,0.794,6,242,2025-05-04,125944.0,63.2,1566,High
BLW-LOC-0373,Axle Bearing Assembly,Locomotive,Critical,0,4015,2023-04-30,2026-01-16,1143,14.1,13420.5,75.4,6.33,0.725,4,191,2025-07-09,92137.0,60.5,1471,High
BLW-LOC-0373,Axle Bearing Assembly,Locomotive,Critical,0,4015,2023-04-30,2026-01-31,1158,14.1,13632.0,70.6,2.02,0.877,7,347,2025-02-18,63167.0,65.9,1849,High
BLW-LOC-0373,Axle Bearing Assembly,Locomotive,Critical,0,4015,2023-04-30,2026-02-15,1173,14.1,13843.5,79.2,4.86,0.906,0,119,2025-10-19,115660.0,68.3,1600,Medium
BLW-LOC-0373,Axle Bearing Assembly,Locomotive,Critical,0,4015,2023-04-30,2026-03-02,1188,14.1,14055.0,103.9,3.66,0.541,8,55,2026-01-06,66043.0,52.4,1313,Medium
BLW-LOC-0373,Axle Bearing Assembly,Locomotive,Critical,0,4015,2023-04-30,2026-03-17,1203,14.1,14266.5,54.6,1.73,0.992,4,295,2025-05-26,63109.0,73.8,1951,High
BLW-LOC-0373,Axle Bearing Assembly,Locomotive,Critical,0,4015,2023-04-30,2026-04-01,1218,14.1,14478.0,82.3,3.03,0.892,0,83,2026-01-08,79270.0,75.6,1617,Low
BLW-LOC-0373,Axle Bearing Assembly,Locomotive,Critical,0,4015,2023-04-30,2026-04-16,1233,14.1,14689.5,75.9,4.38,0.89,4,305,2025-06-15,144959.0,61.0,1796,High
BLW-LOC-0373,Axle Bearing Assembly,Locomotive,Critical,0,4015,2023-04-30,2026-05-01,1248,14.1,14901.0,95.4,4.92,0.87,8,101,2026-01-20,142967.0,50.5,1287,Medium
BLW-LOC-0373,Axle Bearing Assembly,Locomotive,Critical,0,4015,2023-04-30,2026-05-16,1263,14.1,15112.5,96.9,3.82,0.922,2,66,2026-03-11,101194.0,64.9,1453,Medium
BLW-MFG-0374,CNC Milling Machine,Manufacturing,High,30,3650,2020-07-04,2026-01-01,2158,10.3,20666.0,100.3,2.2,0.752,5,234,2025-05-12,62419.0,49.9,1113,High
BLW-MFG-0374,CNC Milling Machine,Manufacturing,High,30,3650,2020-07-04,2026-01-16,2173,10.3,20820.5,62.3,1.87,0.874,7,0,2026-01-16,100498.0,68.3,1522,Medium
BLW-MFG-0374,CNC Milling Machine,Manufacturing,High,30,3650,2020-07-04,2026-01-31,2188,10.3,20975.0,75.2,1.23,0.759,3,88,2025-11-04,48686.0,66.9,1360,Medium
BLW-MFG-0374,CNC Milling Machine,Manufacturing,High,30,3650,2020-07-04,2026-02-15,2203,10.3,21129.5,46.4,2.67,0.904,1,94,2025-11-13,39247.0,76.6,1525,Low
BLW-MFG-0374,CNC Milling Machine,Manufacturing,High,30,3650,2020-07-04,2026-03-02,2218,10.3,21284.0,77.0,3.57,0.962,3,223,2025-07-22,18074.0,57.5,1184,High
BLW-MFG-0374,CNC Milling Machine,Manufacturing,High,30,3650,2020-07-04,2026-03-17,2233,10.3,21438.5,69.8,2.14,0.773,3,78,2025-12-29,104283.0,68.7,1465,Medium
BLW-MFG-0374,CNC Milling Machine,Manufacturing,High,30,3650,2020-07-04,2026-04-01,2248,10.3,21593.0,71.5,3.73,0.813,5,2,2026-03-30,74215.0,62.8,1331,Medium
BLW-MFG-0374,CNC Milling Machine,Manufacturing,High,30,3650,2020-07-04,2026-04-16,2263,10.3,21747.5,81.8,2.98,0.847,5,51,2026-02-24,73266.0,58.5,1270,Medium
BLW-MFG-0374,CNC Milling Machine,Manufacturing,High,30,3650,2020-07-04,2026-05-01,2278,10.3,21902.0,62.0,2.41,0.938,6,357,2025-05-09,35811.0,56.7,1501,High
BLW-MFG-0374,CNC Milling Machine,Manufacturing,High,30,3650,2020-07-04,2026-05-16,2293,10.3,22056.5,84.4,2.93,0.948,7,342,2025-06-08,59562.0,45.6,1175,High
BLW-LOC-0375,Axle Bearing Assembly,Locomotive,Critical,0,4015,2023-12-17,2026-01-01,897,9.4,8222.0,54.1,5.08,0.714,6,65,2025-10-28,51162.0,72.2,1743,Low
BLW-LOC-0375,Axle Bearing Assembly,Locomotive,Critical,0,4015,2023-12-17,2026-01-16,912,9.4,8363.0,98.6,6.2,0.653,2,204,2025-06-26,117123.0,54.0,1357,High
BLW-LOC-0375,Axle Bearing Assembly,Locomotive,Critical,0,4015,2023-12-17,2026-01-31,927,9.4,8504.0,87.3,4.53,0.791,4,345,2025-02-20,110904.0,60.7,1584,High
BLW-LOC-0375,Axle Bearing Assembly,Locomotive,Critical,0,4015,2023-12-17,2026-02-15,942,9.4,8645.0,62.1,3.35,0.721,6,305,2025-04-16,62108.0,71.2,1901,High
BLW-LOC-0375,Axle Bearing Assembly,Locomotive,Critical,0,4015,2023-12-17,2026-03-02,957,9.4,8786.0,88.6,3.14,0.796,1,177,2025-09-06,75805.0,68.5,1765,Medium
BLW-LOC-0375,Axle Bearing Assembly,Locomotive,Critical,0,4015,2023-12-17,2026-03-17,972,9.4,8927.0,101.5,2.65,0.69,0,113,2025-11-24,133410.0,72.5,1479,Low
BLW-LOC-0375,Axle Bearing Assembly,Locomotive,Critical,0,4015,2023-12-17,2026-04-01,987,9.4,9068.0,101.1,2.71,0.748,2,120,2025-12-02,58524.0,67.8,1509,Medium
BLW-LOC-0375,Axle Bearing Assembly,Locomotive,Critical,0,4015,2023-12-17,2026-04-16,1002,9.4,9209.0,73.0,4.27,0.594,5,256,2025-08-03,124370.0,67.3,1764,High
BLW-LOC-0375,Axle Bearing Assembly,Locomotive,Critical,0,4015,2023-12-17,2026-05-01,1017,9.4,9350.0,65.0,2.68,1.009,6,39,2026-03-23,98609.0,78.0,2129,Low
BLW-LOC-0375,Axle Bearing Assembly,Locomotive,Critical,0,4015,2023-12-17,2026-05-16,1032,9.4,9491.0,75.0,4.31,0.946,2,255,2025-09-03,32256.0,70.4,1861,High
BLW-MFG-0376,Paint Booth Ventilation,Manufacturing,Low,15,2555,2021-09-10,2026-01-01,1725,12.1,16737.0,56.4,2.7,0.759,2,217,2025-05-29,26858.0,66.5,1109,High
BLW-MFG-0376,Paint Booth Ventilation,Manufacturing,Low,15,2555,2021-09-10,2026-01-16,1740,12.1,16918.5,46.0,3.85,0.711,4,198,2025-07-02,102915.0,59.6,1064,High
BLW-MFG-0376,Paint Booth Ventilation,Manufacturing,Low,15,2555,2021-09-10,2026-01-31,1755,12.1,17100.0,70.5,3.21,0.712,7,17,2026-01-14,42848.0,55.8,991,Medium
BLW-MFG-0376,Paint Booth Ventilation,Manufacturing,Low,15,2555,2021-09-10,2026-02-15,1770,12.1,17281.5,60.3,2.5,0.931,6,91,2025-11-16,28714.0,61.8,1072,Medium
BLW-MFG-0376,Paint Booth Ventilation,Manufacturing,Low,15,2555,2021-09-10,2026-03-02,1785,12.1,17463.0,68.7,3.0,0.788,8,54,2026-01-07,72414.0,55.1,912,Medium
BLW-MFG-0376,Paint Booth Ventilation,Manufacturing,Low,15,2555,2021-09-10,2026-03-17,1800,12.1,17644.5,74.8,2.45,0.942,1,177,2025-09-21,104480.0,64.0,937,Medium
BLW-MFG-0376,Paint Booth Ventilation,Manufacturing,Low,15,2555,2021-09-10,2026-04-01,1815,12.1,17826.0,66.9,2.73,0.951,1,335,2025-05-01,130058.0,61.7,1014,High
BLW-MFG-0376,Paint Booth Ventilation,Manufacturing,Low,15,2555,2021-09-10,2026-04-16,1830,12.1,18007.5,87.5,3.61,1.021,0,82,2026-01-24,51259.0,62.1,811,Medium
BLW-MFG-0376,Paint Booth Ventilation,Manufacturing,Low,15,2555,2021-09-10,2026-05-01,1845,12.1,18189.0,83.3,4.57,1.013,8,196,2025-10-17,104513.0,42.9,823,High
BLW-MFG-0376,Paint Booth Ventilation,Manufacturing,Low,15,2555,2021-09-10,2026-05-16,1860,12.1,18370.5,68.6,2.5,0.83,0,248,2025-09-10,99803.0,64.0,1104,High
BLW-LOC-0377,Brake System,Locomotive,Critical,12,2920,2022-05-15,2026-01-01,1478,16.8,19638.0,73.8,5.05,0.702,4,324,2025-02-11,21814.0,52.2,929,High
BLW-LOC-0377,Brake System,Locomotive,Critical,12,2920,2022-05-15,2026-01-16,1493,16.8,19890.0,59.5,5.5,0.988,7,257,2025-05-04,59060.0,51.5,1025,High
BLW-LOC-0377,Brake System,Locomotive,Critical,12,2920,2022-05-15,2026-01-31,1508,16.8,20142.0,86.2,3.83,0.765,7,364,2025-02-01,53584.0,42.3,992,High
BLW-LOC-0377,Brake System,Locomotive,Critical,12,2920,2022-05-15,2026-02-15,1523,16.8,20394.0,120.5,5.53,0.922,8,186,2025-08-13,21192.0,30.8,465,High
BLW-LOC-0377,Brake System,Locomotive,Critical,12,2920,2022-05-15,2026-03-02,1538,16.8,20646.0,70.2,3.04,1.128,2,217,2025-07-28,82098.0,67.4,1172,High
BLW-LOC-0377,Brake System,Locomotive,Critical,12,2920,2022-05-15,2026-03-17,1553,16.8,20898.0,67.6,4.82,0.846,6,345,2025-04-06,16601.0,46.4,1022,High
BLW-LOC-0377,Brake System,Locomotive,Critical,12,2920,2022-05-15,2026-04-01,1568,16.8,21150.0,70.2,2.83,0.85,0,172,2025-10-11,142489.0,69.4,1156,Medium
BLW-LOC-0377,Brake System,Locomotive,Critical,12,2920,2022-05-15,2026-04-16,1583,16.8,21402.0,82.4,1.6,1.067,4,101,2026-01-05,79660.0,61.0,1026,Medium
BLW-LOC-0377,Brake System,Locomotive,Critical,12,2920,2022-05-15,2026-05-01,1598,16.8,21654.0,79.5,3.77,1.065,7,222,2025-09-21,12039.0,50.0,993,High
BLW-LOC-0377,Brake System,Locomotive,Critical,12,2920,2022-05-15,2026-05-16,1613,16.8,21906.0,89.3,4.23,0.932,4,20,2026-04-26,22625.0,52.4,860,Medium
BLW-LOC-0378,Diesel Engine Auxiliary,Locomotive,High,85,3650,2022-07-31,2026-01-01,1401,11.1,15034.0,95.4,8.23,0.705,5,129,2025-08-25,66727.0,46.1,878,High
BLW-LOC-0378,Diesel Engine Auxiliary,Locomotive,High,85,3650,2022-07-31,2026-01-16,1416,11.1,15200.5,109.5,1.93,0.93,4,12,2026-01-04,83699.0,57.7,1236,Medium
BLW-LOC-0378,Diesel Engine Auxiliary,Locomotive,High,85,3650,2022-07-31,2026-01-31,1431,11.1,15367.0,79.1,4.88,0.731,2,150,2025-09-03,56748.0,64.1,1367,Medium
BLW-LOC-0378,Diesel Engine Auxiliary,Locomotive,High,85,3650,2022-07-31,2026-02-15,1446,11.1,15533.5,84.5,4.8,0.711,0,228,2025-07-02,52072.0,63.9,1294,High
BLW-LOC-0378,Diesel Engine Auxiliary,Locomotive,High,85,3650,2022-07-31,2026-03-02,1461,11.1,15700.0,97.6,4.1,0.845,0,305,2025-05-01,21194.0,56.5,1301,High
BLW-LOC-0378,Diesel Engine Auxiliary,Locomotive,High,85,3650,2022-07-31,2026-03-17,1476,11.1,15866.5,100.9,3.11,0.739,0,272,2025-06-18,112109.0,61.0,1199,High
BLW-LOC-0378,Diesel Engine Auxiliary,Locomotive,High,85,3650,2022-07-31,2026-04-01,1491,11.1,16033.0,63.2,2.52,0.83,3,89,2026-01-02,17187.0,74.5,1546,Low
BLW-LOC-0378,Diesel Engine Auxiliary,Locomotive,High,85,3650,2022-07-31,2026-04-16,1506,11.1,16199.5,66.6,4.62,0.732,1,64,2026-02-11,110384.0,72.6,1675,Low
BLW-LOC-0378,Diesel Engine Auxiliary,Locomotive,High,85,3650,2022-07-31,2026-05-01,1521,11.1,16366.0,83.7,4.31,0.776,7,220,2025-09-23,134444.0,55.3,1284,High
BLW-LOC-0378,Diesel Engine Auxiliary,Locomotive,High,85,3650,2022-07-31,2026-05-16,1536,11.1,16532.5,81.8,5.53,0.873,5,234,2025-09-24,104904.0,52.4,1243,High
BLW-MFG-0379,Material Handling Crane,Manufacturing,Critical,75,7300,2024-08-17,2026-01-01,653,18.7,11963.0,61.7,3.13,0.875,8,291,2025-03-16,71471.0,68.6,3642,High
BLW-MFG-0379,Material Handling Crane,Manufacturing,Critical,75,7300,2024-08-17,2026-01-16,668,18.7,12243.5,58.5,1.59,0.666,1,167,2025-08-02,59055.0,90.2,4327,Medium
BLW-MFG-0379,Material Handling Crane,Manufacturing,Critical,75,7300,2024-08-17,2026-01-31,683,18.7,12524.0,77.1,0.76,0.805,2,311,2025-03-26,146642.0,75.4,3768,High
BLW-MFG-0379,Material Handling Crane,Manufacturing,Critical,75,7300,2024-08-17,2026-02-15,698,18.7,12804.5,62.4,3.48,0.833,1,195,2025-08-04,79332.0,80.7,3652,High
BLW-MFG-0379,Material Handling Crane,Manufacturing,Critical,75,7300,2024-08-17,2026-03-02,713,18.7,13085.0,68.3,3.08,0.699,1,172,2025-09-11,139479.0,80.7,3784,Medium
BLW-MFG-0379,Material Handling Crane,Manufacturing,Critical,75,7300,2024-08-17,2026-03-17,728,18.7,13365.5,52.2,1.55,0.8,4,216,2025-08-13,63107.0,82.2,3901,High
BLW-MFG-0379,Material Handling Crane,Manufacturing,Critical,75,7300,2024-08-17,2026-04-01,743,18.7,13646.0,61.4,3.11,0.778,2,131,2025-11-21,109631.0,85.1,3828,Medium
BLW-MFG-0379,Material Handling Crane,Manufacturing,Critical,75,7300,2024-08-17,2026-04-16,758,18.7,13926.5,72.6,3.94,0.939,1,221,2025-09-07,144948.0,79.3,3686,High
BLW-MFG-0379,Material Handling Crane,Manufacturing,Critical,75,7300,2024-08-17,2026-05-01,773,18.7,14207.0,74.3,2.81,0.821,3,292,2025-07-13,42841.0,73.2,3652,High
BLW-MFG-0379,Material Handling Crane,Manufacturing,Critical,75,7300,2024-08-17,2026-05-16,788,18.7,14487.5,80.6,2.6,0.861,4,315,2025-07-05,79536.0,69.2,3567,High
BLW-MFG-0380,Material Handling Crane,Manufacturing,Critical,75,7300,2023-11-22,2026-01-01,922,17.2,12881.0,58.4,2.13,0.752,7,110,2025-09-13,115304.0,80.0,3930,Low
BLW-MFG-0380,Material Handling Crane,Manufacturing,Critical,75,7300,2023-11-22,2026-01-16,937,17.2,13139.0,60.7,3.09,0.784,6,140,2025-08-29,113296.0,78.7,3609,Medium
BLW-MFG-0380,Material Handling Crane,Manufacturing,Critical,75,7300,2023-11-22,2026-01-31,952,17.2,13397.0,64.4,1.64,0.795,2,141,2025-09-12,77727.0,83.5,4110,Medium
BLW-MFG-0380,Material Handling Crane,Manufacturing,Critical,75,7300,2023-11-22,2026-02-15,967,17.2,13655.0,76.6,3.66,0.838,0,309,2025-04-12,62807.0,73.7,3319,High
BLW-MFG-0380,Material Handling Crane,Manufacturing,Critical,75,7300,2023-11-22,2026-03-02,982,17.2,13913.0,86.6,4.29,0.852,2,347,2025-03-20,46312.0,63.7,3312,High
BLW-MFG-0380,Material Handling Crane,Manufacturing,Critical,75,7300,2023-11-22,2026-03-17,997,17.2,14171.0,60.7,3.26,0.98,0,208,2025-08-21,35035.0,84.2,4031,High
BLW-MFG-0380,Material Handling Crane,Manufacturing,Critical,75,7300,2023-11-22,2026-04-01,1012,17.2,14429.0,76.0,3.06,0.751,6,336,2025-04-30,23816.0,64.5,3514,High
BLW-MFG-0380,Material Handling Crane,Manufacturing,Critical,75,7300,2023-11-22,2026-04-16,1027,17.2,14687.0,53.5,3.27,0.909,4,236,2025-08-23,91867.0,79.2,3548,High
BLW-MFG-0380,Material Handling Crane,Manufacturing,Critical,75,7300,2023-11-22,2026-05-01,1042,17.2,14945.0,87.2,4.73,0.901,5,49,2026-03-13,37092.0,64.3,2913,Medium
BLW-MFG-0380,Material Handling Crane,Manufacturing,Critical,75,7300,2023-11-22,2026-05-16,1057,17.2,15203.0,71.6,3.49,0.867,0,363,2025-05-18,52068.0,76.6,3578,High
BLW-MFG-0381,CNC Turning Center,Manufacturing,High,22,3650,2023-06-06,2026-01-01,1091,10.0,9967.0,68.2,2.39,0.786,7,301,2025-03-06,66011.0,64.3,1901,High
BLW-MFG-0381,CNC Turning Center,Manufacturing,High,22,3650,2023-06-06,2026-01-16,1106,10.0,10117.0,83.4,3.35,0.958,5,277,2025-04-14,61411.0,61.7,1529,High
BLW-MFG-0381,CNC Turning Center,Manufacturing,High,22,3650,2023-06-06,2026-01-31,1121,10.0,10267.0,48.5,2.66,0.796,8,6,2026-01-25,54728.0,72.4,1658,Low
BLW-MFG-0381,CNC Turning Center,Manufacturing,High,22,3650,2023-06-06,2026-02-15,1136,10.0,10417.0,73.3,3.24,0.718,5,177,2025-08-22,124281.0,66.5,1725,Medium
BLW-MFG-0381,CNC Turning Center,Manufacturing,High,22,3650,2023-06-06,2026-03-02,1151,10.0,10567.0,57.7,3.15,0.821,2,236,2025-07-09,128882.0,77.8,1726,High
BLW-MFG-0381,CNC Turning Center,Manufacturing,High,22,3650,2023-06-06,2026-03-17,1166,10.0,10717.0,70.1,3.2,0.868,7,107,2025-11-30,82175.0,67.5,1679,Medium
BLW-MFG-0381,CNC Turning Center,Manufacturing,High,22,3650,2023-06-06,2026-04-01,1181,10.0,10867.0,96.1,5.41,0.786,2,344,2025-04-22,61559.0,49.3,1281,High
BLW-MFG-0381,CNC Turning Center,Manufacturing,High,22,3650,2023-06-06,2026-04-16,1196,10.0,11017.0,72.8,4.1,0.883,6,16,2026-03-31,100801.0,68.0,1648,Medium
BLW-MFG-0381,CNC Turning Center,Manufacturing,High,22,3650,2023-06-06,2026-05-01,1211,10.0,11167.0,86.6,1.95,0.778,1,323,2025-06-12,75548.0,69.0,1630,High
BLW-MFG-0381,CNC Turning Center,Manufacturing,High,22,3650,2023-06-06,2026-05-16,1226,10.0,11317.0,69.5,3.64,0.965,5,42,2026-04-04,35095.0,74.3,1687,Low
BLW-LOC-0382,Cooling System,Locomotive,High,18,3285,2021-09-14,2026-01-01,1721,10.1,13812.0,65.2,3.32,0.841,7,15,2025-12-17,27606.0,66.0,1378,Medium
BLW-LOC-0382,Cooling System,Locomotive,High,18,3285,2021-09-14,2026-01-16,1736,10.1,13963.5,109.6,3.0,0.901,2,319,2025-03-03,55986.0,52.5,962,High
BLW-LOC-0382,Cooling System,Locomotive,High,18,3285,2021-09-14,2026-01-31,1751,10.1,14115.0,81.8,2.47,0.87,6,212,2025-07-03,149395.0,56.3,1329,High
BLW-LOC-0382,Cooling System,Locomotive,High,18,3285,2021-09-14,2026-02-15,1766,10.1,14266.5,82.6,2.53,0.966,0,145,2025-09-23,85684.0,69.9,1358,Medium
BLW-LOC-0382,Cooling System,Locomotive,High,18,3285,2021-09-14,2026-03-02,1781,10.1,14418.0,64.0,4.14,0.963,7,120,2025-11-02,59416.0,59.7,1223,Medium
BLW-LOC-0382,Cooling System,Locomotive,High,18,3285,2021-09-14,2026-03-17,1796,10.1,14569.5,81.4,5.22,1.01,8,67,2026-01-09,59872.0,49.1,988,High
BLW-LOC-0382,Cooling System,Locomotive,High,18,3285,2021-09-14,2026-04-01,1811,10.1,14721.0,76.3,3.24,0.934,1,49,2026-02-11,62384.0,70.7,1249,Low
BLW-LOC-0382,Cooling System,Locomotive,High,18,3285,2021-09-14,2026-04-16,1826,10.1,14872.5,100.2,4.02,0.937,3,56,2026-02-19,87758.0,52.6,879,Medium
BLW-LOC-0382,Cooling System,Locomotive,High,18,3285,2021-09-14,2026-05-01,1841,10.1,15024.0,62.8,3.32,0.959,2,81,2026-02-09,116197.0,69.8,1525,Medium
BLW-LOC-0382,Cooling System,Locomotive,High,18,3285,2021-09-14,2026-05-16,1856,10.1,15175.5,87.8,5.58,0.789,6,281,2025-08-08,64235.0,44.6,988,High
BLW-MFG-0383,Paint Booth Ventilation,Manufacturing,Low,15,2555,2022-05-06,2026-01-01,1487,18.6,21675.0,74.8,2.59,0.867,5,322,2025-02-13,20318.0,53.8,926,High
BLW-MFG-0383,Paint Booth Ventilation,Manufacturing,Low,15,2555,2022-05-06,2026-01-16,1502,18.6,21954.0,68.7,1.15,0.895,5,257,2025-05-04,82666.0,61.1,965,High
BLW-MFG-0383,Paint Booth Ventilation,Manufacturing,Low,15,2555,2022-05-06,2026-01-31,1517,18.6,22233.0,65.5,3.69,0.833,6,115,2025-10-08,129563.0,56.7,940,Medium
BLW-MFG-0383,Paint Booth Ventilation,Manufacturing,Low,15,2555,2022-05-06,2026-02-15,1532,18.6,22512.0,62.3,2.87,0.839,7,237,2025-06-23,46511.0,53.3,1014,High
BLW-MFG-0383,Paint Booth Ventilation,Manufacturing,Low,15,2555,2022-05-06,2026-03-02,1547,18.6,22791.0,87.0,2.62,0.716,7,80,2025-12-12,138967.0,50.0,831,Medium
BLW-MFG-0383,Paint Booth Ventilation,Manufacturing,Low,15,2555,2022-05-06,2026-03-17,1562,18.6,23070.0,52.9,3.18,0.774,2,204,2025-08-25,46819.0,64.0,1052,High
BLW-MFG-0383,Paint Booth Ventilation,Manufacturing,Low,15,2555,2022-05-06,2026-04-01,1577,18.6,23349.0,51.4,1.53,0.917,8,171,2025-10-12,115626.0,55.7,1019,Medium
BLW-MFG-0383,Paint Booth Ventilation,Manufacturing,Low,15,2555,2022-05-06,2026-04-16,1592,18.6,23628.0,49.0,2.71,0.898,2,349,2025-05-02,136556.0,62.5,1196,High
BLW-MFG-0383,Paint Booth Ventilation,Manufacturing,Low,15,2555,2022-05-06,2026-05-01,1607,18.6,23907.0,84.4,2.36,0.74,6,297,2025-07-08,99700.0,51.9,946,High
BLW-MFG-0383,Paint Booth Ventilation,Manufacturing,Low,15,2555,2022-05-06,2026-05-16,1622,18.6,24186.0,79.3,3.32,0.892,6,210,2025-10-18,32387.0,47.2,891,High
BLW-MFG-0384,CNC Wheel Lathe,Manufacturing,High,45,3650,2023-06-21,2026-01-01,1076,9.1,8645.0,65.9,1.99,0.766,8,41,2025-11-21,91937.0,75.5,1785,Low
BLW-MFG-0384,CNC Wheel Lathe,Manufacturing,High,45,3650,2023-06-21,2026-01-16,1091,9.1,8781.5,90.7,1.28,0.773,6,11,2026-01-05,52128.0,65.4,1458,Medium
BLW-MFG-0384,CNC Wheel Lathe,Manufacturing,High,45,3650,2023-06-21,2026-01-31,1106,9.1,8918.0,56.7,3.18,0.857,3,85,2025-11-07,87549.0,78.8,1606,Low
BLW-MFG-0384,CNC Wheel Lathe,Manufacturing,High,45,3650,2023-06-21,2026-02-15,1121,9.1,9054.5,85.1,2.69,0.723,7,350,2025-03-02,18190.0,57.1,1563,High
BLW-MFG-0384,CNC Wheel Lathe,Manufacturing,High,45,3650,2023-06-21,2026-03-02,1136,9.1,9191.0,64.3,3.13,0.724,5,11,2026-02-19,112730.0,77.9,1662,Low
BLW-MFG-0384,CNC Wheel Lathe,Manufacturing,High,45,3650,2023-06-21,2026-03-17,1151,9.1,9327.5,61.7,3.63,0.965,6,282,2025-06-08,79144.0,69.3,1819,High
BLW-MFG-0384,CNC Wheel Lathe,Manufacturing,High,45,3650,2023-06-21,2026-04-01,1166,9.1,9464.0,65.9,1.71,0.991,3,82,2026-01-09,71376.0,83.2,1776,Low
BLW-MFG-0384,CNC Wheel Lathe,Manufacturing,High,45,3650,2023-06-21,2026-04-16,1181,9.1,9600.5,81.7,2.85,1.005,3,89,2026-01-17,73464.0,71.3,1763,Low
BLW-MFG-0384,CNC Wheel Lathe,Manufacturing,High,45,3650,2023-06-21,2026-05-01,1196,9.1,9737.0,80.8,4.82,0.814,3,165,2025-11-17,24234.0,65.0,1387,Medium
BLW-MFG-0384,CNC Wheel Lathe,Manufacturing,High,45,3650,2023-06-21,2026-05-16,1211,9.1,9873.5,82.3,4.06,1.105,1,15,2026-05-01,35016.0,74.5,1574,Low
BLW-LOC-0385,Axle Bearing Assembly,Locomotive,Critical,0,4015,2022-07-29,2026-01-01,1403,9.4,11618.0,70.9,4.15,0.804,3,90,2025-10-03,146057.0,70.9,1708,Low
BLW-LOC-0385,Axle Bearing Assembly,Locomotive,Critical,0,4015,2022-07-29,2026-01-16,1418,9.4,11759.0,73.5,3.63,0.81,8,328,2025-02-22,21118.0,55.0,1750,High
BLW-LOC-0385,Axle Bearing Assembly,Locomotive,Critical,0,4015,2022-07-29,2026-01-31,1433,9.4,11900.0,82.2,4.02,0.685,5,81,2025-11-11,40505.0,63.8,1591,Medium
BLW-LOC-0385,Axle Bearing Assembly,Locomotive,Critical,0,4015,2022-07-29,2026-02-15,1448,9.4,12041.0,74.4,6.15,0.59,1,3,2026-02-12,113548.0,70.5,1543,Low
BLW-LOC-0385,Axle Bearing Assembly,Locomotive,Critical,0,4015,2022-07-29,2026-03-02,1463,9.4,12182.0,89.3,3.91,0.936,6,266,2025-06-09,149353.0,55.1,1411,High
BLW-LOC-0385,Axle Bearing Assembly,Locomotive,Critical,0,4015,2022-07-29,2026-03-17,1478,9.4,12323.0,86.5,3.53,0.744,6,36,2026-02-09,118541.0,63.5,1489,Medium
BLW-LOC-0385,Axle Bearing Assembly,Locomotive,Critical,0,4015,2022-07-29,2026-04-01,1493,9.4,12464.0,60.3,3.15,0.784,4,275,2025-06-30,22542.0,72.5,1916,High
BLW-LOC-0385,Axle Bearing Assembly,Locomotive,Critical,0,4015,2022-07-29,2026-04-16,1508,9.4,12605.0,104.3,3.05,0.99,8,365,2025-04-16,8439.0,48.4,1366,High
BLW-LOC-0385,Axle Bearing Assembly,Locomotive,Critical,0,4015,2022-07-29,2026-05-01,1523,9.4,12746.0,97.3,4.73,0.719,7,30,2026-04-01,47480.0,53.7,1304,Medium
BLW-LOC-0385,Axle Bearing Assembly,Locomotive,Critical,0,4015,2022-07-29,2026-05-16,1538,9.4,12887.0,81.3,2.89,0.978,6,20,2026-04-26,57689.0,65.4,1829,Medium
BLW-LOC-0386,Axle Bearing Assembly,Locomotive,Critical,0,4015,2022-05-27,2026-01-01,1466,17.0,18220.0,79.7,2.03,0.788,4,296,2025-03-11,114269.0,63.2,1900,High
BLW-LOC-0386,Axle Bearing Assembly,Locomotive,Critical,0,4015,2022-05-27,2026-01-16,1481,17.0,18475.0,65.5,3.41,0.79,1,86,2025-10-22,58137.0,77.2,1725,Low
BLW-LOC-0386,Axle Bearing Assembly,Locomotive,Critical,0,4015,2022-05-27,2026-01-31,1496,17.0,18730.0,62.5,3.37,0.824,5,72,2025-11-20,137381.0,70.0,1725,Low
BLW-LOC-0386,Axle Bearing Assembly,Locomotive,Critical,0,4015,2022-05-27,2026-02-15,1511,17.0,18985.0,98.2,3.27,0.729,7,107,2025-10-31,43354.0,51.7,1336,Medium
BLW-LOC-0386,Axle Bearing Assembly,Locomotive,Critical,0,4015,2022-05-27,2026-03-02,1526,17.0,19240.0,61.2,5.65,0.974,5,328,2025-04-08,105589.0,59.6,1613,High
BLW-LOC-0386,Axle Bearing Assembly,Locomotive,Critical,0,4015,2022-05-27,2026-03-17,1541,17.0,19495.0,50.6,5.59,0.771,7,363,2025-03-19,76279.0,52.5,1595,High
BLW-LOC-0386,Axle Bearing Assembly,Locomotive,Critical,0,4015,2022-05-27,2026-04-01,1556,17.0,19750.0,103.5,5.06,0.989,3,133,2025-11-19,54654.0,50.9,1126,Medium
BLW-LOC-0386,Axle Bearing Assembly,Locomotive,Critical,0,4015,2022-05-27,2026-04-16,1571,17.0,20005.0,88.8,3.69,0.992,7,169,2025-10-29,119169.0,54.4,1449,Medium
BLW-LOC-0386,Axle Bearing Assembly,Locomotive,Critical,0,4015,2022-05-27,2026-05-01,1586,17.0,20260.0,46.5,4.05,0.877,4,290,2025-07-15,44918.0,65.9,1685,High
BLW-LOC-0386,Axle Bearing Assembly,Locomotive,Critical,0,4015,2022-05-27,2026-05-16,1601,17.0,20515.0,65.3,4.51,0.852,0,71,2026-03-06,26463.0,76.3,1627,Low
BLW-LOC-0387,Air Compressor,Locomotive,High,22,3650,2020-02-23,2026-01-01,2290,9.1,16906.0,99.2,4.7,0.886,5,365,2025-01-01,47227.0,38.6,1013,High
BLW-LOC-0387,Air Compressor,Locomotive,High,22,3650,2020-02-23,2026-01-16,2305,9.1,17042.5,84.7,3.84,0.98,2,290,2025-04-01,96915.0,56.7,1142,High
BLW-LOC-0387,Air Compressor,Locomotive,High,22,3650,2020-02-23,2026-01-31,2320,9.1,17179.0,63.8,2.66,0.68,7,365,2025-01-31,68780.0,55.5,1534,High
BLW-LOC-0387,Air Compressor,Locomotive,High,22,3650,2020-02-23,2026-02-15,2335,9.1,17315.5,80.1,3.01,1.0,4,79,2025-11-28,112841.0,61.4,1338,Medium
BLW-LOC-0387,Air Compressor,Locomotive,High,22,3650,2020-02-23,2026-03-02,2350,9.1,17452.0,98.5,3.55,1.117,2,75,2025-12-17,93080.0,55.3,1205,Medium
BLW-LOC-0387,Air Compressor,Locomotive,High,22,3650,2020-02-23,2026-03-17,2365,9.1,17588.5,67.4,4.37,0.798,6,131,2025-11-06,97331.0,58.8,1293,Medium
BLW-LOC-0387,Air Compressor,Locomotive,High,22,3650,2020-02-23,2026-04-01,2380,9.1,17725.0,87.2,3.02,0.992,0,108,2025-12-14,89568.0,63.7,1381,Medium
BLW-LOC-0387,Air Compressor,Locomotive,High,22,3650,2020-02-23,2026-04-16,2395,9.1,17861.5,68.7,2.24,0.999,2,299,2025-06-21,6750.0,64.7,1513,High
BLW-LOC-0387,Air Compressor,Locomotive,High,22,3650,2020-02-23,2026-05-01,2410,9.1,17998.0,79.6,2.32,0.881,5,260,2025-08-14,113091.0,58.5,1435,High
BLW-LOC-0387,Air Compressor,Locomotive,High,22,3650,2020-02-23,2026-05-16,2425,9.1,18134.5,88.7,5.28,0.768,8,207,2025-10-21,74161.0,39.7,1032,High
BLW-MFG-0388,Compressor Unit,Manufacturing,Medium,37,3650,2021-12-05,2026-01-01,1639,15.0,21540.0,63.4,2.58,0.7,8,160,2025-07-25,80884.0,58.6,1652,Medium
BLW-MFG-0388,Compressor Unit,Manufacturing,Medium,37,3650,2021-12-05,2026-01-16,1654,15.0,21765.0,68.7,3.66,0.781,6,248,2025-05-13,99015.0,56.4,1468,High
BLW-MFG-0388,Compressor Unit,Manufacturing,Medium,37,3650,2021-12-05,2026-01-31,1669,15.0,21990.0,76.9,2.69,0.91,8,246,2025-05-30,30431.0,52.1,1430,High
BLW-MFG-0388,Compressor Unit,Manufacturing,Medium,37,3650,2021-12-05,2026-02-15,1684,15.0,22215.0,66.6,4.05,0.856,6,7,2026-02-08,101968.0,66.5,1361,Medium
BLW-MFG-0388,Compressor Unit,Manufacturing,Medium,37,3650,2021-12-05,2026-03-02,1699,15.0,22440.0,69.8,3.16,0.902,1,175,2025-09-08,37600.0,68.4,1664,Medium
BLW-MFG-0388,Compressor Unit,Manufacturing,Medium,37,3650,2021-12-05,2026-03-17,1714,15.0,22665.0,69.2,2.07,0.843,3,114,2025-11-23,26763.0,70.7,1831,Low
BLW-MFG-0388,Compressor Unit,Manufacturing,Medium,37,3650,2021-12-05,2026-04-01,1729,15.0,22890.0,82.4,3.14,0.839,1,332,2025-05-04,33557.0,61.7,1479,High
BLW-MFG-0388,Compressor Unit,Manufacturing,Medium,37,3650,2021-12-05,2026-04-16,1744,15.0,23115.0,35.7,3.73,0.858,7,235,2025-08-24,87564.0,57.4,1610,High
BLW-MFG-0388,Compressor Unit,Manufacturing,Medium,37,3650,2021-12-05,2026-05-01,1759,15.0,23340.0,98.4,3.7,0.97,0,268,2025-08-06,135230.0,58.4,1162,High
BLW-MFG-0388,Compressor Unit,Manufacturing,Medium,37,3650,2021-12-05,2026-05-16,1774,15.0,23565.0,49.9,3.84,0.84,3,186,2025-11-11,101315.0,65.5,1560,High
BLW-LOC-0389,Brake System,Locomotive,Critical,12,2920,2023-07-06,2026-01-01,1061,7.4,6272.0,88.9,3.32,0.756,1,138,2025-08-16,85226.0,68.6,1154,Medium
BLW-LOC-0389,Brake System,Locomotive,Critical,12,2920,2023-07-06,2026-01-16,1076,7.4,6383.0,49.9,3.38,0.694,8,275,2025-04-16,131529.0,64.9,1250,High
BLW-LOC-0389,Brake System,Locomotive,Critical,12,2920,2023-07-06,2026-01-31,1091,7.4,6494.0,94.8,3.11,0.795,0,228,2025-06-17,87172.0,66.9,1076,High
BLW-LOC-0389,Brake System,Locomotive,Critical,12,2920,2023-07-06,2026-02-15,1106,7.4,6605.0,84.6,2.77,0.798,3,125,2025-10-13,42130.0,69.6,1146,Medium
BLW-LOC-0389,Brake System,Locomotive,Critical,12,2920,2023-07-06,2026-03-02,1121,7.4,6716.0,62.2,4.0,0.867,2,353,2025-03-14,140768.0,70.0,1359,High
BLW-LOC-0389,Brake System,Locomotive,Critical,12,2920,2023-07-06,2026-03-17,1136,7.4,6827.0,82.9,4.48,0.887,3,116,2025-11-21,104997.0,61.8,1020,Medium
BLW-LOC-0389,Brake System,Locomotive,Critical,12,2920,2023-07-06,2026-04-01,1151,7.4,6938.0,111.7,3.8,0.994,7,90,2026-01-01,10834.0,49.0,879,High
BLW-LOC-0389,Brake System,Locomotive,Critical,12,2920,2023-07-06,2026-04-16,1166,7.4,7049.0,76.8,6.81,0.915,4,282,2025-07-08,45234.0,53.1,928,High
BLW-LOC-0389,Brake System,Locomotive,Critical,12,2920,2023-07-06,2026-05-01,1181,7.4,7160.0,114.0,3.7,0.979,3,32,2026-03-30,136390.0,59.9,876,Medium
BLW-LOC-0389,Brake System,Locomotive,Critical,12,2920,2023-07-06,2026-05-16,1196,7.4,7271.0,95.3,3.23,0.776,2,267,2025-08-22,48900.0,63.0,1089,High
BLW-MFG-0390,Paint Booth Ventilation,Manufacturing,Low,15,2555,2021-04-11,2026-01-01,1877,9.4,16382.0,71.2,3.17,0.884,7,237,2025-05-09,19249.0,47.8,896,High
BLW-MFG-0390,Paint Booth Ventilation,Manufacturing,Low,15,2555,2021-04-11,2026-01-16,1892,9.4,16523.0,61.9,2.1,0.868,0,163,2025-08-06,119552.0,73.5,1151,Medium
BLW-MFG-0390,Paint Booth Ventilation,Manufacturing,Low,15,2555,2021-04-11,2026-01-31,1907,9.4,16664.0,62.5,3.16,0.875,1,100,2025-10-23,74353.0,69.2,971,Medium
BLW-MFG-0390,Paint Booth Ventilation,Manufacturing,Low,15,2555,2021-04-11,2026-02-15,1922,9.4,16805.0,89.2,3.78,0.93,7,42,2026-01-04,74025.0,48.3,790,High
BLW-MFG-0390,Paint Booth Ventilation,Manufacturing,Low,15,2555,2021-04-11,2026-03-02,1937,9.4,16946.0,55.9,2.87,0.675,1,277,2025-05-29,90460.0,65.8,1038,High
BLW-MFG-0390,Paint Booth Ventilation,Manufacturing,Low,15,2555,2021-04-11,2026-03-17,1952,9.4,17087.0,68.5,4.13,0.799,7,153,2025-10-15,87553.0,50.3,893,Medium
BLW-MFG-0390,Paint Booth Ventilation,Manufacturing,Low,15,2555,2021-04-11,2026-04-01,1967,9.4,17228.0,47.7,2.86,0.601,6,57,2026-02-03,109397.0,61.5,1064,Medium
BLW-MFG-0390,Paint Booth Ventilation,Manufacturing,Low,15,2555,2021-04-11,2026-04-16,1982,9.4,17369.0,76.0,2.61,0.859,7,329,2025-05-22,33246.0,45.7,919,High
BLW-MFG-0390,Paint Booth Ventilation,Manufacturing,Low,15,2555,2021-04-11,2026-05-01,1997,9.4,17510.0,106.6,4.86,0.865,7,0,2026-05-01,41503.0,37.7,567,High
BLW-MFG-0390,Paint Booth Ventilation,Manufacturing,Low,15,2555,2021-04-11,2026-05-16,2012,9.4,17651.0,62.6,3.58,0.813,6,307,2025-07-13,44258.0,53.5,1042,High
BLW-MFG-0391,Compressor Unit,Manufacturing,Medium,37,3650,2021-11-04,2026-01-01,1670,13.1,18689.0,69.0,2.89,0.652,4,135,2025-08-19,130753.0,68.4,1470,Medium
BLW-MFG-0391,Compressor Unit,Manufacturing,Medium,37,3650,2021-11-04,2026-01-16,1685,13.1,18885.5,60.8,3.71,0.928,3,174,2025-07-26,44917.0,68.1,1555,Medium
BLW-MFG-0391,Compressor Unit,Manufacturing,Medium,37,3650,2021-11-04,2026-01-31,1700,13.1,19082.0,58.2,1.82,0.767,8,257,2025-05-19,49777.0,60.5,1743,High
BLW-MFG-0391,Compressor Unit,Manufacturing,Medium,37,3650,2021-11-04,2026-02-15,1715,13.1,19278.5,72.1,3.45,0.74,7,57,2025-12-20,146698.0,59.3,1464,Medium
BLW-MFG-0391,Compressor Unit,Manufacturing,Medium,37,3650,2021-11-04,2026-03-02,1730,13.1,19475.0,69.0,2.87,0.811,2,249,2025-06-26,5945.0,70.3,1610,High
BLW-MFG-0391,Compressor Unit,Manufacturing,Medium,37,3650,2021-11-04,2026-03-17,1745,13.1,19671.5,92.6,4.19,1.015,8,240,2025-07-20,76889.0,42.2,1224,High
BLW-MFG-0391,Compressor Unit,Manufacturing,Medium,37,3650,2021-11-04,2026-04-01,1760,13.1,19868.0,64.6,1.6,1.0,2,33,2026-02-27,115263.0,77.7,1598,Low
BLW-MFG-0391,Compressor Unit,Manufacturing,Medium,37,3650,2021-11-04,2026-04-16,1775,13.1,20064.5,65.6,2.43,0.786,4,48,2026-02-27,139168.0,72.1,1769,Low
BLW-MFG-0391,Compressor Unit,Manufacturing,Medium,37,3650,2021-11-04,2026-05-01,1790,13.1,20261.0,63.4,4.69,0.945,7,175,2025-11-07,97493.0,58.2,1509,Medium
BLW-MFG-0391,Compressor Unit,Manufacturing,Medium,37,3650,2021-11-04,2026-05-16,1805,13.1,20457.5,72.4,4.41,0.922,8,93,2026-02-12,33071.0,52.8,1397,Medium
BLW-MFG-0392,Welding Robot,Manufacturing,Medium,18,2920,2024-04-11,2026-01-01,781,9.2,5692.0,74.4,2.54,0.833,4,163,2025-07-22,116131.0,72.2,1301,Medium
BLW-MFG-0392,Welding Robot,Manufacturing,Medium,18,2920,2024-04-11,2026-01-16,796,9.2,5830.0,47.2,1.47,0.892,7,52,2025-11-25,104288.0,74.4,1476,Low
BLW-MFG-0392,Welding Robot,Manufacturing,Medium,18,2920,2024-04-11,2026-01-31,811,9.2,5968.0,57.4,2.65,0.644,3,292,2025-04-14,102424.0,77.4,1417,High
BLW-MFG-0392,Welding Robot,Manufacturing,Medium,18,2920,2024-04-11,2026-02-15,826,9.2,6106.0,81.0,2.39,0.825,5,80,2025-11-27,32826.0,71.4,1363,Low
BLW-MFG-0392,Welding Robot,Manufacturing,Medium,18,2920,2024-04-11,2026-03-02,841,9.2,6244.0,68.6,2.62,0.874,6,87,2025-12-05,128592.0,74.4,1372,Low
BLW-MFG-0392,Welding Robot,Manufacturing,Medium,18,2920,2024-04-11,2026-03-17,856,9.2,6382.0,74.1,4.12,0.916,2,166,2025-10-02,143723.0,73.4,1328,Medium
BLW-MFG-0392,Welding Robot,Manufacturing,Medium,18,2920,2024-04-11,2026-04-01,871,9.2,6520.0,58.6,2.37,0.882,7,334,2025-05-02,91308.0,70.6,1714,High
BLW-MFG-0392,Welding Robot,Manufacturing,Medium,18,2920,2024-04-11,2026-04-16,886,9.2,6658.0,82.4,2.1,0.778,6,137,2025-11-30,38165.0,71.8,1332,Medium
BLW-MFG-0392,Welding Robot,Manufacturing,Medium,18,2920,2024-04-11,2026-05-01,901,9.2,6796.0,72.0,2.34,1.017,4,241,2025-09-02,140478.0,73.3,1373,High
BLW-MFG-0392,Welding Robot,Manufacturing,Medium,18,2920,2024-04-11,2026-05-16,916,9.2,6934.0,60.3,3.53,0.869,4,189,2025-11-08,26023.0,76.3,1491,High
BLW-LOC-0393,Alternator,Locomotive,Critical,110,4380,2024-01-28,2026-01-01,855,11.0,8686.0,74.0,2.85,0.831,7,157,2025-07-28,66668.0,67.7,2038,Medium
BLW-LOC-0393,Alternator,Locomotive,Critical,110,4380,2024-01-28,2026-01-16,870,11.0,8851.0,79.0,2.47,0.931,6,213,2025-06-17,5823.0,67.3,1948,High
BLW-LOC-0393,Alternator,Locomotive,Critical,110,4380,2024-01-28,2026-01-31,885,11.0,9016.0,74.3,3.89,0.87,6,28,2026-01-03,145459.0,71.3,2043,Low
BLW-LOC-0393,Alternator,Locomotive,Critical,110,4380,2024-01-28,2026-02-15,900,11.0,9181.0,100.0,3.99,0.737,5,330,2025-03-22,121779.0,53.1,1537,High
BLW-LOC-0393,Alternator,Locomotive,Critical,110,4380,2024-01-28,2026-03-02,915,11.0,9346.0,106.7,6.08,0.948,7,140,2025-10-13,7825.0,47.5,1320,High
BLW-LOC-0393,Alternator,Locomotive,Critical,110,4380,2024-01-28,2026-03-17,930,11.0,9511.0,87.5,1.83,0.866,3,106,2025-12-01,100998.0,73.0,2028,Low
BLW-LOC-0393,Alternator,Locomotive,Critical,110,4380,2024-01-28,2026-04-01,945,11.0,9676.0,81.9,6.14,0.99,4,150,2025-11-02,125720.0,61.5,1633,Medium
BLW-LOC-0393,Alternator,Locomotive,Critical,110,4380,2024-01-28,2026-04-16,960,11.0,9841.0,108.7,3.81,0.925,0,164,2025-11-03,66987.0,64.2,1543,Medium
BLW-LOC-0393,Alternator,Locomotive,Critical,110,4380,2024-01-28,2026-05-01,975,11.0,10006.0,84.9,1.55,0.704,6,166,2025-11-16,85920.0,68.8,2159,Medium
BLW-LOC-0393,Alternator,Locomotive,Critical,110,4380,2024-01-28,2026-05-16,990,11.0,10171.0,90.4,3.09,0.722,3,110,2026-01-26,94546.0,70.9,1802,Low
BLW-LOC-0394,Axle Bearing Assembly,Locomotive,Critical,0,4015,2024-10-19,2026-01-01,590,9.8,4177.0,87.6,3.97,0.907,2,166,2025-07-19,109813.0,70.6,1767,Medium
BLW-LOC-0394,Axle Bearing Assembly,Locomotive,Critical,0,4015,2024-10-19,2026-01-16,605,9.8,4324.0,77.0,2.79,0.739,7,23,2025-12-24,118278.0,69.8,1903,Medium
BLW-LOC-0394,Axle Bearing Assembly,Locomotive,Critical,0,4015,2024-10-19,2026-01-31,620,9.8,4471.0,102.4,4.48,0.887,6,352,2025-02-13,144161.0,49.7,1544,High
BLW-LOC-0394,Axle Bearing Assembly,Locomotive,Critical,0,4015,2024-10-19,2026-02-15,635,9.8,4618.0,78.6,5.54,0.747,7,127,2025-10-11,45621.0,60.4,1582,Medium
BLW-LOC-0394,Axle Bearing Assembly,Locomotive,Critical,0,4015,2024-10-19,2026-03-02,650,9.8,4765.0,59.0,2.58,0.882,6,30,2026-01-31,19709.0,81.3,1738,Low
BLW-LOC-0394,Axle Bearing Assembly,Locomotive,Critical,0,4015,2024-10-19,2026-03-17,665,9.8,4912.0,98.1,1.73,0.946,5,141,2025-10-27,82995.0,67.7,1943,Medium
BLW-LOC-0394,Axle Bearing Assembly,Locomotive,Critical,0,4015,2024-10-19,2026-04-01,680,9.8,5059.0,97.8,3.19,0.796,7,145,2025-11-07,21099.0,62.7,1513,Medium
BLW-LOC-0394,Axle Bearing Assembly,Locomotive,Critical,0,4015,2024-10-19,2026-04-16,695,9.8,5206.0,86.5,3.69,0.844,2,37,2026-03-10,52059.0,76.0,1789,Low
BLW-LOC-0394,Axle Bearing Assembly,Locomotive,Critical,0,4015,2024-10-19,2026-05-01,710,9.8,5353.0,91.3,4.07,0.94,6,77,2026-02-13,131723.0,64.2,1588,Medium
BLW-LOC-0394,Axle Bearing Assembly,Locomotive,Critical,0,4015,2024-10-19,2026-05-16,725,9.8,5500.0,85.3,3.09,0.801,4,293,2025-07-27,33999.0,66.5,1811,High
BLW-MFG-0395,CNC Turning Center,Manufacturing,High,22,3650,2022-06-16,2026-01-01,1446,9.4,11850.0,65.4,3.62,0.77,4,285,2025-03-22,81999.0,66.2,1623,High
BLW-MFG-0395,CNC Turning Center,Manufacturing,High,22,3650,2022-06-16,2026-01-16,1461,9.4,11991.0,58.5,2.92,0.925,4,353,2025-01-28,8169.0,68.5,1746,High
BLW-MFG-0395,CNC Turning Center,Manufacturing,High,22,3650,2022-06-16,2026-01-31,1476,9.4,12132.0,58.1,4.67,0.765,1,358,2025-02-07,108153.0,65.8,1682,High
BLW-MFG-0395,CNC Turning Center,Manufacturing,High,22,3650,2022-06-16,2026-02-15,1491,9.4,12273.0,66.0,2.68,0.78,5,184,2025-08-15,136240.0,72.3,1703,High
BLW-MFG-0395,CNC Turning Center,Manufacturing,High,22,3650,2022-06-16,2026-03-02,1506,9.4,12414.0,74.8,3.15,0.867,7,109,2025-11-13,31700.0,65.1,1507,Medium
BLW-MFG-0395,CNC Turning Center,Manufacturing,High,22,3650,2022-06-16,2026-03-17,1521,9.4,12555.0,51.5,3.83,0.895,7,116,2025-11-21,71817.0,66.9,1667,Medium
BLW-MFG-0395,CNC Turning Center,Manufacturing,High,22,3650,2022-06-16,2026-04-01,1536,9.4,12696.0,65.4,3.12,0.837,5,101,2025-12-21,103262.0,69.8,1743,Medium
BLW-MFG-0395,CNC Turning Center,Manufacturing,High,22,3650,2022-06-16,2026-04-16,1551,9.4,12837.0,53.7,5.27,0.943,4,130,2025-12-07,92524.0,64.7,1523,Medium
BLW-MFG-0395,CNC Turning Center,Manufacturing,High,22,3650,2022-06-16,2026-05-01,1566,9.4,12978.0,69.4,3.55,0.761,0,71,2026-02-19,22283.0,77.7,1601,Low
BLW-MFG-0395,CNC Turning Center,Manufacturing,High,22,3650,2022-06-16,2026-05-16,1581,9.4,13119.0,63.3,2.46,0.957,6,218,2025-10-10,62465.0,65.9,1752,High
BLW-LOC-0396,Diesel Engine Auxiliary,Locomotive,High,85,3650,2024-06-22,2026-01-01,709,6.7,4078.0,90.0,3.24,0.856,8,191,2025-06-24,7349.0,61.0,1494,High
BLW-LOC-0396,Diesel Engine Auxiliary,Locomotive,High,85,3650,2024-06-22,2026-01-16,724,6.7,4178.5,69.8,2.96,0.995,6,16,2025-12-31,144169.0,78.6,1675,Low
BLW-LOC-0396,Diesel Engine Auxiliary,Locomotive,High,85,3650,2024-06-22,2026-01-31,739,6.7,4279.0,94.7,4.58,1.046,5,275,2025-05-01,76341.0,57.0,1415,High
BLW-LOC-0396,Diesel Engine Auxiliary,Locomotive,High,85,3650,2024-06-22,2026-02-15,754,6.7,4379.5,97.6,4.49,1.134,5,324,2025-03-28,14731.0,55.6,1406,High
BLW-LOC-0396,Diesel Engine Auxiliary,Locomotive,High,85,3650,2024-06-22,2026-03-02,769,6.7,4480.0,63.6,3.0,0.698,1,289,2025-05-17,18361.0,80.1,1993,High
BLW-LOC-0396,Diesel Engine Auxiliary,Locomotive,High,85,3650,2024-06-22,2026-03-17,784,6.7,4580.5,81.9,4.98,0.916,8,57,2026-01-19,82106.0,60.4,1503,Medium
BLW-LOC-0396,Diesel Engine Auxiliary,Locomotive,High,85,3650,2024-06-22,2026-04-01,799,6.7,4681.0,89.9,3.97,0.898,8,44,2026-02-16,88219.0,60.1,1460,Medium
BLW-LOC-0396,Diesel Engine Auxiliary,Locomotive,High,85,3650,2024-06-22,2026-04-16,814,6.7,4781.5,117.5,5.32,0.708,7,312,2025-06-08,99275.0,39.9,1107,High
BLW-LOC-0396,Diesel Engine Auxiliary,Locomotive,High,85,3650,2024-06-22,2026-05-01,829,6.7,4882.0,97.8,3.28,1.013,3,37,2026-03-25,116232.0,69.4,1493,Medium
BLW-LOC-0396,Diesel Engine Auxiliary,Locomotive,High,85,3650,2024-06-22,2026-05-16,844,6.7,4982.5,96.5,3.31,0.861,6,141,2025-12-26,72529.0,62.5,1489,Medium
BLW-MFG-0397,Hydraulic Press,Manufacturing,High,55,5475,2023-08-25,2026-01-01,1011,10.6,8086.0,87.9,3.42,0.883,5,232,2025-05-14,81519.0,63.5,2468,High
BLW-MFG-0397,Hydraulic Press,Manufacturing,High,55,5475,2023-08-25,2026-01-16,1026,10.6,8245.0,61.9,3.1,0.733,6,10,2026-01-06,63213.0,80.9,2841,Low
BLW-MFG-0397,Hydraulic Press,Manufacturing,High,55,5475,2023-08-25,2026-01-31,1041,10.6,8404.0,90.4,5.05,0.906,4,3,2026-01-28,95435.0,66.0,2043,Medium
BLW-MFG-0397,Hydraulic Press,Manufacturing,High,55,5475,2023-08-25,2026-02-15,1056,10.6,8563.0,78.3,3.14,0.889,6,9,2026-02-06,6238.0,75.3,2432,Low
BLW-MFG-0397,Hydraulic Press,Manufacturing,High,55,5475,2023-08-25,2026-03-02,1071,10.6,8722.0,57.1,2.79,0.922,5,218,2025-07-27,26822.0,77.9,2751,High
BLW-MFG-0397,Hydraulic Press,Manufacturing,High,55,5475,2023-08-25,2026-03-17,1086,10.6,8881.0,78.1,1.97,0.761,3,299,2025-05-22,102808.0,73.3,2638,High
BLW-MFG-0397,Hydraulic Press,Manufacturing,High,55,5475,2023-08-25,2026-04-01,1101,10.6,9040.0,80.5,3.36,1.027,5,272,2025-07-03,71374.0,65.3,2473,High
BLW-MFG-0397,Hydraulic Press,Manufacturing,High,55,5475,2023-08-25,2026-04-16,1116,10.6,9199.0,85.1,3.07,1.004,3,294,2025-06-26,139177.0,68.5,2184,High
BLW-MFG-0397,Hydraulic Press,Manufacturing,High,55,5475,2023-08-25,2026-05-01,1131,10.6,9358.0,85.5,4.02,0.955,2,96,2026-01-25,117084.0,69.1,2290,Medium
BLW-MFG-0397,Hydraulic Press,Manufacturing,High,55,5475,2023-08-25,2026-05-16,1146,10.6,9517.0,65.1,2.49,1.039,3,157,2025-12-10,31330.0,81.2,2855,Medium
BLW-MFG-0398,CNC Wheel Lathe,Manufacturing,High,45,3650,2022-12-28,2026-01-01,1251,14.4,17175.0,71.6,3.31,0.487,2,276,2025-03-31,55535.0,66.5,1464,High
BLW-MFG-0398,CNC Wheel Lathe,Manufacturing,High,45,3650,2022-12-28,2026-01-16,1266,14.4,17391.0,70.6,2.59,0.827,1,167,2025-08-02,131231.0,71.7,1626,Medium
BLW-MFG-0398,CNC Wheel Lathe,Manufacturing,High,45,3650,2022-12-28,2026-01-31,1281,14.4,17607.0,80.0,4.17,0.902,3,336,2025-03-01,35277.0,56.0,1500,High
BLW-MFG-0398,CNC Wheel Lathe,Manufacturing,High,45,3650,2022-12-28,2026-02-15,1296,14.4,17823.0,76.1,2.84,0.632,4,83,2025-11-24,66521.0,70.2,1503,Low
BLW-MFG-0398,CNC Wheel Lathe,Manufacturing,High,45,3650,2022-12-28,2026-03-02,1311,14.4,18039.0,72.4,3.06,0.994,4,119,2025-11-03,140764.0,68.4,1569,Medium
BLW-MFG-0398,CNC Wheel Lathe,Manufacturing,High,45,3650,2022-12-28,2026-03-17,1326,14.4,18255.0,87.9,2.46,0.926,3,181,2025-09-17,8958.0,64.0,1389,High
BLW-MFG-0398,CNC Wheel Lathe,Manufacturing,High,45,3650,2022-12-28,2026-04-01,1341,14.4,18471.0,69.8,3.72,0.985,7,63,2026-01-28,125953.0,66.0,1498,Medium
BLW-MFG-0398,CNC Wheel Lathe,Manufacturing,High,45,3650,2022-12-28,2026-04-16,1356,14.4,18687.0,58.8,2.86,0.737,6,13,2026-04-03,69373.0,73.2,1671,Low
BLW-MFG-0398,CNC Wheel Lathe,Manufacturing,High,45,3650,2022-12-28,2026-05-01,1371,14.4,18903.0,80.1,1.21,0.787,3,194,2025-10-19,12136.0,67.3,1675,High
BLW-MFG-0398,CNC Wheel Lathe,Manufacturing,High,45,3650,2022-12-28,2026-05-16,1386,14.4,19119.0,58.8,3.45,0.852,7,204,2025-10-24,33802.0,66.2,1694,High
BLW-LOC-0399,Brake System,Locomotive,Critical,12,2920,2023-04-23,2026-01-01,1135,17.4,14374.0,79.8,2.83,0.628,2,259,2025-04-17,137426.0,65.2,1202,High
BLW-LOC-0399,Brake System,Locomotive,Critical,12,2920,2023-04-23,2026-01-16,1150,17.4,14635.0,55.2,2.07,0.885,8,62,2025-11-15,28618.0,70.2,1285,Low
BLW-LOC-0399,Brake System,Locomotive,Critical,12,2920,2023-04-23,2026-01-31,1165,17.4,14896.0,71.0,1.4,1.025,3,61,2025-12-01,141401.0,72.6,1331,Low
BLW-LOC-0399,Brake System,Locomotive,Critical,12,2920,2023-04-23,2026-02-15,1180,17.4,15157.0,79.9,5.2,0.77,5,162,2025-09-06,65194.0,55.1,909,Medium
BLW-LOC-0399,Brake System,Locomotive,Critical,12,2920,2023-04-23,2026-03-02,1195,17.4,15418.0,52.1,4.42,0.656,3,46,2026-01-15,120970.0,71.8,1295,Low
BLW-LOC-0399,Brake System,Locomotive,Critical,12,2920,2023-04-23,2026-03-17,1210,17.4,15679.0,93.2,2.95,0.684,5,244,2025-07-16,42016.0,54.9,1093,High
BLW-LOC-0399,Brake System,Locomotive,Critical,12,2920,2023-04-23,2026-04-01,1225,17.4,15940.0,72.9,2.84,0.817,1,233,2025-08-11,7341.0,71.0,1314,High
BLW-LOC-0399,Brake System,Locomotive,Critical,12,2920,2023-04-23,2026-04-16,1240,17.4,16201.0,65.0,2.05,1.166,6,215,2025-09-13,63045.0,66.9,1341,High
BLW-LOC-0399,Brake System,Locomotive,Critical,12,2920,2023-04-23,2026-05-01,1255,17.4,16462.0,74.0,4.49,1.005,1,181,2025-11-01,57257.0,66.6,1217,High
BLW-LOC-0399,Brake System,Locomotive,Critical,12,2920,2023-04-23,2026-05-16,1270,17.4,16723.0,80.3,3.63,0.923,4,33,2026-04-13,67952.0,65.6,1113,Medium
BLW-LOC-0400,Air Compressor,Locomotive,High,22,3650,2021-04-14,2026-01-01,1874,20.0,27186.0,58.7,3.88,0.805,6,241,2025-05-05,7298.0,56.4,1423,High
BLW-LOC-0400,Air Compressor,Locomotive,High,22,3650,2021-04-14,2026-01-16,1889,20.0,27486.0,64.4,2.19,0.541,4,331,2025-02-19,135113.0,64.3,1567,High
BLW-LOC-0400,Air Compressor,Locomotive,High,22,3650,2021-04-14,2026-01-31,1904,20.0,27786.0,77.8,2.8,0.515,0,72,2025-11-20,127875.0,67.8,1418,Medium
BLW-LOC-0400,Air Compressor,Locomotive,High,22,3650,2021-04-14,2026-02-15,1919,20.0,28086.0,94.5,4.42,0.884,2,289,2025-05-02,6345.0,49.7,1031,High
BLW-LOC-0400,Air Compressor,Locomotive,High,22,3650,2021-04-14,2026-03-02,1934,20.0,28386.0,97.5,3.24,0.764,8,79,2025-12-13,25332.0,43.6,1003,High
BLW-LOC-0400,Air Compressor,Locomotive,High,22,3650,2021-04-14,2026-03-17,1949,20.0,28686.0,91.9,2.86,0.751,7,19,2026-02-26,13871.0,53.0,1176,Medium
BLW-LOC-0400,Air Compressor,Locomotive,High,22,3650,2021-04-14,2026-04-01,1964,20.0,28986.0,97.2,4.42,0.79,3,338,2025-04-28,47497.0,43.6,1018,High
BLW-LOC-0400,Air Compressor,Locomotive,High,22,3650,2021-04-14,2026-04-16,1979,20.0,29286.0,69.8,2.52,0.803,6,80,2026-01-26,65790.0,65.0,1396,Medium
BLW-LOC-0400,Air Compressor,Locomotive,High,22,3650,2021-04-14,2026-05-01,1994,20.0,29586.0,102.9,3.34,0.997,2,265,2025-08-09,144969.0,49.6,1095,High
BLW-LOC-0400,Air Compressor,Locomotive,High,22,3650,2021-04-14,2026-05-16,2009,20.0,29886.0,91.0,5.6,0.94,2,186,2025-11-11,132466.0,51.0,912,High
BLW-MFG-0401,Welding Robot,Manufacturing,Medium,18,2920,2024-05-29,2026-01-01,733,8.3,5167.0,69.2,3.05,0.726,4,206,2025-06-09,95670.0,73.9,1315,High
BLW-MFG-0401,Welding Robot,Manufacturing,Medium,18,2920,2024-05-29,2026-01-16,748,8.3,5291.5,57.9,1.05,0.981,4,318,2025-03-04,51556.0,76.4,1728,High
BLW-MFG-0401,Welding Robot,Manufacturing,Medium,18,2920,2024-05-29,2026-01-31,763,8.3,5416.0,76.2,3.3,0.771,0,169,2025-08-15,9132.0,76.1,1411,Medium
BLW-MFG-0401,Welding Robot,Manufacturing,Medium,18,2920,2024-05-29,2026-02-15,778,8.3,5540.5,66.5,1.74,0.683,7,17,2026-01-29,111568.0,75.7,1622,Low
BLW-MFG-0401,Welding Robot,Manufacturing,Medium,18,2920,2024-05-29,2026-03-02,793,8.3,5665.0,94.8,3.18,0.855,2,208,2025-08-06,11742.0,65.4,1162,High
BLW-MFG-0401,Welding Robot,Manufacturing,Medium,18,2920,2024-05-29,2026-03-17,808,8.3,5789.5,85.5,4.74,0.756,6,306,2025-05-15,109766.0,54.9,1147,High
BLW-MFG-0401,Welding Robot,Manufacturing,Medium,18,2920,2024-05-29,2026-04-01,823,8.3,5914.0,64.8,4.17,0.719,2,80,2026-01-11,19517.0,79.2,1452,Low
BLW-MFG-0401,Welding Robot,Manufacturing,Medium,18,2920,2024-05-29,2026-04-16,838,8.3,6038.5,68.9,3.95,0.87,5,114,2025-12-23,18358.0,73.0,1258,Low
BLW-MFG-0401,Welding Robot,Manufacturing,Medium,18,2920,2024-05-29,2026-05-01,853,8.3,6163.0,67.2,3.14,0.593,1,57,2026-03-05,145466.0,81.5,1392,Low
BLW-MFG-0401,Welding Robot,Manufacturing,Medium,18,2920,2024-05-29,2026-05-16,868,8.3,6287.5,83.6,2.61,0.783,7,212,2025-10-16,129140.0,64.2,1205,High
BLW-LOC-0402,Axle Bearing Assembly,Locomotive,Critical,0,4015,2020-10-02,2026-01-01,2068,18.0,35096.0,46.9,3.07,0.676,0,159,2025-07-26,74055.0,69.0,1657,Medium
BLW-LOC-0402,Axle Bearing Assembly,Locomotive,Critical,0,4015,2020-10-02,2026-01-16,2083,18.0,35366.0,91.9,4.5,0.988,4,65,2025-11-12,51817.0,51.4,946,Medium
BLW-LOC-0402,Axle Bearing Assembly,Locomotive,Critical,0,4015,2020-10-02,2026-01-31,2098,18.0,35636.0,86.4,2.96,0.77,8,187,2025-07-28,143751.0,46.6,1120,High
BLW-LOC-0402,Axle Bearing Assembly,Locomotive,Critical,0,4015,2020-10-02,2026-02-15,2113,18.0,35906.0,54.1,4.41,0.924,1,244,2025-06-16,76456.0,63.2,1415,High
BLW-LOC-0402,Axle Bearing Assembly,Locomotive,Critical,0,4015,2020-10-02,2026-03-02,2128,18.0,36176.0,92.4,4.52,0.88,3,64,2025-12-28,36800.0,49.3,1038,High
BLW-LOC-0402,Axle Bearing Assembly,Locomotive,Critical,0,4015,2020-10-02,2026-03-17,2143,18.0,36446.0,94.6,5.34,0.836,2,73,2026-01-03,37705.0,48.9,962,High
BLW-LOC-0402,Axle Bearing Assembly,Locomotive,Critical,0,4015,2020-10-02,2026-04-01,2158,18.0,36716.0,86.9,3.1,0.533,1,48,2026-02-12,109004.0,63.4,1389,Medium
BLW-LOC-0402,Axle Bearing Assembly,Locomotive,Critical,0,4015,2020-10-02,2026-04-16,2173,18.0,36986.0,74.4,2.57,0.869,4,314,2025-06-06,20258.0,55.1,1516,High
BLW-LOC-0402,Axle Bearing Assembly,Locomotive,Critical,0,4015,2020-10-02,2026-05-01,2188,18.0,37256.0,85.2,2.95,0.732,3,128,2025-12-24,31771.0,58.2,1328,Medium
BLW-LOC-0402,Axle Bearing Assembly,Locomotive,Critical,0,4015,2020-10-02,2026-05-16,2203,18.0,37526.0,101.1,2.79,1.116,4,168,2025-11-29,108017.0,45.5,1142,High
BLW-LOC-0403,Axle Bearing Assembly,Locomotive,Critical,0,4015,2023-09-30,2026-01-01,975,14.3,11922.0,49.4,2.55,1.037,4,67,2025-10-26,52552.0,82.0,1978,Low
BLW-LOC-0403,Axle Bearing Assembly,Locomotive,Critical,0,4015,2023-09-30,2026-01-16,990,14.3,12136.5,71.0,3.67,0.917,5,338,2025-02-12,26057.0,65.5,1749,High
BLW-LOC-0403,Axle Bearing Assembly,Locomotive,Critical,0,4015,2023-09-30,2026-01-31,1005,14.3,12351.0,55.4,3.79,0.805,0,197,2025-07-18,96623.0,78.6,1989,High
BLW-LOC-0403,Axle Bearing Assembly,Locomotive,Critical,0,4015,2023-09-30,2026-02-15,1020,14.3,12565.5,77.2,4.02,0.758,3,93,2025-11-14,7077.0,71.2,1591,Low
BLW-LOC-0403,Axle Bearing Assembly,Locomotive,Critical,0,4015,2023-09-30,2026-03-02,1035,14.3,12780.0,68.8,3.41,1.079,0,121,2025-11-01,28473.0,81.5,1990,Medium
BLW-LOC-0403,Axle Bearing Assembly,Locomotive,Critical,0,4015,2023-09-30,2026-03-17,1050,14.3,12994.5,103.3,8.07,0.88,5,5,2026-03-12,87953.0,52.1,1054,Medium
BLW-LOC-0403,Axle Bearing Assembly,Locomotive,Critical,0,4015,2023-09-30,2026-04-01,1065,14.3,13209.0,97.7,5.93,0.83,7,176,2025-10-07,32223.0,46.3,1265,High
BLW-LOC-0403,Axle Bearing Assembly,Locomotive,Critical,0,4015,2023-09-30,2026-04-16,1080,14.3,13423.5,80.9,4.23,1.073,6,231,2025-08-28,148941.0,58.4,1586,High
BLW-LOC-0403,Axle Bearing Assembly,Locomotive,Critical,0,4015,2023-09-30,2026-05-01,1095,14.3,13638.0,87.0,3.63,0.66,7,318,2025-06-17,43107.0,53.4,1636,High
BLW-LOC-0403,Axle Bearing Assembly,Locomotive,Critical,0,4015,2023-09-30,2026-05-16,1110,14.3,13852.5,106.8,2.56,0.756,7,60,2026-03-17,113019.0,56.8,1291,Medium
BLW-LOC-0404,Alternator,Locomotive,Critical,110,4380,2021-11-21,2026-01-01,1653,20.0,24990.0,71.3,1.42,1.014,5,249,2025-04-27,116941.0,63.7,2052,High
BLW-LOC-0404,Alternator,Locomotive,Critical,110,4380,2021-11-21,2026-01-16,1668,20.0,25290.0,95.5,2.77,0.726,7,339,2025-02-11,18993.0,46.5,1472,High
BLW-LOC-0404,Alternator,Locomotive,Critical,110,4380,2021-11-21,2026-01-31,1683,20.0,25590.0,84.8,2.67,0.95,5,265,2025-05-11,43115.0,57.4,1624,High
BLW-LOC-0404,Alternator,Locomotive,Critical,110,4380,2021-11-21,2026-02-15,1698,20.0,25890.0,69.7,3.43,0.767,5,218,2025-07-12,98132.0,62.2,1783,High
BLW-LOC-0404,Alternator,Locomotive,Critical,110,4380,2021-11-21,2026-03-02,1713,20.0,26190.0,85.1,5.82,0.854,8,64,2025-12-28,18715.0,49.1,1321,High
BLW-LOC-0404,Alternator,Locomotive,Critical,110,4380,2021-11-21,2026-03-17,1728,20.0,26490.0,78.4,3.61,0.868,7,56,2026-01-20,22440.0,59.4,1544,Medium
BLW-LOC-0404,Alternator,Locomotive,Critical,110,4380,2021-11-21,2026-04-01,1743,20.0,26790.0,60.8,4.59,0.988,4,64,2026-01-27,131629.0,69.4,1802,Medium
BLW-LOC-0404,Alternator,Locomotive,Critical,110,4380,2021-11-21,2026-04-16,1758,20.0,27090.0,95.1,4.71,0.98,4,231,2025-08-28,68244.0,48.2,1253,High
BLW-LOC-0404,Alternator,Locomotive,Critical,110,4380,2021-11-21,2026-05-01,1773,20.0,27390.0,78.6,3.88,0.861,1,258,2025-08-16,31479.0,60.5,1799,High
BLW-LOC-0404,Alternator,Locomotive,Critical,110,4380,2021-11-21,2026-05-16,1788,20.0,27690.0,81.1,4.16,1.044,8,99,2026-02-06,25548.0,49.7,1483,High
BLW-MFG-0405,Material Handling Crane,Manufacturing,Critical,75,7300,2024-05-08,2026-01-01,754,6.2,4301.0,60.4,2.5,0.803,5,269,2025-04-07,92136.0,81.2,4161,High
BLW-MFG-0405,Material Handling Crane,Manufacturing,Critical,75,7300,2024-05-08,2026-01-16,769,6.2,4394.0,77.3,2.89,0.685,2,288,2025-04-03,129689.0,72.9,3365,High
BLW-MFG-0405,Material Handling Crane,Manufacturing,Critical,75,7300,2024-05-08,2026-01-31,784,6.2,4487.0,70.9,2.93,0.809,8,24,2026-01-07,121038.0,74.4,4042,Low
BLW-MFG-0405,Material Handling Crane,Manufacturing,Critical,75,7300,2024-05-08,2026-02-15,799,6.2,4580.0,57.5,3.79,0.835,5,276,2025-05-15,38411.0,75.1,4047,High
BLW-MFG-0405,Material Handling Crane,Manufacturing,Critical,75,7300,2024-05-08,2026-03-02,814,6.2,4673.0,85.8,2.78,0.92,8,85,2025-12-07,59298.0,68.3,3372,Medium
BLW-MFG-0405,Material Handling Crane,Manufacturing,Critical,75,7300,2024-05-08,2026-03-17,829,6.2,4766.0,71.5,2.43,0.814,1,348,2025-04-03,29017.0,79.0,4038,High
BLW-MFG-0405,Material Handling Crane,Manufacturing,Critical,75,7300,2024-05-08,2026-04-01,844,6.2,4859.0,68.7,1.93,0.778,3,77,2026-01-14,83419.0,81.4,3863,Low
BLW-MFG-0405,Material Handling Crane,Manufacturing,Critical,75,7300,2024-05-08,2026-04-16,859,6.2,4952.0,71.1,3.03,1.053,6,103,2026-01-03,45371.0,76.9,3784,Low
BLW-MFG-0405,Material Handling Crane,Manufacturing,Critical,75,7300,2024-05-08,2026-05-01,874,6.2,5045.0,51.7,2.87,0.811,6,151,2025-12-01,61517.0,78.4,3798,Medium
BLW-MFG-0405,Material Handling Crane,Manufacturing,Critical,75,7300,2024-05-08,2026-05-16,889,6.2,5138.0,50.5,2.1,0.952,8,215,2025-10-13,134593.0,76.3,3945,High
BLW-LOC-0406,Axle Bearing Assembly,Locomotive,Critical,0,4015,2021-10-21,2026-01-01,1684,7.9,13057.0,77.9,4.9,0.851,0,38,2025-11-24,41443.0,71.4,1442,Low
BLW-LOC-0406,Axle Bearing Assembly,Locomotive,Critical,0,4015,2021-10-21,2026-01-16,1699,7.9,13175.5,69.5,3.97,1.082,8,342,2025-02-08,50183.0,56.1,1661,High
BLW-LOC-0406,Axle Bearing Assembly,Locomotive,Critical,0,4015,2021-10-21,2026-01-31,1714,7.9,13294.0,81.9,5.28,0.955,1,30,2026-01-01,114500.0,62.9,1339,Medium
BLW-LOC-0406,Axle Bearing Assembly,Locomotive,Critical,0,4015,2021-10-21,2026-02-15,1729,7.9,13412.5,85.5,1.51,0.757,2,73,2025-12-04,74735.0,70.7,1636,Low
BLW-LOC-0406,Axle Bearing Assembly,Locomotive,Critical,0,4015,2021-10-21,2026-03-02,1744,7.9,13531.0,76.9,3.35,0.969,2,124,2025-10-29,61730.0,69.3,1607,Medium
BLW-LOC-0406,Axle Bearing Assembly,Locomotive,Critical,0,4015,2021-10-21,2026-03-17,1759,7.9,13649.5,61.8,4.98,0.794,2,330,2025-04-21,65756.0,63.5,1691,High
BLW-LOC-0406,Axle Bearing Assembly,Locomotive,Critical,0,4015,2021-10-21,2026-04-01,1774,7.9,13768.0,71.3,3.17,0.911,3,127,2025-11-25,125978.0,70.1,1911,Medium
BLW-LOC-0406,Axle Bearing Assembly,Locomotive,Critical,0,4015,2021-10-21,2026-04-16,1789,7.9,13886.5,82.5,4.59,0.652,1,115,2025-12-22,144687.0,64.5,1389,Medium
BLW-LOC-0406,Axle Bearing Assembly,Locomotive,Critical,0,4015,2021-10-21,2026-05-01,1804,7.9,14005.0,70.1,4.4,1.014,4,71,2026-02-19,134433.0,67.7,1588,Medium
BLW-LOC-0406,Axle Bearing Assembly,Locomotive,Critical,0,4015,2021-10-21,2026-05-16,1819,7.9,14123.5,75.7,5.29,1.144,1,299,2025-07-21,141929.0,61.5,1557,High
BLW-MFG-0407,Hydraulic Press,Manufacturing,High,55,5475,2021-02-25,2026-01-01,1922,12.2,21143.0,69.1,3.48,0.704,5,5,2025-12-27,97330.0,70.2,2426,Low
BLW-MFG-0407,Hydraulic Press,Manufacturing,High,55,5475,2021-02-25,2026-01-16,1937,12.2,21326.0,80.3,2.11,0.622,8,159,2025-08-10,81015.0,60.1,2444,Medium
BLW-MFG-0407,Hydraulic Press,Manufacturing,High,55,5475,2021-02-25,2026-01-31,1952,12.2,21509.0,47.6,1.84,0.846,7,118,2025-10-05,100761.0,72.1,2752,Low
BLW-MFG-0407,Hydraulic Press,Manufacturing,High,55,5475,2021-02-25,2026-02-15,1967,12.2,21692.0,52.7,2.66,0.955,4,63,2025-12-14,83483.0,75.4,2827,Low
BLW-MFG-0407,Hydraulic Press,Manufacturing,High,55,5475,2021-02-25,2026-03-02,1982,12.2,21875.0,55.4,3.76,0.803,7,78,2025-12-14,15208.0,66.4,2403,Medium
BLW-MFG-0407,Hydraulic Press,Manufacturing,High,55,5475,2021-02-25,2026-03-17,1997,12.2,22058.0,75.5,3.04,0.957,5,139,2025-10-29,142676.0,68.1,2192,Medium
BLW-MFG-0407,Hydraulic Press,Manufacturing,High,55,5475,2021-02-25,2026-04-01,2012,12.2,22241.0,54.7,1.93,0.76,0,195,2025-09-18,126507.0,84.4,2839,High
BLW-MFG-0407,Hydraulic Press,Manufacturing,High,55,5475,2021-02-25,2026-04-16,2027,12.2,22424.0,64.1,3.14,0.995,4,57,2026-02-18,95900.0,77.2,2543,Low
BLW-MFG-0407,Hydraulic Press,Manufacturing,High,55,5475,2021-02-25,2026-05-01,2042,12.2,22607.0,39.5,3.47,0.953,6,299,2025-07-06,29426.0,65.0,2602,High
BLW-MFG-0407,Hydraulic Press,Manufacturing,High,55,5475,2021-02-25,2026-05-16,2057,12.2,22790.0,76.5,2.14,0.776,7,149,2025-12-18,37572.0,63.9,2523,Medium
BLW-MFG-0408,Welding Robot,Manufacturing,Medium,18,2920,2020-06-30,2026-01-01,2162,20.0,38094.0,55.8,3.21,0.85,5,123,2025-08-31,131057.0,55.2,954,Medium
BLW-MFG-0408,Welding Robot,Manufacturing,Medium,18,2920,2020-06-30,2026-01-16,2177,20.0,38394.0,44.7,3.43,1.039,7,359,2025-01-22,144670.0,43.1,893,High
BLW-MFG-0408,Welding Robot,Manufacturing,Medium,18,2920,2020-06-30,2026-01-31,2192,20.0,38694.0,53.6,2.04,1.03,6,29,2026-01-02,97519.0,56.7,987,Medium
BLW-MFG-0408,Welding Robot,Manufacturing,Medium,18,2920,2020-06-30,2026-02-15,2207,20.0,38994.0,65.5,2.66,0.992,4,141,2025-09-27,136186.0,52.1,1007,Medium
BLW-MFG-0408,Welding Robot,Manufacturing,Medium,18,2920,2020-06-30,2026-03-02,2222,20.0,39294.0,69.7,4.09,0.998,8,168,2025-09-15,65849.0,39.8,792,High
BLW-MFG-0408,Welding Robot,Manufacturing,Medium,18,2920,2020-06-30,2026-03-17,2237,20.0,39594.0,69.8,2.96,0.679,4,182,2025-09-16,17049.0,52.2,909,High
BLW-MFG-0408,Welding Robot,Manufacturing,Medium,18,2920,2020-06-30,2026-04-01,2252,20.0,39894.0,55.8,1.24,0.617,1,365,2025-04-01,121869.0,58.2,1023,High
BLW-MFG-0408,Welding Robot,Manufacturing,Medium,18,2920,2020-06-30,2026-04-16,2267,20.0,40194.0,65.1,3.59,0.803,3,299,2025-06-21,76772.0,49.2,909,High
BLW-MFG-0408,Welding Robot,Manufacturing,Medium,18,2920,2020-06-30,2026-05-01,2282,20.0,40494.0,70.4,1.78,0.778,6,340,2025-05-26,43534.0,45.4,907,High
BLW-MFG-0408,Welding Robot,Manufacturing,Medium,18,2920,2020-06-30,2026-05-16,2297,20.0,40794.0,86.7,5.36,0.931,7,287,2025-08-02,92963.0,29.8,617,Critical
BLW-LOC-0409,Brake System,Locomotive,Critical,12,2920,2023-05-27,2026-01-01,1101,13.3,14315.0,70.0,3.74,1.092,6,21,2025-12-11,92241.0,64.9,1115,Medium
BLW-LOC-0409,Brake System,Locomotive,Critical,12,2920,2023-05-27,2026-01-16,1116,13.3,14514.5,61.8,3.29,0.735,1,294,2025-03-28,18762.0,74.3,1326,High
BLW-LOC-0409,Brake System,Locomotive,Critical,12,2920,2023-05-27,2026-01-31,1131,13.3,14714.0,94.2,3.24,0.723,3,184,2025-07-31,89118.0,56.5,971,High
BLW-LOC-0409,Brake System,Locomotive,Critical,12,2920,2023-05-27,2026-02-15,1146,13.3,14913.5,85.6,4.27,0.937,6,201,2025-07-29,109152.0,50.7,1004,High
BLW-LOC-0409,Brake System,Locomotive,Critical,12,2920,2023-05-27,2026-03-02,1161,13.3,15113.0,65.8,4.18,0.927,0,177,2025-09-06,98828.0,70.8,1285,Medium
BLW-LOC-0409,Brake System,Locomotive,Critical,12,2920,2023-05-27,2026-03-17,1176,13.3,15312.5,117.1,4.75,0.855,7,235,2025-07-25,88135.0,38.5,682,High
BLW-LOC-0409,Brake System,Locomotive,Critical,12,2920,2023-05-27,2026-04-01,1191,13.3,15512.0,71.4,4.1,0.743,8,19,2026-03-13,141329.0,57.7,1138,Medium
BLW-LOC-0409,Brake System,Locomotive,Critical,12,2920,2023-05-27,2026-04-16,1206,13.3,15711.5,83.9,3.16,0.731,6,342,2025-05-09,136672.0,53.4,1038,High
BLW-LOC-0409,Brake System,Locomotive,Critical,12,2920,2023-05-27,2026-05-01,1221,13.3,15911.0,82.3,6.02,0.968,3,290,2025-07-15,31207.0,49.8,879,High
BLW-LOC-0409,Brake System,Locomotive,Critical,12,2920,2023-05-27,2026-05-16,1236,13.3,16110.5,87.5,2.3,0.655,5,50,2026-03-27,47380.0,64.8,1142,Medium
BLW-LOC-0410,Wheel Assembly,Locomotive,Critical,0,5475,2024-06-30,2026-01-01,701,6.4,3755.0,84.8,3.82,0.842,4,183,2025-07-02,123663.0,67.9,2502,High
BLW-LOC-0410,Wheel Assembly,Locomotive,Critical,0,5475,2024-06-30,2026-01-16,716,6.4,3851.0,101.7,2.95,0.733,5,180,2025-07-20,146169.0,61.3,2158,Medium
BLW-LOC-0410,Wheel Assembly,Locomotive,Critical,0,5475,2024-06-30,2026-01-31,731,6.4,3947.0,82.6,1.03,0.913,3,141,2025-09-12,69671.0,79.2,2469,Medium
BLW-LOC-0410,Wheel Assembly,Locomotive,Critical,0,5475,2024-06-30,2026-02-15,746,6.4,4043.0,65.7,3.75,0.848,0,166,2025-09-02,71440.0,85.2,2795,Medium
BLW-LOC-0410,Wheel Assembly,Locomotive,Critical,0,5475,2024-06-30,2026-03-02,761,6.4,4139.0,100.2,3.31,0.752,4,82,2025-12-10,35360.0,65.5,2332,Medium
BLW-LOC-0410,Wheel Assembly,Locomotive,Critical,0,5475,2024-06-30,2026-03-17,776,6.4,4235.0,82.4,4.51,0.949,8,331,2025-04-20,51673.0,53.5,2208,High
BLW-LOC-0410,Wheel Assembly,Locomotive,Critical,0,5475,2024-06-30,2026-04-01,791,6.4,4331.0,67.5,2.82,0.83,6,178,2025-10-05,118240.0,76.9,2990,Medium
BLW-LOC-0410,Wheel Assembly,Locomotive,Critical,0,5475,2024-06-30,2026-04-16,806,6.4,4427.0,79.2,3.55,0.8,2,255,2025-08-04,129214.0,73.7,2617,High
BLW-LOC-0410,Wheel Assembly,Locomotive,Critical,0,5475,2024-06-30,2026-05-01,821,6.4,4523.0,96.5,4.86,0.614,5,180,2025-11-02,94378.0,59.2,2252,Medium
BLW-LOC-0410,Wheel Assembly,Locomotive,Critical,0,5475,2024-06-30,2026-05-16,836,6.4,4619.0,78.6,5.32,0.858,3,162,2025-12-05,125159.0,69.5,2235,Medium
BLW-MFG-0411,Welding Robot,Manufacturing,Medium,18,2920,2024-01-18,2026-01-01,865,7.3,5189.0,51.8,3.45,0.908,7,327,2025-02-08,31998.0,65.9,1342,High
BLW-MFG-0411,Welding Robot,Manufacturing,Medium,18,2920,2024-01-18,2026-01-16,880,7.3,5298.5,66.3,3.98,0.999,6,103,2025-10-05,43379.0,69.3,1240,Medium
BLW-MFG-0411,Welding Robot,Manufacturing,Medium,18,2920,2024-01-18,2026-01-31,895,7.3,5408.0,76.7,2.65,0.924,7,179,2025-08-05,53865.0,66.1,1283,Medium
BLW-MFG-0411,Welding Robot,Manufacturing,Medium,18,2920,2024-01-18,2026-02-15,910,7.3,5517.5,68.1,4.13,0.82,7,185,2025-08-14,114442.0,62.9,1217,High
BLW-MFG-0411,Welding Robot,Manufacturing,Medium,18,2920,2024-01-18,2026-03-02,925,7.3,5627.0,58.9,2.63,0.922,2,165,2025-09-18,7309.0,80.1,1629,Medium
BLW-MFG-0411,Welding Robot,Manufacturing,Medium,18,2920,2024-01-18,2026-03-17,940,7.3,5736.5,53.0,5.15,1.018,3,297,2025-05-24,50026.0,69.0,1241,High
BLW-MFG-0411,Welding Robot,Manufacturing,Medium,18,2920,2024-01-18,2026-04-01,955,7.3,5846.0,69.1,2.75,0.723,8,358,2025-04-08,98135.0,62.1,1334,High
BLW-MFG-0411,Welding Robot,Manufacturing,Medium,18,2920,2024-01-18,2026-04-16,970,7.3,5955.5,62.0,2.97,0.798,4,286,2025-07-04,83047.0,76.1,1423,High
BLW-MFG-0411,Welding Robot,Manufacturing,Medium,18,2920,2024-01-18,2026-05-01,985,7.3,6065.0,76.7,3.33,0.895,6,316,2025-06-19,105867.0,62.2,1366,High
BLW-MFG-0411,Welding Robot,Manufacturing,Medium,18,2920,2024-01-18,2026-05-16,1000,7.3,6174.5,75.4,3.45,0.871,3,47,2026-03-30,18129.0,74.4,1270,Low
BLW-LOC-0412,Brake System,Locomotive,Critical,12,2920,2024-10-11,2026-01-01,598,9.7,5306.0,77.1,3.79,0.898,8,181,2025-07-04,62530.0,62.3,1256,High
BLW-LOC-0412,Brake System,Locomotive,Critical,12,2920,2024-10-11,2026-01-16,613,9.7,5451.5,77.9,2.89,0.893,6,53,2025-11-24,127526.0,71.2,1349,Low
BLW-LOC-0412,Brake System,Locomotive,Critical,12,2920,2024-10-11,2026-01-31,628,9.7,5597.0,94.6,2.75,0.932,4,314,2025-03-23,87665.0,61.7,1337,High
BLW-LOC-0412,Brake System,Locomotive,Critical,12,2920,2024-10-11,2026-02-15,643,9.7,5742.5,77.2,4.48,0.867,1,165,2025-09-03,149919.0,70.8,1241,Medium
BLW-LOC-0412,Brake System,Locomotive,Critical,12,2920,2024-10-11,2026-03-02,658,9.7,5888.0,94.4,3.18,0.604,7,20,2026-02-10,40656.0,63.1,1103,Medium
BLW-LOC-0412,Brake System,Locomotive,Critical,12,2920,2024-10-11,2026-03-17,673,9.7,6033.5,84.0,5.61,0.967,2,341,2025-04-10,148938.0,62.4,1101,High
BLW-LOC-0412,Brake System,Locomotive,Critical,12,2920,2024-10-11,2026-04-01,688,9.7,6179.0,80.7,2.55,0.798,0,253,2025-07-22,37548.0,75.3,1287,High
BLW-LOC-0412,Brake System,Locomotive,Critical,12,2920,2024-10-11,2026-04-16,703,9.7,6324.5,104.1,1.34,1.049,3,125,2025-12-12,131895.0,69.0,1217,Medium
BLW-LOC-0412,Brake System,Locomotive,Critical,12,2920,2024-10-11,2026-05-01,718,9.7,6470.0,67.7,2.0,0.824,7,331,2025-06-04,122671.0,69.7,1478,High
BLW-LOC-0412,Brake System,Locomotive,Critical,12,2920,2024-10-11,2026-05-16,733,9.7,6615.5,69.5,5.33,1.097,2,6,2026-05-10,48035.0,75.7,1286,Low
BLW-MFG-0413,CNC Wheel Lathe,Manufacturing,High,45,3650,2024-10-22,2026-01-01,587,14.6,8154.0,46.9,2.43,0.871,6,284,2025-03-23,84928.0,74.5,1881,High
BLW-MFG-0413,CNC Wheel Lathe,Manufacturing,High,45,3650,2024-10-22,2026-01-16,602,14.6,8373.0,62.5,2.45,0.797,3,211,2025-06-19,31978.0,81.0,1738,High
BLW-MFG-0413,CNC Wheel Lathe,Manufacturing,High,45,3650,2024-10-22,2026-01-31,617,14.6,8592.0,65.7,3.21,0.773,8,297,2025-04-09,62944.0,64.7,1751,High
BLW-MFG-0413,CNC Wheel Lathe,Manufacturing,High,45,3650,2024-10-22,2026-02-15,632,14.6,8811.0,61.7,2.96,0.848,6,133,2025-10-05,107478.0,72.8,1931,Medium
BLW-MFG-0413,CNC Wheel Lathe,Manufacturing,High,45,3650,2024-10-22,2026-03-02,647,14.6,9030.0,64.7,4.74,0.721,5,134,2025-10-19,67541.0,69.9,1689,Medium
BLW-MFG-0413,CNC Wheel Lathe,Manufacturing,High,45,3650,2024-10-22,2026-03-17,662,14.6,9249.0,74.0,1.29,0.762,5,120,2025-11-17,51422.0,76.9,1738,Low
BLW-MFG-0413,CNC Wheel Lathe,Manufacturing,High,45,3650,2024-10-22,2026-04-01,677,14.6,9468.0,86.2,2.69,0.76,5,39,2026-02-21,143923.0,72.3,1774,Low
BLW-MFG-0413,CNC Wheel Lathe,Manufacturing,High,45,3650,2024-10-22,2026-04-16,692,14.6,9687.0,75.6,4.28,1.023,2,164,2025-11-03,129692.0,71.4,1731,Medium
BLW-MFG-0413,CNC Wheel Lathe,Manufacturing,High,45,3650,2024-10-22,2026-05-01,707,14.6,9906.0,53.1,3.58,0.853,3,275,2025-07-30,88949.0,78.1,1974,High
BLW-MFG-0413,CNC Wheel Lathe,Manufacturing,High,45,3650,2024-10-22,2026-05-16,722,14.6,10125.0,79.0,3.52,0.916,1,259,2025-08-30,107711.0,72.9,1681,High
BLW-LOC-0414,Alternator,Locomotive,Critical,110,4380,2020-08-02,2026-01-01,2129,17.3,32457.0,99.6,5.38,0.833,5,359,2025-01-07,98520.0,36.4,1039,High
BLW-LOC-0414,Alternator,Locomotive,Critical,110,4380,2020-08-02,2026-01-16,2144,17.3,32716.5,54.6,3.15,1.047,8,114,2025-09-24,72467.0,58.9,1927,Medium
BLW-LOC-0414,Alternator,Locomotive,Critical,110,4380,2020-08-02,2026-01-31,2159,17.3,32976.0,97.2,4.08,0.927,0,235,2025-06-10,94727.0,52.0,1230,High
BLW-LOC-0414,Alternator,Locomotive,Critical,110,4380,2020-08-02,2026-02-15,2174,17.3,33235.5,102.0,2.91,0.992,7,302,2025-04-19,68247.0,38.4,1152,High
BLW-LOC-0414,Alternator,Locomotive,Critical,110,4380,2020-08-02,2026-03-02,2189,17.3,33495.0,109.7,3.69,0.805,2,11,2026-02-19,86194.0,54.2,1168,Medium
BLW-LOC-0414,Alternator,Locomotive,Critical,110,4380,2020-08-02,2026-03-17,2204,17.3,33754.5,95.8,3.07,0.841,8,332,2025-04-19,13344.0,40.3,1325,High
BLW-LOC-0414,Alternator,Locomotive,Critical,110,4380,2020-08-02,2026-04-01,2219,17.3,34014.0,75.2,4.0,0.912,5,244,2025-07-31,130799.0,55.1,1547,High
BLW-LOC-0414,Alternator,Locomotive,Critical,110,4380,2020-08-02,2026-04-16,2234,17.3,34273.5,61.0,3.59,0.774,2,32,2026-03-15,103891.0,72.2,1830,Low
BLW-LOC-0414,Alternator,Locomotive,Critical,110,4380,2020-08-02,2026-05-01,2249,17.3,34533.0,85.9,3.58,0.898,1,141,2025-12-11,87614.0,60.5,1388,Medium
BLW-LOC-0414,Alternator,Locomotive,Critical,110,4380,2020-08-02,2026-05-16,2264,17.3,34792.5,66.9,1.49,1.047,0,365,2025-05-16,91672.0,69.0,1883,High
BLW-LOC-0415,Wheel Assembly,Locomotive,Critical,0,5475,2023-12-13,2026-01-01,901,16.7,11135.0,97.0,1.99,0.642,6,110,2025-09-13,100961.0,66.1,2366,Medium
BLW-LOC-0415,Wheel Assembly,Locomotive,Critical,0,5475,2023-12-13,2026-01-16,916,16.7,11385.5,52.8,3.98,0.807,4,275,2025-04-16,106095.0,72.2,2677,High
BLW-LOC-0415,Wheel Assembly,Locomotive,Critical,0,5475,2023-12-13,2026-01-31,931,16.7,11636.0,43.0,2.89,0.775,4,169,2025-08-15,38722.0,80.4,2834,Medium
BLW-LOC-0415,Wheel Assembly,Locomotive,Critical,0,5475,2023-12-13,2026-02-15,946,16.7,11886.5,90.0,0.59,0.764,8,208,2025-07-22,25914.0,62.8,2383,High
BLW-LOC-0415,Wheel Assembly,Locomotive,Critical,0,5475,2023-12-13,2026-03-02,961,16.7,12137.0,93.9,1.53,0.958,8,348,2025-03-19,90097.0,55.6,2270,High
BLW-LOC-0415,Wheel Assembly,Locomotive,Critical,0,5475,2023-12-13,2026-03-17,976,16.7,12387.5,96.9,5.14,0.999,0,312,2025-05-09,12681.0,64.4,2154,High
BLW-LOC-0415,Wheel Assembly,Locomotive,Critical,0,5475,2023-12-13,2026-04-01,991,16.7,12638.0,70.9,3.97,0.837,5,300,2025-06-05,22354.0,69.6,2671,High
BLW-LOC-0415,Wheel Assembly,Locomotive,Critical,0,5475,2023-12-13,2026-04-16,1006,16.7,12888.5,80.8,4.9,0.737,1,314,2025-06-06,14226.0,67.0,2198,High
BLW-LOC-0415,Wheel Assembly,Locomotive,Critical,0,5475,2023-12-13,2026-05-01,1021,16.7,13139.0,59.1,4.84,0.999,6,82,2026-02-08,111221.0,73.3,2566,Low
BLW-LOC-0415,Wheel Assembly,Locomotive,Critical,0,5475,2023-12-13,2026-05-16,1036,16.7,13389.5,66.2,2.56,0.779,3,307,2025-07-13,117191.0,75.7,2959,High
BLW-MFG-0416,Compressor Unit,Manufacturing,Medium,37,3650,2024-09-07,2026-01-01,632,8.5,4807.0,77.7,1.32,0.751,7,61,2025-11-01,53110.0,72.4,1578,Low
BLW-MFG-0416,Compressor Unit,Manufacturing,Medium,37,3650,2024-09-07,2026-01-16,647,8.5,4934.5,72.6,2.63,0.814,1,206,2025-06-24,88230.0,82.5,1868,High
BLW-MFG-0416,Compressor Unit,Manufacturing,Medium,37,3650,2024-09-07,2026-01-31,662,8.5,5062.0,61.4,3.41,0.936,6,208,2025-07-07,60287.0,74.0,1938,High
BLW-MFG-0416,Compressor Unit,Manufacturing,Medium,37,3650,2024-09-07,2026-02-15,677,8.5,5189.5,65.7,2.88,0.846,7,70,2025-12-07,127854.0,74.3,1809,Low
BLW-MFG-0416,Compressor Unit,Manufacturing,Medium,37,3650,2024-09-07,2026-03-02,692,8.5,5317.0,84.7,4.81,0.999,2,49,2026-01-12,50123.0,69.6,1452,Medium
BLW-MFG-0416,Compressor Unit,Manufacturing,Medium,37,3650,2024-09-07,2026-03-17,707,8.5,5444.5,54.7,3.17,0.564,2,362,2025-03-20,67402.0,76.9,2074,High
BLW-MFG-0416,Compressor Unit,Manufacturing,Medium,37,3650,2024-09-07,2026-04-01,722,8.5,5572.0,81.6,2.64,0.807,4,255,2025-07-20,18157.0,70.9,1825,High
BLW-MFG-0416,Compressor Unit,Manufacturing,Medium,37,3650,2024-09-07,2026-04-16,737,8.5,5699.5,64.2,2.94,0.798,4,205,2025-09-23,34088.0,75.5,1876,High
BLW-MFG-0416,Compressor Unit,Manufacturing,Medium,37,3650,2024-09-07,2026-05-01,752,8.5,5827.0,67.8,2.07,0.925,5,331,2025-06-04,96786.0,74.1,1985,High
BLW-MFG-0416,Compressor Unit,Manufacturing,Medium,37,3650,2024-09-07,2026-05-16,767,8.5,5954.5,63.0,1.46,0.912,5,231,2025-09-27,114013.0,77.3,1884,High
BLW-LOC-0417,Traction Motor,Locomotive,Critical,350,4380,2020-02-11,2026-01-01,2302,18.3,30258.0,59.1,3.17,1.039,8,30,2025-12-02,103993.0,61.4,1636,Medium
BLW-LOC-0417,Traction Motor,Locomotive,Critical,350,4380,2020-02-11,2026-01-16,2317,18.3,30532.5,88.6,3.76,0.601,1,86,2025-10-22,5251.0,60.9,1516,Medium
BLW-LOC-0417,Traction Motor,Locomotive,Critical,350,4380,2020-02-11,2026-01-31,2332,18.3,30807.0,40.6,2.12,0.518,8,6,2026-01-25,5676.0,65.8,1925,Medium
BLW-LOC-0417,Traction Motor,Locomotive,Critical,350,4380,2020-02-11,2026-02-15,2347,18.3,31081.5,82.0,5.32,0.965,6,156,2025-09-12,9010.0,49.5,1323,High
BLW-LOC-0417,Traction Motor,Locomotive,Critical,350,4380,2020-02-11,2026-03-02,2362,18.3,31356.0,75.2,3.78,0.766,5,35,2026-01-26,143578.0,59.1,1507,Medium
BLW-LOC-0417,Traction Motor,Locomotive,Critical,350,4380,2020-02-11,2026-03-17,2377,18.3,31630.5,80.7,5.36,0.835,3,325,2025-04-26,95026.0,46.7,1239,High
BLW-LOC-0417,Traction Motor,Locomotive,Critical,350,4380,2020-02-11,2026-04-01,2392,18.3,31905.0,92.6,2.12,0.856,2,274,2025-07-01,36664.0,58.2,1490,High
BLW-LOC-0417,Traction Motor,Locomotive,Critical,350,4380,2020-02-11,2026-04-16,2407,18.3,32179.5,82.5,3.81,0.761,5,49,2026-02-26,131454.0,54.8,1390,Medium
BLW-LOC-0417,Traction Motor,Locomotive,Critical,350,4380,2020-02-11,2026-05-01,2422,18.3,32454.0,88.5,5.04,0.901,2,307,2025-06-28,59254.0,50.2,1334,High
BLW-LOC-0417,Traction Motor,Locomotive,Critical,350,4380,2020-02-11,2026-05-16,2437,18.3,32728.5,97.1,5.42,0.776,2,225,2025-10-03,107423.0,44.2,1112,High
BLW-MFG-0418,Compressor Unit,Manufacturing,Medium,37,3650,2022-11-05,2026-01-01,1304,8.1,9989.0,48.9,2.54,0.897,0,318,2025-02-17,10622.0,81.1,1822,High
BLW-MFG-0418,Compressor Unit,Manufacturing,Medium,37,3650,2022-11-05,2026-01-16,1319,8.1,10110.5,58.0,3.14,0.718,8,61,2025-11-16,122045.0,69.7,1734,Medium
BLW-MFG-0418,Compressor Unit,Manufacturing,Medium,37,3650,2022-11-05,2026-01-31,1334,8.1,10232.0,66.3,2.98,0.747,4,149,2025-09-04,20627.0,71.5,1652,Medium
BLW-MFG-0418,Compressor Unit,Manufacturing,Medium,37,3650,2022-11-05,2026-02-15,1349,8.1,10353.5,48.0,3.26,0.924,2,302,2025-04-19,80181.0,74.9,1751,High
BLW-MFG-0418,Compressor Unit,Manufacturing,Medium,37,3650,2022-11-05,2026-03-02,1364,8.1,10475.0,58.5,3.67,0.904,1,254,2025-06-21,33008.0,75.9,1904,High
BLW-MFG-0418,Compressor Unit,Manufacturing,Medium,37,3650,2022-11-05,2026-03-17,1379,8.1,10596.5,68.7,2.82,0.805,2,313,2025-05-08,138400.0,68.9,1777,High
BLW-MFG-0418,Compressor Unit,Manufacturing,Medium,37,3650,2022-11-05,2026-04-01,1394,8.1,10718.0,68.5,3.56,1.034,7,337,2025-04-29,84457.0,58.8,1435,High
BLW-MFG-0418,Compressor Unit,Manufacturing,Medium,37,3650,2022-11-05,2026-04-16,1409,8.1,10839.5,76.4,3.3,0.782,6,229,2025-08-30,141882.0,62.4,1635,High
BLW-MFG-0418,Compressor Unit,Manufacturing,Medium,37,3650,2022-11-05,2026-05-01,1424,8.1,10961.0,60.0,2.93,1.008,8,33,2026-03-29,54060.0,70.2,1757,Low
BLW-MFG-0418,Compressor Unit,Manufacturing,Medium,37,3650,2022-11-05,2026-05-16,1439,8.1,11082.5,40.7,1.92,0.881,5,72,2026-03-05,39720.0,80.3,1720,Low
BLW-LOC-0419,Diesel Engine Auxiliary,Locomotive,High,85,3650,2021-01-20,2026-01-01,1958,17.1,23855.0,79.1,3.05,0.964,0,245,2025-05-01,122582.0,61.7,1380,High
BLW-LOC-0419,Diesel Engine Auxiliary,Locomotive,High,85,3650,2021-01-20,2026-01-16,1973,17.1,24111.5,69.0,3.82,0.863,1,266,2025-04-25,18188.0,62.5,1422,High
BLW-LOC-0419,Diesel Engine Auxiliary,Locomotive,High,85,3650,2021-01-20,2026-01-31,1988,17.1,24368.0,80.3,3.44,0.817,5,269,2025-05-07,86635.0,52.3,1280,High
BLW-LOC-0419,Diesel Engine Auxiliary,Locomotive,High,85,3650,2021-01-20,2026-02-15,2003,17.1,24624.5,65.6,3.23,0.738,8,267,2025-05-24,62157.0,53.3,1370,High
BLW-LOC-0419,Diesel Engine Auxiliary,Locomotive,High,85,3650,2021-01-20,2026-03-02,2018,17.1,24881.0,92.8,4.51,0.759,8,329,2025-04-07,34135.0,36.9,1057,High
BLW-LOC-0419,Diesel Engine Auxiliary,Locomotive,High,85,3650,2021-01-20,2026-03-17,2033,17.1,25137.5,79.4,2.88,0.744,5,69,2026-01-07,69946.0,61.1,1379,Medium
BLW-LOC-0419,Diesel Engine Auxiliary,Locomotive,High,85,3650,2021-01-20,2026-04-01,2048,17.1,25394.0,79.7,4.72,0.524,3,149,2025-11-03,141916.0,57.5,1178,Medium
BLW-LOC-0419,Diesel Engine Auxiliary,Locomotive,High,85,3650,2021-01-20,2026-04-16,2063,17.1,25650.5,85.7,3.47,1.052,6,206,2025-09-22,68095.0,48.3,1286,High
BLW-LOC-0419,Diesel Engine Auxiliary,Locomotive,High,85,3650,2021-01-20,2026-05-01,2078,17.1,25907.0,90.3,4.65,0.85,1,251,2025-08-23,8456.0,50.3,1149,High
BLW-LOC-0419,Diesel Engine Auxiliary,Locomotive,High,85,3650,2021-01-20,2026-05-16,2093,17.1,26163.5,89.9,5.58,0.872,1,164,2025-12-03,86382.0,51.4,1100,Medium
BLW-LOC-0420,Brake System,Locomotive,Critical,12,2920,2021-09-18,2026-01-01,1717,13.0,20890.0,106.7,3.51,0.76,4,350,2025-01-16,106341.0,40.4,702,High
BLW-LOC-0420,Brake System,Locomotive,Critical,12,2920,2021-09-18,2026-01-16,1732,13.0,21085.0,87.8,3.24,1.043,8,21,2025-12-26,32271.0,48.4,887,High
BLW-LOC-0420,Brake System,Locomotive,Critical,12,2920,2021-09-18,2026-01-31,1747,13.0,21280.0,72.3,3.26,0.811,1,157,2025-08-27,134353.0,65.5,1098,Medium
BLW-LOC-0420,Brake System,Locomotive,Critical,12,2920,2021-09-18,2026-02-15,1762,13.0,21475.0,88.8,3.52,0.882,8,88,2025-11-19,97935.0,47.7,878,High
BLW-LOC-0420,Brake System,Locomotive,Critical,12,2920,2021-09-18,2026-03-02,1777,13.0,21670.0,40.8,3.37,0.843,0,273,2025-06-02,9055.0,68.6,1153,High
BLW-LOC-0420,Brake System,Locomotive,Critical,12,2920,2021-09-18,2026-03-17,1792,13.0,21865.0,92.8,2.46,0.906,4,197,2025-09-01,32295.0,53.5,835,High
BLW-LOC-0420,Brake System,Locomotive,Critical,12,2920,2021-09-18,2026-04-01,1807,13.0,22060.0,120.5,5.23,0.88,8,26,2026-03-06,124443.0,33.2,445,High
BLW-LOC-0420,Brake System,Locomotive,Critical,12,2920,2021-09-18,2026-04-16,1822,13.0,22255.0,84.9,4.38,1.065,6,260,2025-07-30,80978.0,43.5,854,High
BLW-LOC-0420,Brake System,Locomotive,Critical,12,2920,2021-09-18,2026-05-01,1837,13.0,22450.0,65.0,3.4,0.935,2,260,2025-08-14,58769.0,63.3,1056,High
BLW-LOC-0420,Brake System,Locomotive,Critical,12,2920,2021-09-18,2026-05-16,1852,13.0,22645.0,78.6,5.7,1.034,0,109,2026-01-27,19304.0,58.0,747,Medium
BLW-MFG-0421,Compressor Unit,Manufacturing,Medium,37,3650,2021-03-29,2026-01-01,1890,16.0,21830.0,95.1,2.78,0.789,3,253,2025-04-23,34977.0,52.6,1270,High
BLW-MFG-0421,Compressor Unit,Manufacturing,Medium,37,3650,2021-03-29,2026-01-16,1905,16.0,22070.0,70.4,3.71,0.732,0,23,2025-12-24,138703.0,71.8,1598,Low
BLW-MFG-0421,Compressor Unit,Manufacturing,Medium,37,3650,2021-03-29,2026-01-31,1920,16.0,22310.0,69.3,2.74,0.736,3,352,2025-02-13,21868.0,61.8,1589,High
BLW-MFG-0421,Compressor Unit,Manufacturing,Medium,37,3650,2021-03-29,2026-02-15,1935,16.0,22550.0,77.9,2.72,0.871,4,2,2026-02-13,136137.0,68.1,1494,Medium
BLW-MFG-0421,Compressor Unit,Manufacturing,Medium,37,3650,2021-03-29,2026-03-02,1950,16.0,22790.0,58.8,0.71,0.87,5,90,2025-12-02,148127.0,71.9,1556,Low
BLW-MFG-0421,Compressor Unit,Manufacturing,Medium,37,3650,2021-03-29,2026-03-17,1965,16.0,23030.0,68.9,2.81,0.855,3,190,2025-09-08,138050.0,64.7,1607,High
BLW-MFG-0421,Compressor Unit,Manufacturing,Medium,37,3650,2021-03-29,2026-04-01,1980,16.0,23270.0,71.6,2.31,0.942,6,22,2026-03-10,27610.0,63.3,1592,Medium
BLW-MFG-0421,Compressor Unit,Manufacturing,Medium,37,3650,2021-03-29,2026-04-16,1995,16.0,23510.0,82.5,4.4,0.839,3,318,2025-06-02,101937.0,51.0,1257,High
BLW-MFG-0421,Compressor Unit,Manufacturing,Medium,37,3650,2021-03-29,2026-05-01,2010,16.0,23750.0,70.4,2.61,0.805,6,348,2025-05-18,87728.0,55.2,1399,High
BLW-MFG-0421,Compressor Unit,Manufacturing,Medium,37,3650,2021-03-29,2026-05-16,2025,16.0,23990.0,80.3,3.2,0.834,4,104,2026-02-01,141340.0,58.7,1278,Medium
BLW-LOC-0422,Traction Motor,Locomotive,Critical,350,4380,2022-04-18,2026-01-01,1505,15.7,19488.0,107.0,2.75,0.923,6,193,2025-06-22,45323.0,50.6,1223,High
BLW-LOC-0422,Traction Motor,Locomotive,Critical,350,4380,2022-04-18,2026-01-16,1520,15.7,19723.5,105.7,4.37,0.763,3,249,2025-05-12,41747.0,49.8,1234,High
BLW-LOC-0422,Traction Motor,Locomotive,Critical,350,4380,2022-04-18,2026-01-31,1535,15.7,19959.0,107.0,2.51,0.797,0,320,2025-03-17,105416.0,57.3,1513,High
BLW-LOC-0422,Traction Motor,Locomotive,Critical,350,4380,2022-04-18,2026-02-15,1550,15.7,20194.5,101.0,5.8,0.817,0,356,2025-02-24,116233.0,50.4,1266,High
BLW-LOC-0422,Traction Motor,Locomotive,Critical,350,4380,2022-04-18,2026-03-02,1565,15.7,20430.0,66.5,6.61,1.034,2,339,2025-03-28,104977.0,58.4,1741,High
BLW-LOC-0422,Traction Motor,Locomotive,Critical,350,4380,2022-04-18,2026-03-17,1580,15.7,20665.5,100.2,3.85,0.914,1,326,2025-04-25,21585.0,57.3,1385,High
BLW-LOC-0422,Traction Motor,Locomotive,Critical,350,4380,2022-04-18,2026-04-01,1595,15.7,20901.0,107.9,3.53,1.063,2,250,2025-07-25,14643.0,53.3,1396,High
BLW-LOC-0422,Traction Motor,Locomotive,Critical,350,4380,2022-04-18,2026-04-16,1610,15.7,21136.5,83.1,3.21,0.853,8,167,2025-10-31,29268.0,57.7,1475,Medium
BLW-LOC-0422,Traction Motor,Locomotive,Critical,350,4380,2022-04-18,2026-05-01,1625,15.7,21372.0,65.8,3.03,0.761,4,348,2025-05-18,108678.0,67.6,2078,High
BLW-LOC-0422,Traction Motor,Locomotive,Critical,350,4380,2022-04-18,2026-05-16,1640,15.7,21607.5,94.1,3.18,1.055,6,145,2025-12-22,82758.0,53.2,1713,Medium
BLW-LOC-0423,Air Compressor,Locomotive,High,22,3650,2024-10-18,2026-01-01,591,14.0,6061.0,67.7,3.19,0.798,1,202,2025-06-13,124317.0,79.0,2027,High
BLW-LOC-0423,Air Compressor,Locomotive,High,22,3650,2024-10-18,2026-01-16,606,14.0,6271.0,90.6,5.01,0.708,3,44,2025-12-03,85439.0,67.1,1485,Medium
BLW-LOC-0423,Air Compressor,Locomotive,High,22,3650,2024-10-18,2026-01-31,621,14.0,6481.0,83.7,2.21,0.989,7,102,2025-10-21,23432.0,69.3,1626,Medium
BLW-LOC-0423,Air Compressor,Locomotive,High,22,3650,2024-10-18,2026-02-15,636,14.0,6691.0,52.6,4.38,1.159,0,240,2025-06-20,74429.0,79.4,1861,High
BLW-LOC-0423,Air Compressor,Locomotive,High,22,3650,2024-10-18,2026-03-02,651,14.0,6901.0,97.9,2.18,0.812,1,117,2025-11-05,10515.0,72.6,1690,Low
BLW-LOC-0423,Air Compressor,Locomotive,High,22,3650,2024-10-18,2026-03-17,666,14.0,7111.0,101.9,3.94,0.774,6,94,2025-12-13,17123.0,58.0,1344,Medium
BLW-LOC-0423,Air Compressor,Locomotive,High,22,3650,2024-10-18,2026-04-01,681,14.0,7321.0,68.1,3.68,0.949,1,123,2025-11-29,68213.0,81.9,1806,Medium
BLW-LOC-0423,Air Compressor,Locomotive,High,22,3650,2024-10-18,2026-04-16,696,14.0,7531.0,84.5,3.75,0.729,5,224,2025-09-04,112060.0,64.7,1548,High
BLW-LOC-0423,Air Compressor,Locomotive,High,22,3650,2024-10-18,2026-05-01,711,14.0,7741.0,64.2,4.34,0.817,7,305,2025-06-30,116523.0,65.3,1819,High
BLW-LOC-0423,Air Compressor,Locomotive,High,22,3650,2024-10-18,2026-05-16,726,14.0,7951.0,70.9,4.06,0.678,8,96,2026-02-09,116440.0,69.4,1573,Medium
BLW-LOC-0424,Alternator,Locomotive,Critical,110,4380,2020-03-30,2026-01-01,2254,14.0,31069.0,70.3,5.11,0.822,5,128,2025-08-26,138667.0,53.0,1488,Medium
BLW-LOC-0424,Alternator,Locomotive,Critical,110,4380,2020-03-30,2026-01-16,2269,14.0,31279.0,89.2,2.79,0.792,5,236,2025-05-25,34094.0,50.6,1402,High
BLW-LOC-0424,Alternator,Locomotive,Critical,110,4380,2020-03-30,2026-01-31,2284,14.0,31489.0,51.2,3.38,1.074,0,200,2025-07-15,60105.0,69.8,1743,High
BLW-LOC-0424,Alternator,Locomotive,Critical,110,4380,2020-03-30,2026-02-15,2299,14.0,31699.0,62.6,4.38,1.009,4,258,2025-06-02,14229.0,60.1,1519,High
BLW-LOC-0424,Alternator,Locomotive,Critical,110,4380,2020-03-30,2026-03-02,2314,14.0,31909.0,88.7,5.42,0.931,2,321,2025-04-15,33179.0,47.3,1168,High
BLW-LOC-0424,Alternator,Locomotive,Critical,110,4380,2020-03-30,2026-03-17,2329,14.0,32119.0,85.3,5.23,0.914,7,12,2026-03-05,131344.0,46.2,1179,High
BLW-LOC-0424,Alternator,Locomotive,Critical,110,4380,2020-03-30,2026-04-01,2344,14.0,32329.0,100.9,4.19,0.894,1,125,2025-11-27,92241.0,51.8,1237,Medium
BLW-LOC-0424,Alternator,Locomotive,Critical,110,4380,2020-03-30,2026-04-16,2359,14.0,32539.0,108.5,5.37,1.058,4,285,2025-07-05,28359.0,35.7,897,High
BLW-LOC-0424,Alternator,Locomotive,Critical,110,4380,2020-03-30,2026-05-01,2374,14.0,32749.0,82.1,3.95,1.062,8,162,2025-11-20,13223.0,49.0,1401,High
BLW-LOC-0424,Alternator,Locomotive,Critical,110,4380,2020-03-30,2026-05-16,2389,14.0,32959.0,63.7,1.92,0.924,1,209,2025-10-19,80117.0,73.1,1864,High
BLW-MFG-0425,CNC Wheel Lathe,Manufacturing,High,45,3650,2023-06-20,2026-01-01,1077,16.1,15904.0,88.0,1.83,0.699,5,189,2025-06-26,10572.0,62.2,1469,High
BLW-MFG-0425,CNC Wheel Lathe,Manufacturing,High,45,3650,2023-06-20,2026-01-16,1092,16.1,16145.5,72.1,2.47,0.67,1,350,2025-01-31,38881.0,72.2,1538,High
BLW-MFG-0425,CNC Wheel Lathe,Manufacturing,High,45,3650,2023-06-20,2026-01-31,1107,16.1,16387.0,53.7,1.44,0.851,6,1,2026-01-30,86593.0,78.1,1983,Low
BLW-MFG-0425,CNC Wheel Lathe,Manufacturing,High,45,3650,2023-06-20,2026-02-15,1122,16.1,16628.5,78.4,4.25,0.864,6,290,2025-05-01,22348.0,54.2,1447,High
BLW-MFG-0425,CNC Wheel Lathe,Manufacturing,High,45,3650,2023-06-20,2026-03-02,1137,16.1,16870.0,75.3,3.63,0.793,3,321,2025-04-15,10103.0,64.1,1472,High
BLW-MFG-0425,CNC Wheel Lathe,Manufacturing,High,45,3650,2023-06-20,2026-03-17,1152,16.1,17111.5,56.5,2.05,0.847,8,37,2026-02-08,7870.0,71.3,1751,Low
BLW-MFG-0425,CNC Wheel Lathe,Manufacturing,High,45,3650,2023-06-20,2026-04-01,1167,16.1,17353.0,80.6,2.17,0.8,7,292,2025-06-13,98495.0,59.3,1590,High
BLW-MFG-0425,CNC Wheel Lathe,Manufacturing,High,45,3650,2023-06-20,2026-04-16,1182,16.1,17594.5,64.6,3.86,0.914,4,351,2025-04-30,94327.0,66.0,1624,High
BLW-MFG-0425,CNC Wheel Lathe,Manufacturing,High,45,3650,2023-06-20,2026-05-01,1197,16.1,17836.0,65.2,2.59,0.891,7,121,2025-12-31,104018.0,68.3,1651,Medium
BLW-MFG-0425,CNC Wheel Lathe,Manufacturing,High,45,3650,2023-06-20,2026-05-16,1212,16.1,18077.5,66.8,2.63,0.885,4,176,2025-11-21,147119.0,69.8,1731,Medium
BLW-LOC-0426,Axle Bearing Assembly,Locomotive,Critical,0,4015,2022-09-08,2026-01-01,1362,18.9,19202.0,88.1,2.8,1.081,8,184,2025-07-01,37457.0,54.1,1379,High
BLW-LOC-0426,Axle Bearing Assembly,Locomotive,Critical,0,4015,2022-09-08,2026-01-16,1377,18.9,19485.5,74.6,3.63,0.909,4,326,2025-02-24,110992.0,59.9,1540,High
BLW-LOC-0426,Axle Bearing Assembly,Locomotive,Critical,0,4015,2022-09-08,2026-01-31,1392,18.9,19769.0,63.2,2.82,0.793,6,131,2025-09-22,132881.0,67.4,1747,Medium
BLW-LOC-0426,Axle Bearing Assembly,Locomotive,Critical,0,4015,2022-09-08,2026-02-15,1407,18.9,20052.5,90.3,5.63,0.956,5,10,2026-02-05,67602.0,56.9,1303,Medium
BLW-LOC-0426,Axle Bearing Assembly,Locomotive,Critical,0,4015,2022-09-08,2026-03-02,1422,18.9,20336.0,93.7,3.29,0.887,4,73,2025-12-19,11170.0,60.0,1407,Medium
BLW-LOC-0426,Axle Bearing Assembly,Locomotive,Critical,0,4015,2022-09-08,2026-03-17,1437,18.9,20619.5,83.0,4.61,0.926,6,363,2025-03-19,132572.0,49.2,1417,High
BLW-LOC-0426,Axle Bearing Assembly,Locomotive,Critical,0,4015,2022-09-08,2026-04-01,1452,18.9,20903.0,89.3,4.6,0.698,3,205,2025-09-08,23129.0,55.0,1443,High
BLW-LOC-0426,Axle Bearing Assembly,Locomotive,Critical,0,4015,2022-09-08,2026-04-16,1467,18.9,21186.5,82.7,3.34,0.853,5,106,2025-12-31,141573.0,61.8,1584,Medium
BLW-LOC-0426,Axle Bearing Assembly,Locomotive,Critical,0,4015,2022-09-08,2026-05-01,1482,18.9,21470.0,67.8,3.93,0.92,6,213,2025-09-30,71784.0,62.2,1676,High
BLW-LOC-0426,Axle Bearing Assembly,Locomotive,Critical,0,4015,2022-09-08,2026-05-16,1497,18.9,21753.5,92.9,3.26,0.782,7,227,2025-10-01,143094.0,55.1,1385,High
BLW-LOC-0427,Axle Bearing Assembly,Locomotive,Critical,0,4015,2022-01-14,2026-01-01,1599,10.7,15392.0,75.2,4.31,1.042,2,271,2025-04-05,34858.0,62.3,1488,High
BLW-LOC-0427,Axle Bearing Assembly,Locomotive,Critical,0,4015,2022-01-14,2026-01-16,1614,10.7,15552.5,60.2,5.46,0.73,3,364,2025-01-17,32690.0,61.3,1553,High
BLW-LOC-0427,Axle Bearing Assembly,Locomotive,Critical,0,4015,2022-01-14,2026-01-31,1629,10.7,15713.0,57.9,3.25,0.747,3,337,2025-02-28,118698.0,67.7,2019,High
BLW-LOC-0427,Axle Bearing Assembly,Locomotive,Critical,0,4015,2022-01-14,2026-02-15,1644,10.7,15873.5,86.8,4.77,0.964,5,237,2025-06-23,84490.0,52.5,1326,High
BLW-LOC-0427,Axle Bearing Assembly,Locomotive,Critical,0,4015,2022-01-14,2026-03-02,1659,10.7,16034.0,84.9,3.9,0.802,6,191,2025-08-23,98380.0,55.7,1396,High
BLW-LOC-0427,Axle Bearing Assembly,Locomotive,Critical,0,4015,2022-01-14,2026-03-17,1674,10.7,16194.5,79.4,3.35,0.723,3,201,2025-08-28,25493.0,60.9,1518,High
BLW-LOC-0427,Axle Bearing Assembly,Locomotive,Critical,0,4015,2022-01-14,2026-04-01,1689,10.7,16355.0,109.9,3.43,0.973,1,277,2025-06-28,99574.0,50.3,1175,High
BLW-LOC-0427,Axle Bearing Assembly,Locomotive,Critical,0,4015,2022-01-14,2026-04-16,1704,10.7,16515.5,63.3,3.61,1.176,4,319,2025-06-01,64757.0,65.7,1902,High
BLW-LOC-0427,Axle Bearing Assembly,Locomotive,Critical,0,4015,2022-01-14,2026-05-01,1719,10.7,16676.0,80.6,5.54,1.139,3,111,2026-01-10,53964.0,59.7,1343,Medium
BLW-LOC-0427,Axle Bearing Assembly,Locomotive,Critical,0,4015,2022-01-14,2026-05-16,1734,10.7,16836.5,65.4,3.58,0.905,2,337,2025-06-13,60722.0,70.4,1637,High
BLW-LOC-0428,Wheel Assembly,Locomotive,Critical,0,5475,2021-01-04,2026-01-01,1974,19.2,26802.0,78.9,1.32,0.799,3,197,2025-06-18,87272.0,68.7,2388,High
BLW-LOC-0428,Wheel Assembly,Locomotive,Critical,0,5475,2021-01-04,2026-01-16,1989,19.2,27090.0,87.6,4.03,0.925,2,139,2025-08-30,147627.0,62.1,1847,Medium
BLW-LOC-0428,Wheel Assembly,Locomotive,Critical,0,5475,2021-01-04,2026-01-31,2004,19.2,27378.0,51.8,2.94,0.844,2,328,2025-03-09,63272.0,73.0,2524,High
BLW-LOC-0428,Wheel Assembly,Locomotive,Critical,0,5475,2021-01-04,2026-02-15,2019,19.2,27666.0,77.5,4.11,0.833,3,77,2025-11-30,64637.0,67.0,2299,Medium
BLW-LOC-0428,Wheel Assembly,Locomotive,Critical,0,5475,2021-01-04,2026-03-02,2034,19.2,27954.0,114.1,3.82,0.91,7,125,2025-10-28,130864.0,47.5,1463,High
BLW-LOC-0428,Wheel Assembly,Locomotive,Critical,0,5475,2021-01-04,2026-03-17,2049,19.2,28242.0,92.2,2.39,0.838,2,249,2025-07-11,50851.0,63.8,2001,High
BLW-LOC-0428,Wheel Assembly,Locomotive,Critical,0,5475,2021-01-04,2026-04-01,2064,19.2,28530.0,80.9,1.91,1.121,8,321,2025-05-15,132008.0,56.9,2251,High
BLW-LOC-0428,Wheel Assembly,Locomotive,Critical,0,5475,2021-01-04,2026-04-16,2079,19.2,28818.0,91.2,4.33,1.051,1,33,2026-03-14,17434.0,63.7,1934,Medium
BLW-LOC-0428,Wheel Assembly,Locomotive,Critical,0,5475,2021-01-04,2026-05-01,2094,19.2,29106.0,100.6,5.36,0.619,0,27,2026-04-04,53069.0,58.7,1516,Medium
BLW-LOC-0428,Wheel Assembly,Locomotive,Critical,0,5475,2021-01-04,2026-05-16,2109,19.2,29394.0,87.4,1.53,0.65,1,160,2025-12-07,140077.0,72.7,2284,Medium
BLW-LOC-0429,Cooling System,Locomotive,High,18,3285,2021-02-19,2026-01-01,1928,16.4,31220.0,79.8,3.94,0.868,4,33,2025-11-29,57626.0,56.0,967,Medium
BLW-LOC-0429,Cooling System,Locomotive,High,18,3285,2021-02-19,2026-01-16,1943,16.4,31466.0,81.6,3.82,0.729,5,298,2025-03-24,136155.0,46.9,961,High
BLW-LOC-0429,Cooling System,Locomotive,High,18,3285,2021-02-19,2026-01-31,1958,16.4,31712.0,94.9,3.74,1.056,7,243,2025-06-02,54100.0,36.3,801,High
BLW-LOC-0429,Cooling System,Locomotive,High,18,3285,2021-02-19,2026-02-15,1973,16.4,31958.0,66.8,3.81,1.05,2,148,2025-09-20,48970.0,62.9,1014,Medium
BLW-LOC-0429,Cooling System,Locomotive,High,18,3285,2021-02-19,2026-03-02,1988,16.4,32204.0,84.9,-0.16,0.965,8,81,2025-12-11,135618.0,51.4,1056,Medium
BLW-LOC-0429,Cooling System,Locomotive,High,18,3285,2021-02-19,2026-03-17,2003,16.4,32450.0,83.3,3.84,0.781,2,83,2025-12-24,65202.0,56.3,977,Medium
BLW-LOC-0429,Cooling System,Locomotive,High,18,3285,2021-02-19,2026-04-01,2018,16.4,32696.0,96.8,3.66,0.777,8,316,2025-05-20,64404.0,31.2,750,High
BLW-LOC-0429,Cooling System,Locomotive,High,18,3285,2021-02-19,2026-04-16,2033,16.4,32942.0,103.3,3.3,0.926,8,282,2025-07-08,96159.0,35.6,769,High
BLW-LOC-0429,Cooling System,Locomotive,High,18,3285,2021-02-19,2026-05-01,2048,16.4,33188.0,75.0,3.74,0.894,4,353,2025-05-13,127959.0,51.0,1142,High
BLW-LOC-0429,Cooling System,Locomotive,High,18,3285,2021-02-19,2026-05-16,2063,16.4,33434.0,94.5,5.69,0.874,3,58,2026-03-19,101261.0,44.9,732,High
BLW-MFG-0430,Hydraulic Press,Manufacturing,High,55,5475,2022-06-30,2026-01-01,1432,7.4,7543.0,49.5,3.88,0.873,6,242,2025-05-04,60009.0,69.9,2670,High
BLW-MFG-0430,Hydraulic Press,Manufacturing,High,55,5475,2022-06-30,2026-01-16,1447,7.4,7654.0,47.7,1.97,0.859,2,10,2026-01-06,89995.0,88.4,2912,Low
BLW-MFG-0430,Hydraulic Press,Manufacturing,High,55,5475,2022-06-30,2026-01-31,1462,7.4,7765.0,65.3,2.29,0.733,5,225,2025-06-20,89809.0,72.4,2767,High
BLW-MFG-0430,Hydraulic Press,Manufacturing,High,55,5475,2022-06-30,2026-02-15,1477,7.4,7876.0,74.8,1.47,0.833,2,229,2025-07-01,134628.0,77.6,2576,High
BLW-MFG-0430,Hydraulic Press,Manufacturing,High,55,5475,2022-06-30,2026-03-02,1492,7.4,7987.0,85.3,2.65,0.83,7,343,2025-03-24,87184.0,58.6,2190,High
BLW-MFG-0430,Hydraulic Press,Manufacturing,High,55,5475,2022-06-30,2026-03-17,1507,7.4,8098.0,81.1,2.19,0.821,5,43,2026-02-02,133541.0,74.7,2736,Low
BLW-MFG-0430,Hydraulic Press,Manufacturing,High,55,5475,2022-06-30,2026-04-01,1522,7.4,8209.0,56.8,2.7,0.988,1,90,2026-01-01,24567.0,87.3,2970,Low
BLW-MFG-0430,Hydraulic Press,Manufacturing,High,55,5475,2022-06-30,2026-04-16,1537,7.4,8320.0,58.0,2.81,0.838,4,346,2025-05-05,62074.0,72.5,2586,High
BLW-MFG-0430,Hydraulic Press,Manufacturing,High,55,5475,2022-06-30,2026-05-01,1552,7.4,8431.0,65.3,4.42,0.866,2,56,2026-03-06,148970.0,80.6,2596,Low
BLW-MFG-0430,Hydraulic Press,Manufacturing,High,55,5475,2022-06-30,2026-05-16,1567,7.4,8542.0,63.0,4.4,0.886,3,324,2025-06-26,51501.0,71.7,2460,High
BLW-MFG-0431,CNC Turning Center,Manufacturing,High,22,3650,2021-12-27,2026-01-01,1617,14.4,21883.0,77.5,3.76,0.849,0,318,2025-02-17,134202.0,61.3,1386,High
BLW-MFG-0431,CNC Turning Center,Manufacturing,High,22,3650,2021-12-27,2026-01-16,1632,14.4,22099.0,73.1,3.06,0.885,6,86,2025-10-22,57956.0,63.6,1393,Medium
BLW-MFG-0431,CNC Turning Center,Manufacturing,High,22,3650,2021-12-27,2026-01-31,1647,14.4,22315.0,52.7,2.87,0.797,4,98,2025-10-25,79446.0,72.3,1523,Low
BLW-MFG-0431,CNC Turning Center,Manufacturing,High,22,3650,2021-12-27,2026-02-15,1662,14.4,22531.0,79.6,4.17,0.835,8,12,2026-02-03,75993.0,54.7,1218,Medium
BLW-MFG-0431,CNC Turning Center,Manufacturing,High,22,3650,2021-12-27,2026-03-02,1677,14.4,22747.0,61.7,2.63,0.984,2,26,2026-02-04,99164.0,76.6,1520,Low
BLW-MFG-0431,CNC Turning Center,Manufacturing,High,22,3650,2021-12-27,2026-03-17,1692,14.4,22963.0,72.1,3.79,0.842,4,134,2025-11-03,70095.0,64.7,1464,Medium
BLW-MFG-0431,CNC Turning Center,Manufacturing,High,22,3650,2021-12-27,2026-04-01,1707,14.4,23179.0,57.2,2.6,0.873,6,172,2025-10-11,10866.0,63.8,1642,Medium
BLW-MFG-0431,CNC Turning Center,Manufacturing,High,22,3650,2021-12-27,2026-04-16,1722,14.4,23395.0,49.5,4.07,0.946,7,337,2025-05-14,16635.0,56.2,1439,High
BLW-MFG-0431,CNC Turning Center,Manufacturing,High,22,3650,2021-12-27,2026-05-01,1737,14.4,23611.0,73.4,2.74,0.757,8,16,2026-04-15,23944.0,60.7,1496,Medium
BLW-MFG-0431,CNC Turning Center,Manufacturing,High,22,3650,2021-12-27,2026-05-16,1752,14.4,23827.0,72.7,4.56,0.942,0,293,2025-07-27,7786.0,63.7,1265,High
BLW-LOC-0432,Brake System,Locomotive,Critical,12,2920,2021-02-12,2026-01-01,1935,18.7,29454.0,73.7,2.22,0.828,0,355,2025-01-11,102426.0,57.1,974,High
BLW-LOC-0432,Brake System,Locomotive,Critical,12,2920,2021-02-12,2026-01-16,1950,18.7,29734.5,94.7,4.12,0.976,6,171,2025-07-29,58185.0,35.9,644,High
BLW-LOC-0432,Brake System,Locomotive,Critical,12,2920,2021-02-12,2026-01-31,1965,18.7,30015.0,94.1,5.41,0.674,8,217,2025-06-28,64043.0,29.3,577,Critical
BLW-LOC-0432,Brake System,Locomotive,Critical,12,2920,2021-02-12,2026-02-15,1980,18.7,30295.5,77.5,2.56,0.679,5,67,2025-12-10,141721.0,53.2,826,Medium
BLW-LOC-0432,Brake System,Locomotive,Critical,12,2920,2021-02-12,2026-03-02,1995,18.7,30576.0,82.1,4.78,0.719,4,282,2025-05-24,32971.0,42.3,754,High
BLW-LOC-0432,Brake System,Locomotive,Critical,12,2920,2021-02-12,2026-03-17,2010,18.7,30856.5,82.0,1.82,0.921,4,136,2025-11-01,17079.0,54.3,900,Medium
BLW-LOC-0432,Brake System,Locomotive,Critical,12,2920,2021-02-12,2026-04-01,2025,18.7,31137.0,74.6,3.9,0.941,7,343,2025-04-23,17295.0,44.1,830,High
BLW-LOC-0432,Brake System,Locomotive,Critical,12,2920,2021-02-12,2026-04-16,2040,18.7,31417.5,106.3,4.28,0.873,5,260,2025-07-30,134894.0,32.8,504,High
BLW-LOC-0432,Brake System,Locomotive,Critical,12,2920,2021-02-12,2026-05-01,2055,18.7,31698.0,89.0,1.51,0.786,0,65,2026-02-25,121903.0,60.9,926,Medium
BLW-LOC-0432,Brake System,Locomotive,Critical,12,2920,2021-02-12,2026-05-16,2070,18.7,31978.5,106.7,3.67,0.914,1,124,2026-01-12,15790.0,46.7,562,High
BLW-LOC-0433,Cooling System,Locomotive,High,18,3285,2020-05-13,2026-01-01,2210,8.2,17043.0,84.1,2.51,0.829,1,38,2025-11-24,6399.0,65.3,1187,Medium
BLW-LOC-0433,Cooling System,Locomotive,High,18,3285,2020-05-13,2026-01-16,2225,8.2,17166.0,87.1,4.62,0.897,0,174,2025-07-26,131173.0,56.8,1083,Medium
BLW-LOC-0433,Cooling System,Locomotive,High,18,3285,2020-05-13,2026-01-31,2240,8.2,17289.0,56.7,5.63,0.825,1,79,2025-11-13,89499.0,66.0,1149,Medium
BLW-LOC-0433,Cooling System,Locomotive,High,18,3285,2020-05-13,2026-02-15,2255,8.2,17412.0,69.9,4.23,0.99,7,323,2025-03-29,131643.0,48.5,1098,High
BLW-LOC-0433,Cooling System,Locomotive,High,18,3285,2020-05-13,2026-03-02,2270,8.2,17535.0,135.4,5.14,0.982,1,313,2025-04-23,22687.0,39.6,473,High
BLW-LOC-0433,Cooling System,Locomotive,High,18,3285,2020-05-13,2026-03-17,2285,8.2,17658.0,77.8,5.05,0.756,2,102,2025-12-05,138110.0,55.8,1061,Medium
BLW-LOC-0433,Cooling System,Locomotive,High,18,3285,2020-05-13,2026-04-01,2300,8.2,17781.0,87.6,2.88,0.749,1,95,2025-12-27,18297.0,64.1,1122,Medium
BLW-LOC-0433,Cooling System,Locomotive,High,18,3285,2020-05-13,2026-04-16,2315,8.2,17904.0,63.1,2.3,0.842,1,1,2026-04-15,67781.0,77.2,1417,Low
BLW-LOC-0433,Cooling System,Locomotive,High,18,3285,2020-05-13,2026-05-01,2330,8.2,18027.0,101.4,2.11,0.917,3,107,2026-01-14,12250.0,56.9,1078,Medium
BLW-LOC-0433,Cooling System,Locomotive,High,18,3285,2020-05-13,2026-05-16,2345,8.2,18150.0,90.6,6.77,0.968,1,198,2025-10-30,51459.0,47.8,799,High
BLW-MFG-0434,Paint Booth Ventilation,Manufacturing,Low,15,2555,2022-09-01,2026-01-01,1369,17.4,21736.0,55.6,2.01,0.838,7,309,2025-02-26,107410.0,57.1,998,High
BLW-MFG-0434,Paint Booth Ventilation,Manufacturing,Low,15,2555,2022-09-01,2026-01-16,1384,17.4,21997.0,53.5,2.56,0.898,7,147,2025-08-22,111077.0,60.3,1063,Medium
BLW-MFG-0434,Paint Booth Ventilation,Manufacturing,Low,15,2555,2022-09-01,2026-01-31,1399,17.4,22258.0,54.8,2.92,0.962,0,226,2025-06-19,31815.0,69.8,1005,High
BLW-MFG-0434,Paint Booth Ventilation,Manufacturing,Low,15,2555,2022-09-01,2026-02-15,1414,17.4,22519.0,52.4,3.48,0.813,0,40,2026-01-06,30498.0,73.0,1026,Low
BLW-MFG-0434,Paint Booth Ventilation,Manufacturing,Low,15,2555,2022-09-01,2026-03-02,1429,17.4,22780.0,74.2,2.73,0.821,3,134,2025-10-19,25864.0,60.4,1029,Medium
BLW-MFG-0434,Paint Booth Ventilation,Manufacturing,Low,15,2555,2022-09-01,2026-03-17,1444,17.4,23041.0,66.3,3.6,0.726,8,294,2025-05-27,146045.0,51.4,1027,High
BLW-MFG-0434,Paint Booth Ventilation,Manufacturing,Low,15,2555,2022-09-01,2026-04-01,1459,17.4,23302.0,46.9,2.38,0.898,1,359,2025-04-07,115442.0,63.8,1101,High
BLW-MFG-0434,Paint Booth Ventilation,Manufacturing,Low,15,2555,2022-09-01,2026-04-16,1474,17.4,23563.0,75.7,2.98,0.909,3,95,2026-01-11,128049.0,60.4,853,Medium
BLW-MFG-0434,Paint Booth Ventilation,Manufacturing,Low,15,2555,2022-09-01,2026-05-01,1489,17.4,23824.0,83.2,4.08,1.11,3,83,2026-02-07,62227.0,52.1,885,Medium
BLW-MFG-0434,Paint Booth Ventilation,Manufacturing,Low,15,2555,2022-09-01,2026-05-16,1504,17.4,24085.0,48.6,4.83,0.914,4,307,2025-07-13,64781.0,53.0,1005,High
BLW-LOC-0435,Air Compressor,Locomotive,High,22,3650,2021-03-22,2026-01-01,1897,12.0,21565.0,69.7,3.86,0.875,3,271,2025-04-05,6013.0,62.4,1519,High
BLW-LOC-0435,Air Compressor,Locomotive,High,22,3650,2021-03-22,2026-01-16,1912,12.0,21745.0,69.8,4.82,0.898,4,144,2025-08-25,114373.0,56.5,1261,Medium
BLW-LOC-0435,Air Compressor,Locomotive,High,22,3650,2021-03-22,2026-01-31,1927,12.0,21925.0,114.6,4.03,0.98,1,31,2025-12-31,14104.0,53.2,898,Medium
BLW-LOC-0435,Air Compressor,Locomotive,High,22,3650,2021-03-22,2026-02-15,1942,12.0,22105.0,80.8,3.33,0.686,5,30,2026-01-16,94878.0,58.6,1346,Medium
BLW-LOC-0435,Air Compressor,Locomotive,High,22,3650,2021-03-22,2026-03-02,1957,12.0,22285.0,75.5,3.73,0.898,6,40,2026-01-21,102735.0,59.4,1392,Medium
BLW-LOC-0435,Air Compressor,Locomotive,High,22,3650,2021-03-22,2026-03-17,1972,12.0,22465.0,65.5,4.43,0.966,7,6,2026-03-11,146689.0,61.4,1262,Medium
BLW-LOC-0435,Air Compressor,Locomotive,High,22,3650,2021-03-22,2026-04-01,1987,12.0,22645.0,86.6,5.86,0.868,1,163,2025-10-20,90280.0,54.4,1115,Medium
BLW-LOC-0435,Air Compressor,Locomotive,High,22,3650,2021-03-22,2026-04-16,2002,12.0,22825.0,68.2,6.05,0.945,5,357,2025-04-24,103757.0,48.7,1117,High
BLW-LOC-0435,Air Compressor,Locomotive,High,22,3650,2021-03-22,2026-05-01,2017,12.0,23005.0,96.3,4.51,1.085,1,291,2025-07-14,43053.0,49.8,1024,High
BLW-LOC-0435,Air Compressor,Locomotive,High,22,3650,2021-03-22,2026-05-16,2032,12.0,23185.0,75.0,3.34,0.761,5,230,2025-09-28,56926.0,58.7,1451,High
BLW-LOC-0436,Diesel Engine Auxiliary,Locomotive,High,85,3650,2022-01-28,2026-01-01,1585,13.0,19143.0,75.1,3.03,0.632,5,279,2025-03-28,149869.0,59.9,1581,High
BLW-LOC-0436,Diesel Engine Auxiliary,Locomotive,High,85,3650,2022-01-28,2026-01-16,1600,13.0,19338.0,69.2,3.41,0.907,3,116,2025-09-22,90148.0,70.8,1524,Low
BLW-LOC-0436,Diesel Engine Auxiliary,Locomotive,High,85,3650,2022-01-28,2026-01-31,1615,13.0,19533.0,82.5,3.82,0.689,0,353,2025-02-12,56170.0,58.3,1307,High
BLW-LOC-0436,Diesel Engine Auxiliary,Locomotive,High,85,3650,2022-01-28,2026-02-15,1630,13.0,19728.0,95.6,3.25,0.801,7,236,2025-06-24,52033.0,46.8,1201,High
BLW-LOC-0436,Diesel Engine Auxiliary,Locomotive,High,85,3650,2022-01-28,2026-03-02,1645,13.0,19923.0,106.7,3.52,0.776,6,237,2025-07-08,130959.0,44.2,1174,High
BLW-LOC-0436,Diesel Engine Auxiliary,Locomotive,High,85,3650,2022-01-28,2026-03-17,1660,13.0,20118.0,74.5,2.33,0.815,7,231,2025-07-29,27139.0,59.1,1557,High
BLW-LOC-0436,Diesel Engine Auxiliary,Locomotive,High,85,3650,2022-01-28,2026-04-01,1675,13.0,20313.0,97.9,2.55,0.766,6,214,2025-08-30,142697.0,50.7,1292,High
BLW-LOC-0436,Diesel Engine Auxiliary,Locomotive,High,85,3650,2022-01-28,2026-04-16,1690,13.0,20508.0,64.7,3.12,0.814,2,162,2025-11-05,60311.0,72.8,1630,Medium
BLW-LOC-0436,Diesel Engine Auxiliary,Locomotive,High,85,3650,2022-01-28,2026-05-01,1705,13.0,20703.0,98.0,5.51,0.853,2,204,2025-10-09,58028.0,48.0,986,High
BLW-LOC-0436,Diesel Engine Auxiliary,Locomotive,High,85,3650,2022-01-28,2026-05-16,1720,13.0,20898.0,57.6,3.4,0.849,6,338,2025-06-12,136278.0,61.6,1583,High
BLW-MFG-0437,Hydraulic Press,Manufacturing,High,55,5475,2023-04-29,2026-01-01,1129,19.2,16585.0,59.1,2.7,0.716,0,200,2025-06-15,73482.0,86.0,2744,High
BLW-MFG-0437,Hydraulic Press,Manufacturing,High,55,5475,2023-04-29,2026-01-16,1144,19.2,16873.0,52.1,3.59,0.882,4,172,2025-07-28,33675.0,72.8,2816,Medium
BLW-MFG-0437,Hydraulic Press,Manufacturing,High,55,5475,2023-04-29,2026-01-31,1159,19.2,17161.0,57.7,2.56,0.849,7,200,2025-07-15,27956.0,73.1,2847,High
BLW-MFG-0437,Hydraulic Press,Manufacturing,High,55,5475,2023-04-29,2026-02-15,1174,19.2,17449.0,66.8,2.57,0.876,8,142,2025-09-26,38022.0,69.1,2904,Medium
BLW-MFG-0437,Hydraulic Press,Manufacturing,High,55,5475,2023-04-29,2026-03-02,1189,19.2,17737.0,75.2,2.17,0.792,7,310,2025-04-26,109941.0,64.4,2759,High
BLW-MFG-0437,Hydraulic Press,Manufacturing,High,55,5475,2023-04-29,2026-03-17,1204,19.2,18025.0,85.9,2.69,0.752,6,222,2025-08-07,142363.0,61.1,2403,High
BLW-MFG-0437,Hydraulic Press,Manufacturing,High,55,5475,2023-04-29,2026-04-01,1219,19.2,18313.0,97.4,3.59,0.691,2,249,2025-07-26,145519.0,60.8,2068,High
BLW-MFG-0437,Hydraulic Press,Manufacturing,High,55,5475,2023-04-29,2026-04-16,1234,19.2,18601.0,60.7,2.8,0.892,0,180,2025-10-18,144409.0,85.4,2989,Medium
BLW-MFG-0437,Hydraulic Press,Manufacturing,High,55,5475,2023-04-29,2026-05-01,1249,19.2,18889.0,77.7,1.44,0.754,1,165,2025-11-17,107373.0,78.4,2667,Medium
BLW-MFG-0437,Hydraulic Press,Manufacturing,High,55,5475,2023-04-29,2026-05-16,1264,19.2,19177.0,82.5,3.29,0.87,4,72,2026-03-05,39097.0,70.4,2350,Low
BLW-LOC-0438,Diesel Engine Auxiliary,Locomotive,High,85,3650,2024-07-03,2026-01-01,698,9.0,5322.0,79.3,4.85,0.84,4,323,2025-02-12,27997.0,61.9,1556,High
BLW-LOC-0438,Diesel Engine Auxiliary,Locomotive,High,85,3650,2024-07-03,2026-01-16,713,9.0,5457.0,98.3,2.22,1.068,4,350,2025-01-31,94680.0,59.7,1515,High
BLW-LOC-0438,Diesel Engine Auxiliary,Locomotive,High,85,3650,2024-07-03,2026-01-31,728,9.0,5592.0,90.8,4.84,0.692,1,306,2025-03-31,23767.0,61.6,1484,High
BLW-LOC-0438,Diesel Engine Auxiliary,Locomotive,High,85,3650,2024-07-03,2026-02-15,743,9.0,5727.0,115.6,5.15,0.835,4,174,2025-08-25,110090.0,49.2,1157,High
BLW-LOC-0438,Diesel Engine Auxiliary,Locomotive,High,85,3650,2024-07-03,2026-03-02,758,9.0,5862.0,86.6,3.24,0.768,2,189,2025-08-25,86973.0,71.4,1549,High
BLW-LOC-0438,Diesel Engine Auxiliary,Locomotive,High,85,3650,2024-07-03,2026-03-17,773,9.0,5997.0,110.1,5.57,0.954,7,32,2026-02-13,7568.0,50.3,1114,Medium
BLW-LOC-0438,Diesel Engine Auxiliary,Locomotive,High,85,3650,2024-07-03,2026-04-01,788,9.0,6132.0,82.5,5.77,0.984,5,213,2025-08-31,40686.0,59.4,1510,High
BLW-LOC-0438,Diesel Engine Auxiliary,Locomotive,High,85,3650,2024-07-03,2026-04-16,803,9.0,6267.0,91.8,4.33,1.003,5,352,2025-04-29,38849.0,56.6,1522,High
BLW-LOC-0438,Diesel Engine Auxiliary,Locomotive,High,85,3650,2024-07-03,2026-05-01,818,9.0,6402.0,86.8,3.6,0.824,5,324,2025-06-11,137782.0,59.8,1444,High
BLW-LOC-0438,Diesel Engine Auxiliary,Locomotive,High,85,3650,2024-07-03,2026-05-16,833,9.0,6537.0,71.5,2.82,0.834,7,143,2025-12-24,85474.0,73.1,1762,Medium
BLW-LOC-0439,Alternator,Locomotive,Critical,110,4380,2023-12-01,2026-01-01,913,8.7,5863.0,81.6,3.83,1.041,5,323,2025-02-12,87980.0,61.2,1871,High
BLW-LOC-0439,Alternator,Locomotive,Critical,110,4380,2023-12-01,2026-01-16,928,8.7,5993.5,77.2,4.91,1.016,3,362,2025-01-19,90961.0,63.9,1979,High
BLW-LOC-0439,Alternator,Locomotive,Critical,110,4380,2023-12-01,2026-01-31,943,8.7,6124.0,82.3,3.39,1.001,3,127,2025-09-26,75845.0,72.9,1876,Medium
BLW-LOC-0439,Alternator,Locomotive,Critical,110,4380,2023-12-01,2026-02-15,958,8.7,6254.5,95.4,3.4,0.825,7,9,2026-02-06,50452.0,64.3,1724,Medium
BLW-LOC-0439,Alternator,Locomotive,Critical,110,4380,2023-12-01,2026-03-02,973,8.7,6385.0,87.0,4.49,0.776,1,196,2025-08-18,113778.0,69.2,1919,High
BLW-LOC-0439,Alternator,Locomotive,Critical,110,4380,2023-12-01,2026-03-17,988,8.7,6515.5,67.7,4.29,0.775,5,41,2026-02-04,81739.0,75.6,2132,Low
BLW-LOC-0439,Alternator,Locomotive,Critical,110,4380,2023-12-01,2026-04-01,1003,8.7,6646.0,77.5,6.45,1.013,7,308,2025-05-28,135562.0,53.7,1721,High
BLW-LOC-0439,Alternator,Locomotive,Critical,110,4380,2023-12-01,2026-04-16,1018,8.7,6776.5,98.4,2.66,0.908,4,34,2026-03-13,70175.0,69.2,1761,Medium
BLW-LOC-0439,Alternator,Locomotive,Critical,110,4380,2023-12-01,2026-05-01,1033,8.7,6907.0,91.4,5.38,0.839,3,141,2025-12-11,108227.0,62.1,1565,Medium
BLW-LOC-0439,Alternator,Locomotive,Critical,110,4380,2023-12-01,2026-05-16,1048,8.7,7037.5,58.4,4.88,0.892,5,30,2026-04-16,73693.0,75.8,1970,Low
BLW-MFG-0440,Material Handling Crane,Manufacturing,Critical,75,7300,2023-07-20,2026-01-01,1047,6.0,5069.0,62.8,3.79,0.82,7,287,2025-03-20,26187.0,69.2,3704,High
BLW-MFG-0440,Material Handling Crane,Manufacturing,Critical,75,7300,2023-07-20,2026-01-16,1062,6.0,5159.0,51.0,3.41,0.699,4,163,2025-08-06,75281.0,78.9,3641,Medium
BLW-MFG-0440,Material Handling Crane,Manufacturing,Critical,75,7300,2023-07-20,2026-01-31,1077,6.0,5249.0,64.5,2.58,0.83,5,309,2025-03-28,133066.0,73.8,4057,High
BLW-MFG-0440,Material Handling Crane,Manufacturing,Critical,75,7300,2023-07-20,2026-02-15,1092,6.0,5339.0,77.4,2.79,0.787,3,330,2025-03-22,32288.0,71.5,3525,High
BLW-MFG-0440,Material Handling Crane,Manufacturing,Critical,75,7300,2023-07-20,2026-03-02,1107,6.0,5429.0,51.4,2.14,0.926,1,151,2025-10-02,111346.0,90.3,4439,Medium
BLW-MFG-0440,Material Handling Crane,Manufacturing,Critical,75,7300,2023-07-20,2026-03-17,1122,6.0,5519.0,65.4,2.72,0.804,3,268,2025-06-22,120833.0,78.6,3728,High
BLW-MFG-0440,Material Handling Crane,Manufacturing,Critical,75,7300,2023-07-20,2026-04-01,1137,6.0,5609.0,73.1,3.13,0.799,4,127,2025-11-25,119653.0,78.8,3943,Medium
BLW-MFG-0440,Material Handling Crane,Manufacturing,Critical,75,7300,2023-07-20,2026-04-16,1152,6.0,5699.0,84.6,3.65,0.931,6,358,2025-04-23,123695.0,63.5,3352,High
BLW-MFG-0440,Material Handling Crane,Manufacturing,Critical,75,7300,2023-07-20,2026-05-01,1167,6.0,5789.0,64.4,3.55,0.923,0,152,2025-11-30,42843.0,84.1,3739,Medium
BLW-MFG-0440,Material Handling Crane,Manufacturing,Critical,75,7300,2023-07-20,2026-05-16,1182,6.0,5879.0,85.4,1.61,0.74,2,151,2025-12-16,8666.0,78.0,3616,Medium
BLW-LOC-0441,Wheel Assembly,Locomotive,Critical,0,5475,2020-06-10,2026-01-01,2182,11.2,22795.0,57.6,3.35,0.988,2,228,2025-05-18,95754.0,72.9,2603,High
BLW-LOC-0441,Wheel Assembly,Locomotive,Critical,0,5475,2020-06-10,2026-01-16,2197,11.2,22963.0,69.9,2.58,0.957,8,80,2025-10-28,91108.0,65.1,2201,Medium
BLW-LOC-0441,Wheel Assembly,Locomotive,Critical,0,5475,2020-06-10,2026-01-31,2212,11.2,23131.0,67.6,5.48,0.749,5,55,2025-12-07,140851.0,64.2,2010,Medium
BLW-LOC-0441,Wheel Assembly,Locomotive,Critical,0,5475,2020-06-10,2026-02-15,2227,11.2,23299.0,80.4,4.0,0.613,7,141,2025-09-27,33678.0,54.0,2014,Medium
BLW-LOC-0441,Wheel Assembly,Locomotive,Critical,0,5475,2020-06-10,2026-03-02,2242,11.2,23467.0,70.3,4.9,0.677,7,145,2025-10-08,28621.0,58.2,1918,Medium
BLW-LOC-0441,Wheel Assembly,Locomotive,Critical,0,5475,2020-06-10,2026-03-17,2257,11.2,23635.0,76.7,2.47,1.103,2,165,2025-10-03,143635.0,68.5,2306,Medium
BLW-LOC-0441,Wheel Assembly,Locomotive,Critical,0,5475,2020-06-10,2026-04-01,2272,11.2,23803.0,56.9,5.72,0.928,1,26,2026-03-06,130822.0,73.3,2370,Low
BLW-LOC-0441,Wheel Assembly,Locomotive,Critical,0,5475,2020-06-10,2026-04-16,2287,11.2,23971.0,85.8,4.11,0.901,8,244,2025-08-15,58479.0,49.8,1843,High
BLW-LOC-0441,Wheel Assembly,Locomotive,Critical,0,5475,2020-06-10,2026-05-01,2302,11.2,24139.0,81.2,4.87,0.923,5,192,2025-10-21,84768.0,55.2,1777,High
BLW-LOC-0441,Wheel Assembly,Locomotive,Critical,0,5475,2020-06-10,2026-05-16,2317,11.2,24307.0,107.7,3.16,1.013,6,330,2025-06-20,51963.0,44.6,1565,High
BLW-MFG-0442,Compressor Unit,Manufacturing,Medium,37,3650,2021-10-30,2026-01-01,1675,14.6,22698.0,80.0,3.03,0.954,4,165,2025-07-20,87014.0,59.9,1450,Medium
BLW-MFG-0442,Compressor Unit,Manufacturing,Medium,37,3650,2021-10-30,2026-01-16,1690,14.6,22917.0,44.6,2.4,0.698,0,261,2025-04-30,13100.0,74.0,1724,High
BLW-MFG-0442,Compressor Unit,Manufacturing,Medium,37,3650,2021-10-30,2026-01-31,1705,14.6,23136.0,59.3,3.68,0.744,2,254,2025-05-22,14262.0,68.7,1673,High
BLW-MFG-0442,Compressor Unit,Manufacturing,Medium,37,3650,2021-10-30,2026-02-15,1720,14.6,23355.0,79.6,2.64,0.622,1,71,2025-12-06,26978.0,70.4,1450,Low
BLW-MFG-0442,Compressor Unit,Manufacturing,Medium,37,3650,2021-10-30,2026-03-02,1735,14.6,23574.0,56.5,2.5,0.983,8,83,2025-12-09,141318.0,63.1,1649,Medium
BLW-MFG-0442,Compressor Unit,Manufacturing,Medium,37,3650,2021-10-30,2026-03-17,1750,14.6,23793.0,71.6,2.73,0.909,3,47,2026-01-29,114426.0,72.0,1495,Low
BLW-MFG-0442,Compressor Unit,Manufacturing,Medium,37,3650,2021-10-30,2026-04-01,1765,14.6,24012.0,66.9,3.66,0.942,5,173,2025-10-10,16768.0,61.3,1455,Medium
BLW-MFG-0442,Compressor Unit,Manufacturing,Medium,37,3650,2021-10-30,2026-04-16,1780,14.6,24231.0,44.0,2.45,0.741,5,35,2026-03-12,76406.0,72.8,1620,Low
BLW-MFG-0442,Compressor Unit,Manufacturing,Medium,37,3650,2021-10-30,2026-05-01,1795,14.6,24450.0,68.0,3.19,0.773,8,31,2026-03-31,81079.0,63.3,1574,Medium
BLW-MFG-0442,Compressor Unit,Manufacturing,Medium,37,3650,2021-10-30,2026-05-16,1810,14.6,24669.0,91.6,3.87,0.862,6,355,2025-05-26,27473.0,46.6,1163,High
BLW-MFG-0443,CNC Turning Center,Manufacturing,High,22,3650,2024-07-25,2026-01-01,676,8.9,4499.0,54.5,2.26,0.872,4,116,2025-09-07,39693.0,82.4,1963,Low
BLW-MFG-0443,CNC Turning Center,Manufacturing,High,22,3650,2024-07-25,2026-01-16,691,8.9,4632.5,46.6,3.28,0.673,8,12,2026-01-04,12610.0,74.8,1977,Low
BLW-MFG-0443,CNC Turning Center,Manufacturing,High,22,3650,2024-07-25,2026-01-31,706,8.9,4766.0,80.8,3.24,0.858,3,245,2025-05-31,11147.0,69.7,1624,High
BLW-MFG-0443,CNC Turning Center,Manufacturing,High,22,3650,2024-07-25,2026-02-15,721,8.9,4899.5,63.1,1.59,0.86,3,119,2025-10-19,142745.0,84.9,1882,Low
BLW-MFG-0443,CNC Turning Center,Manufacturing,High,22,3650,2024-07-25,2026-03-02,736,8.9,5033.0,87.0,3.55,0.909,2,256,2025-06-19,51322.0,67.9,1608,High
BLW-MFG-0443,CNC Turning Center,Manufacturing,High,22,3650,2024-07-25,2026-03-17,751,8.9,5166.5,76.5,3.19,1.005,6,324,2025-04-27,102188.0,64.5,1670,High
BLW-MFG-0443,CNC Turning Center,Manufacturing,High,22,3650,2024-07-25,2026-04-01,766,8.9,5300.0,77.4,1.96,0.942,0,261,2025-07-14,116003.0,78.6,1908,High
BLW-MFG-0443,CNC Turning Center,Manufacturing,High,22,3650,2024-07-25,2026-04-16,781,8.9,5433.5,62.8,3.58,0.946,7,12,2026-04-04,102098.0,76.2,1710,Low
BLW-MFG-0443,CNC Turning Center,Manufacturing,High,22,3650,2024-07-25,2026-05-01,796,8.9,5567.0,60.6,2.54,0.67,6,281,2025-07-24,14854.0,76.0,1943,High
BLW-MFG-0443,CNC Turning Center,Manufacturing,High,22,3650,2024-07-25,2026-05-16,811,8.9,5700.5,58.6,4.56,0.795,3,301,2025-07-19,10221.0,73.7,1730,High
BLW-MFG-0444,Material Handling Crane,Manufacturing,Critical,75,7300,2023-04-08,2026-01-01,1150,12.9,11939.0,40.8,1.57,0.775,1,297,2025-03-10,132839.0,86.1,4114,High
BLW-MFG-0444,Material Handling Crane,Manufacturing,Critical,75,7300,2023-04-08,2026-01-16,1165,12.9,12132.5,67.5,1.04,0.952,8,84,2025-10-24,62591.0,75.4,3734,Low
BLW-MFG-0444,Material Handling Crane,Manufacturing,Critical,75,7300,2023-04-08,2026-01-31,1180,12.9,12326.0,80.2,4.02,0.945,2,274,2025-05-02,6066.0,69.1,3089,High
BLW-MFG-0444,Material Handling Crane,Manufacturing,Critical,75,7300,2023-04-08,2026-02-15,1195,12.9,12519.5,79.3,1.72,1.03,4,136,2025-10-02,85658.0,76.1,3379,Medium
BLW-MFG-0444,Material Handling Crane,Manufacturing,Critical,75,7300,2023-04-08,2026-03-02,1210,12.9,12713.0,53.4,1.85,0.854,8,198,2025-08-16,28180.0,74.9,3679,High
BLW-MFG-0444,Material Handling Crane,Manufacturing,Critical,75,7300,2023-04-08,2026-03-17,1225,12.9,12906.5,64.7,1.82,0.904,3,311,2025-05-10,42160.0,78.8,3832,High
BLW-MFG-0444,Material Handling Crane,Manufacturing,Critical,75,7300,2023-04-08,2026-04-01,1240,12.9,13100.0,54.3,2.83,0.809,3,167,2025-10-16,135200.0,82.8,3905,Medium
BLW-MFG-0444,Material Handling Crane,Manufacturing,Critical,75,7300,2023-04-08,2026-04-16,1255,12.9,13293.5,80.1,2.71,0.669,6,61,2026-02-14,99317.0,73.6,3240,Low
BLW-MFG-0444,Material Handling Crane,Manufacturing,Critical,75,7300,2023-04-08,2026-05-01,1270,12.9,13487.0,58.1,3.16,0.89,7,14,2026-04-17,69604.0,77.5,3647,Low
BLW-MFG-0444,Material Handling Crane,Manufacturing,Critical,75,7300,2023-04-08,2026-05-16,1285,12.9,13680.5,67.5,4.52,0.865,8,207,2025-10-21,34666.0,62.6,3183,High
BLW-MFG-0445,Welding Robot,Manufacturing,Medium,18,2920,2020-03-26,2026-01-01,2258,11.4,18843.0,62.0,3.01,0.868,3,102,2025-09-21,115165.0,64.6,1069,Medium
BLW-MFG-0445,Welding Robot,Manufacturing,Medium,18,2920,2020-03-26,2026-01-16,2273,11.4,19014.0,60.7,3.51,0.71,4,353,2025-01-28,102760.0,54.0,1122,High
BLW-MFG-0445,Welding Robot,Manufacturing,Medium,18,2920,2020-03-26,2026-01-31,2288,11.4,19185.0,77.1,2.73,0.789,4,184,2025-07-31,72248.0,53.1,1030,High
BLW-MFG-0445,Welding Robot,Manufacturing,Medium,18,2920,2020-03-26,2026-02-15,2303,11.4,19356.0,83.2,5.26,0.874,3,290,2025-05-01,134080.0,43.9,770,High
BLW-MFG-0445,Welding Robot,Manufacturing,Medium,18,2920,2020-03-26,2026-03-02,2318,11.4,19527.0,45.7,3.16,1.075,4,111,2025-11-11,79109.0,64.6,1179,Medium
BLW-MFG-0445,Welding Robot,Manufacturing,Medium,18,2920,2020-03-26,2026-03-17,2333,11.4,19698.0,71.9,3.37,0.603,4,6,2026-03-11,36381.0,61.4,978,Medium
BLW-MFG-0445,Welding Robot,Manufacturing,Medium,18,2920,2020-03-26,2026-04-01,2348,11.4,19869.0,61.4,2.81,0.814,2,170,2025-10-13,34921.0,64.1,1140,Medium
BLW-MFG-0445,Welding Robot,Manufacturing,Medium,18,2920,2020-03-26,2026-04-16,2363,11.4,20040.0,63.9,3.24,0.706,6,167,2025-10-31,71393.0,55.4,1008,Medium
BLW-MFG-0445,Welding Robot,Manufacturing,Medium,18,2920,2020-03-26,2026-05-01,2378,11.4,20211.0,63.7,3.33,0.7,6,308,2025-06-27,114310.0,50.4,1093,High
BLW-MFG-0445,Welding Robot,Manufacturing,Medium,18,2920,2020-03-26,2026-05-16,2393,11.4,20382.0,55.2,4.85,0.985,7,245,2025-09-13,86320.0,47.8,955,High
BLW-LOC-0446,Air Compressor,Locomotive,High,22,3650,2024-06-16,2026-01-01,715,19.8,13551.0,81.0,1.76,0.61,3,39,2025-11-23,94374.0,75.9,1686,Low
BLW-LOC-0446,Air Compressor,Locomotive,High,22,3650,2024-06-16,2026-01-16,730,19.8,13848.0,80.2,2.81,1.008,0,15,2026-01-01,94795.0,78.3,1572,Low
BLW-LOC-0446,Air Compressor,Locomotive,High,22,3650,2024-06-16,2026-01-31,745,19.8,14145.0,86.9,2.21,0.716,0,140,2025-09-13,139873.0,76.3,1557,Medium
BLW-LOC-0446,Air Compressor,Locomotive,High,22,3650,2024-06-16,2026-02-15,760,19.8,14442.0,78.4,2.81,0.762,4,227,2025-07-03,60306.0,65.0,1664,High
BLW-LOC-0446,Air Compressor,Locomotive,High,22,3650,2024-06-16,2026-03-02,775,19.8,14739.0,62.5,3.5,0.809,2,49,2026-01-12,12763.0,80.7,1769,Low
BLW-LOC-0446,Air Compressor,Locomotive,High,22,3650,2024-06-16,2026-03-17,790,19.8,15036.0,84.9,2.88,1.024,3,330,2025-04-21,32664.0,61.5,1569,High
BLW-LOC-0446,Air Compressor,Locomotive,High,22,3650,2024-06-16,2026-04-01,805,19.8,15333.0,95.3,4.37,0.763,6,190,2025-09-23,16034.0,52.9,1267,High
BLW-LOC-0446,Air Compressor,Locomotive,High,22,3650,2024-06-16,2026-04-16,820,19.8,15630.0,92.6,2.96,0.916,6,334,2025-05-17,8247.0,55.8,1648,High
BLW-LOC-0446,Air Compressor,Locomotive,High,22,3650,2024-06-16,2026-05-01,835,19.8,15927.0,89.1,2.93,0.715,0,61,2026-03-01,48797.0,74.9,1554,Low
BLW-LOC-0446,Air Compressor,Locomotive,High,22,3650,2024-06-16,2026-05-16,850,19.8,16224.0,52.0,3.09,0.931,4,233,2025-09-25,139868.0,73.7,1912,High
BLW-MFG-0447,Paint Booth Ventilation,Manufacturing,Low,15,2555,2020-09-03,2026-01-01,2097,18.9,36593.0,46.3,3.41,0.911,0,243,2025-05-03,30314.0,56.1,757,High
BLW-MFG-0447,Paint Booth Ventilation,Manufacturing,Low,15,2555,2020-09-03,2026-01-16,2112,18.9,36876.5,69.6,2.25,0.684,1,44,2025-12-03,110097.0,57.4,773,Medium
BLW-MFG-0447,Paint Booth Ventilation,Manufacturing,Low,15,2555,2020-09-03,2026-01-31,2127,18.9,37160.0,77.6,3.36,0.715,7,296,2025-04-10,105763.0,32.7,654,High
BLW-MFG-0447,Paint Booth Ventilation,Manufacturing,Low,15,2555,2020-09-03,2026-02-15,2142,18.9,37443.5,66.5,3.86,0.904,4,138,2025-09-30,8271.0,46.5,723,High
BLW-MFG-0447,Paint Booth Ventilation,Manufacturing,Low,15,2555,2020-09-03,2026-03-02,2157,18.9,37727.0,46.9,4.16,0.795,7,32,2026-01-29,111058.0,48.0,753,High
BLW-MFG-0447,Paint Booth Ventilation,Manufacturing,Low,15,2555,2020-09-03,2026-03-17,2172,18.9,38010.5,93.3,3.6,0.702,2,110,2025-11-27,14448.0,40.0,570,High
BLW-MFG-0447,Paint Booth Ventilation,Manufacturing,Low,15,2555,2020-09-03,2026-04-01,2187,18.9,38294.0,59.3,2.76,0.713,6,15,2026-03-17,10388.0,52.2,832,Medium
BLW-MFG-0447,Paint Booth Ventilation,Manufacturing,Low,15,2555,2020-09-03,2026-04-16,2202,18.9,38577.5,58.6,4.9,0.861,6,238,2025-08-21,64802.0,38.3,655,High
BLW-MFG-0447,Paint Booth Ventilation,Manufacturing,Low,15,2555,2020-09-03,2026-05-01,2217,18.9,38861.0,72.1,2.97,0.938,0,295,2025-07-10,135124.0,49.5,716,High
BLW-MFG-0447,Paint Booth Ventilation,Manufacturing,Low,15,2555,2020-09-03,2026-05-16,2232,18.9,39144.5,92.2,3.64,0.84,1,143,2025-12-24,107936.0,42.4,599,High
BLW-LOC-0448,Diesel Engine Auxiliary,Locomotive,High,85,3650,2021-02-19,2026-01-01,1928,17.2,23456.0,56.6,3.69,0.796,4,96,2025-09-27,39049.0,67.2,1422,Medium
BLW-LOC-0448,Diesel Engine Auxiliary,Locomotive,High,85,3650,2021-02-19,2026-01-16,1943,17.2,23714.0,69.7,5.55,1.003,7,0,2026-01-16,149396.0,49.3,1272,High
BLW-LOC-0448,Diesel Engine Auxiliary,Locomotive,High,85,3650,2021-02-19,2026-01-31,1958,17.2,23972.0,78.5,2.75,0.739,0,288,2025-04-18,126132.0,62.3,1343,High
BLW-LOC-0448,Diesel Engine Auxiliary,Locomotive,High,85,3650,2021-02-19,2026-02-15,1973,17.2,24230.0,63.5,2.02,0.74,6,286,2025-05-05,143061.0,61.7,1559,High
BLW-LOC-0448,Diesel Engine Auxiliary,Locomotive,High,85,3650,2021-02-19,2026-03-02,1988,17.2,24488.0,89.5,3.62,0.713,7,118,2025-11-04,108758.0,49.6,1089,High
BLW-LOC-0448,Diesel Engine Auxiliary,Locomotive,High,85,3650,2021-02-19,2026-03-17,2003,17.2,24746.0,91.7,2.35,0.793,0,146,2025-10-22,57785.0,63.1,1326,Medium
BLW-LOC-0448,Diesel Engine Auxiliary,Locomotive,High,85,3650,2021-02-19,2026-04-01,2018,17.2,25004.0,85.4,3.82,1.106,5,233,2025-08-11,124004.0,47.6,1129,High
BLW-LOC-0448,Diesel Engine Auxiliary,Locomotive,High,85,3650,2021-02-19,2026-04-16,2033,17.2,25262.0,67.4,1.73,0.799,8,83,2026-01-23,59124.0,62.8,1455,Medium
BLW-LOC-0448,Diesel Engine Auxiliary,Locomotive,High,85,3650,2021-02-19,2026-05-01,2048,17.2,25520.0,79.4,1.83,0.794,5,282,2025-07-23,83411.0,56.1,1443,High
BLW-LOC-0448,Diesel Engine Auxiliary,Locomotive,High,85,3650,2021-02-19,2026-05-16,2063,17.2,25778.0,60.1,3.4,1.025,5,327,2025-06-23,55284.0,58.4,1333,High
BLW-MFG-0449,Compressor Unit,Manufacturing,Medium,37,3650,2023-04-03,2026-01-01,1155,11.6,11258.0,80.4,3.46,0.907,5,149,2025-08-05,26407.0,61.5,1659,Medium
BLW-MFG-0449,Compressor Unit,Manufacturing,Medium,37,3650,2023-04-03,2026-01-16,1170,11.6,11432.0,56.5,2.39,0.755,7,345,2025-02-05,83629.0,67.9,1797,High
BLW-MFG-0449,Compressor Unit,Manufacturing,Medium,37,3650,2023-04-03,2026-01-31,1185,11.6,11606.0,72.4,2.97,0.82,5,221,2025-06-24,17535.0,65.4,1811,High
BLW-MFG-0449,Compressor Unit,Manufacturing,Medium,37,3650,2023-04-03,2026-02-15,1200,11.6,11780.0,49.8,3.32,0.873,4,70,2025-12-07,53257.0,78.4,1890,Low
BLW-MFG-0449,Compressor Unit,Manufacturing,Medium,37,3650,2023-04-03,2026-03-02,1215,11.6,11954.0,66.6,3.48,1.016,5,330,2025-04-06,72651.0,64.5,1591,High
BLW-MFG-0449,Compressor Unit,Manufacturing,Medium,37,3650,2023-04-03,2026-03-17,1230,11.6,12128.0,64.4,1.88,0.882,8,348,2025-04-03,28820.0,65.6,1780,High
BLW-MFG-0449,Compressor Unit,Manufacturing,Medium,37,3650,2023-04-03,2026-04-01,1245,11.6,12302.0,50.3,4.02,0.672,0,175,2025-10-08,78421.0,76.6,1731,Medium
BLW-MFG-0449,Compressor Unit,Manufacturing,Medium,37,3650,2023-04-03,2026-04-16,1260,11.6,12476.0,73.6,3.53,0.848,2,306,2025-06-14,54539.0,70.3,1635,High
BLW-MFG-0449,Compressor Unit,Manufacturing,Medium,37,3650,2023-04-03,2026-05-01,1275,11.6,12650.0,83.8,3.91,0.731,2,293,2025-07-12,25231.0,62.6,1657,High
BLW-MFG-0449,Compressor Unit,Manufacturing,Medium,37,3650,2023-04-03,2026-05-16,1290,11.6,12824.0,66.1,2.64,0.882,3,354,2025-05-27,62471.0,69.5,1695,High
BLW-LOC-0450,Wheel Assembly,Locomotive,Critical,0,5475,2024-12-08,2026-01-01,540,7.6,3490.0,70.8,5.22,0.834,0,266,2025-04-10,20053.0,73.9,2386,High
BLW-LOC-0450,Wheel Assembly,Locomotive,Critical,0,5475,2024-12-08,2026-01-16,555,7.6,3604.0,111.9,3.28,0.907,0,130,2025-09-08,140503.0,68.6,2179,Medium
BLW-LOC-0450,Wheel Assembly,Locomotive,Critical,0,5475,2024-12-08,2026-01-31,570,7.6,3718.0,101.5,2.82,0.915,2,116,2025-10-07,104182.0,69.2,2583,Medium
BLW-LOC-0450,Wheel Assembly,Locomotive,Critical,0,5475,2024-12-08,2026-02-15,585,7.6,3832.0,84.4,3.15,0.829,5,250,2025-06-10,21954.0,67.3,2489,High
BLW-LOC-0450,Wheel Assembly,Locomotive,Critical,0,5475,2024-12-08,2026-03-02,600,7.6,3946.0,44.5,3.58,0.853,5,280,2025-05-26,140855.0,76.4,2819,High
BLW-LOC-0450,Wheel Assembly,Locomotive,Critical,0,5475,2024-12-08,2026-03-17,615,7.6,4060.0,70.4,3.74,0.682,8,336,2025-04-15,123807.0,64.3,2417,High
BLW-LOC-0450,Wheel Assembly,Locomotive,Critical,0,5475,2024-12-08,2026-04-01,630,7.6,4174.0,99.6,4.62,0.769,3,295,2025-06-10,55914.0,60.9,2154,High
BLW-LOC-0450,Wheel Assembly,Locomotive,Critical,0,5475,2024-12-08,2026-04-16,645,7.6,4288.0,68.5,1.42,0.923,6,352,2025-04-29,113977.0,72.1,3097,High
BLW-LOC-0450,Wheel Assembly,Locomotive,Critical,0,5475,2024-12-08,2026-05-01,660,7.6,4402.0,84.6,3.06,1.106,1,115,2026-01-06,97868.0,80.1,2131,Low
BLW-LOC-0450,Wheel Assembly,Locomotive,Critical,0,5475,2024-12-08,2026-05-16,675,7.6,4516.0,77.9,2.29,0.799,7,79,2026-02-26,125981.0,74.2,2782,Low
BLW-MFG-0451,Paint Booth Ventilation,Manufacturing,Low,15,2555,2024-01-06,2026-01-01,877,6.0,4936.0,68.1,3.77,0.884,8,55,2025-11-07,76804.0,67.1,1175,Medium
BLW-MFG-0451,Paint Booth Ventilation,Manufacturing,Low,15,2555,2024-01-06,2026-01-16,892,6.0,5026.0,81.2,2.57,0.796,1,355,2025-01-26,142766.0,66.0,1235,High
BLW-MFG-0451,Paint Booth Ventilation,Manufacturing,Low,15,2555,2024-01-06,2026-01-31,907,6.0,5116.0,65.7,5.54,0.789,3,207,2025-07-08,48914.0,66.8,1147,High
BLW-MFG-0451,Paint Booth Ventilation,Manufacturing,Low,15,2555,2024-01-06,2026-02-15,922,6.0,5206.0,54.2,3.27,0.838,3,277,2025-05-14,97546.0,73.4,1345,High
BLW-MFG-0451,Paint Booth Ventilation,Manufacturing,Low,15,2555,2024-01-06,2026-03-02,937,6.0,5296.0,57.4,3.25,0.985,3,12,2026-02-18,7352.0,80.2,1253,Low
BLW-MFG-0451,Paint Booth Ventilation,Manufacturing,Low,15,2555,2024-01-06,2026-03-17,952,6.0,5386.0,97.1,3.48,0.794,4,61,2026-01-15,35028.0,63.7,974,Medium
BLW-MFG-0451,Paint Booth Ventilation,Manufacturing,Low,15,2555,2024-01-06,2026-04-01,967,6.0,5476.0,51.0,4.34,0.74,1,34,2026-02-26,41748.0,84.6,1197,Low
BLW-MFG-0451,Paint Booth Ventilation,Manufacturing,Low,15,2555,2024-01-06,2026-04-16,982,6.0,5566.0,96.2,1.92,0.958,1,216,2025-09-12,142007.0,69.2,1146,High
BLW-MFG-0451,Paint Booth Ventilation,Manufacturing,Low,15,2555,2024-01-06,2026-05-01,997,6.0,5656.0,83.0,2.75,0.729,6,5,2026-04-26,106184.0,68.3,1137,Medium
BLW-MFG-0451,Paint Booth Ventilation,Manufacturing,Low,15,2555,2024-01-06,2026-05-16,1012,6.0,5746.0,66.5,3.5,0.898,4,175,2025-11-22,61223.0,70.2,1233,Medium
BLW-MFG-0452,Paint Booth Ventilation,Manufacturing,Low,15,2555,2021-09-14,2026-01-01,1721,12.0,18110.0,61.8,2.17,0.899,7,325,2025-02-10,94146.0,53.6,1024,High
BLW-MFG-0452,Paint Booth Ventilation,Manufacturing,Low,15,2555,2021-09-14,2026-01-16,1736,12.0,18290.0,66.7,4.09,0.844,0,347,2025-02-03,76243.0,59.9,941,High
BLW-MFG-0452,Paint Booth Ventilation,Manufacturing,Low,15,2555,2021-09-14,2026-01-31,1751,12.0,18470.0,65.7,2.86,0.859,0,255,2025-05-21,51347.0,65.3,1093,High
BLW-MFG-0452,Paint Booth Ventilation,Manufacturing,Low,15,2555,2021-09-14,2026-02-15,1766,12.0,18650.0,62.9,1.41,1.109,0,130,2025-10-08,106592.0,72.4,1159,Medium
BLW-MFG-0452,Paint Booth Ventilation,Manufacturing,Low,15,2555,2021-09-14,2026-03-02,1781,12.0,18830.0,85.1,3.85,0.82,6,275,2025-05-31,116619.0,44.1,758,High
BLW-MFG-0452,Paint Booth Ventilation,Manufacturing,Low,15,2555,2021-09-14,2026-03-17,1796,12.0,19010.0,92.9,2.28,0.82,6,352,2025-03-30,90133.0,43.2,832,High
BLW-MFG-0452,Paint Booth Ventilation,Manufacturing,Low,15,2555,2021-09-14,2026-04-01,1811,12.0,19190.0,61.9,4.35,0.945,5,350,2025-04-16,76095.0,51.6,928,High
BLW-MFG-0452,Paint Booth Ventilation,Manufacturing,Low,15,2555,2021-09-14,2026-04-16,1826,12.0,19370.0,83.4,2.73,1.012,0,194,2025-10-04,10607.0,60.9,967,High
BLW-MFG-0452,Paint Booth Ventilation,Manufacturing,Low,15,2555,2021-09-14,2026-05-01,1841,12.0,19550.0,70.0,3.26,0.983,7,44,2026-03-18,73856.0,59.4,1010,Medium
BLW-MFG-0452,Paint Booth Ventilation,Manufacturing,Low,15,2555,2021-09-14,2026-05-16,1856,12.0,19730.0,82.7,3.78,0.814,8,47,2026-03-30,17030.0,48.0,781,High
BLW-MFG-0453,Welding Robot,Manufacturing,Medium,18,2920,2022-07-20,2026-01-01,1412,11.3,12784.0,69.5,3.2,0.624,7,17,2025-12-15,51817.0,64.4,1236,Medium
BLW-MFG-0453,Welding Robot,Manufacturing,Medium,18,2920,2022-07-20,2026-01-16,1427,11.3,12953.5,64.8,3.17,0.691,8,360,2025-01-21,128923.0,53.9,1309,High
BLW-MFG-0453,Welding Robot,Manufacturing,Medium,18,2920,2022-07-20,2026-01-31,1442,11.3,13123.0,66.6,3.21,0.775,3,314,2025-03-23,64538.0,64.5,1115,High
BLW-MFG-0453,Welding Robot,Manufacturing,Medium,18,2920,2022-07-20,2026-02-15,1457,11.3,13292.5,77.6,4.58,0.728,0,350,2025-03-02,23616.0,58.9,1131,High
BLW-MFG-0453,Welding Robot,Manufacturing,Medium,18,2920,2022-07-20,2026-03-02,1472,11.3,13462.0,85.9,3.0,0.717,0,259,2025-06-16,69442.0,64.0,1077,High
BLW-MFG-0453,Welding Robot,Manufacturing,Medium,18,2920,2022-07-20,2026-03-17,1487,11.3,13631.5,61.0,2.78,0.752,8,92,2025-12-15,72161.0,64.0,1304,Medium
BLW-MFG-0453,Welding Robot,Manufacturing,Medium,18,2920,2022-07-20,2026-04-01,1502,11.3,13801.0,72.4,1.82,0.89,6,274,2025-07-01,99787.0,60.9,1312,High
BLW-MFG-0453,Welding Robot,Manufacturing,Medium,18,2920,2022-07-20,2026-04-16,1517,11.3,13970.5,80.0,2.66,0.916,0,129,2025-12-08,89921.0,70.0,1284,Medium
BLW-MFG-0453,Welding Robot,Manufacturing,Medium,18,2920,2022-07-20,2026-05-01,1532,11.3,14140.0,61.8,3.52,0.841,8,251,2025-08-23,30218.0,56.7,1303,High
BLW-MFG-0453,Welding Robot,Manufacturing,Medium,18,2920,2022-07-20,2026-05-16,1547,11.3,14309.5,64.8,1.72,0.577,7,150,2025-12-17,128765.0,64.9,1413,Medium
BLW-MFG-0454,CNC Milling Machine,Manufacturing,High,30,3650,2021-08-17,2026-01-01,1749,14.4,20854.0,80.1,2.15,0.783,2,39,2025-11-23,33873.0,69.4,1361,Medium
BLW-MFG-0454,CNC Milling Machine,Manufacturing,High,30,3650,2021-08-17,2026-01-16,1764,14.4,21070.0,54.4,3.73,0.875,7,127,2025-09-11,5825.0,62.4,1403,Medium
BLW-MFG-0454,CNC Milling Machine,Manufacturing,High,30,3650,2021-08-17,2026-01-31,1779,14.4,21286.0,67.8,0.83,0.914,2,192,2025-07-23,11362.0,71.6,1492,High
BLW-MFG-0454,CNC Milling Machine,Manufacturing,High,30,3650,2021-08-17,2026-02-15,1794,14.4,21502.0,86.8,1.33,0.888,2,114,2025-10-24,54310.0,66.6,1313,Medium
BLW-MFG-0454,CNC Milling Machine,Manufacturing,High,30,3650,2021-08-17,2026-03-02,1809,14.4,21718.0,67.7,1.53,0.555,7,117,2025-11-05,108505.0,62.7,1511,Medium
BLW-MFG-0454,CNC Milling Machine,Manufacturing,High,30,3650,2021-08-17,2026-03-17,1824,14.4,21934.0,76.7,3.11,0.854,1,51,2026-01-25,28843.0,68.5,1389,Medium
BLW-MFG-0454,CNC Milling Machine,Manufacturing,High,30,3650,2021-08-17,2026-04-01,1839,14.4,22150.0,58.6,2.0,0.791,2,309,2025-05-27,86602.0,71.2,1634,High
BLW-MFG-0454,CNC Milling Machine,Manufacturing,High,30,3650,2021-08-17,2026-04-16,1854,14.4,22366.0,66.7,3.78,0.805,7,254,2025-08-05,58168.0,53.6,1469,High
BLW-MFG-0454,CNC Milling Machine,Manufacturing,High,30,3650,2021-08-17,2026-05-01,1869,14.4,22582.0,74.6,3.5,0.923,6,10,2026-04-21,107719.0,62.5,1378,Medium
BLW-MFG-0454,CNC Milling Machine,Manufacturing,High,30,3650,2021-08-17,2026-05-16,1884,14.4,22798.0,100.9,2.09,0.806,5,325,2025-06-25,83805.0,50.1,1227,High
BLW-LOC-0455,Wheel Assembly,Locomotive,Critical,0,5475,2022-08-28,2026-01-01,1373,6.5,7415.0,89.4,3.7,1.015,6,34,2025-11-28,14450.0,63.2,2345,Medium
BLW-LOC-0455,Wheel Assembly,Locomotive,Critical,0,5475,2022-08-28,2026-01-16,1388,6.5,7512.5,96.4,2.1,0.931,4,340,2025-02-10,56858.0,61.7,2236,High
BLW-LOC-0455,Wheel Assembly,Locomotive,Critical,0,5475,2022-08-28,2026-01-31,1403,6.5,7610.0,51.3,2.39,0.945,6,259,2025-05-17,138295.0,75.3,2812,High
BLW-LOC-0455,Wheel Assembly,Locomotive,Critical,0,5475,2022-08-28,2026-02-15,1418,6.5,7707.5,92.7,4.78,0.884,2,61,2025-12-16,8496.0,65.5,2108,Medium
BLW-LOC-0455,Wheel Assembly,Locomotive,Critical,0,5475,2022-08-28,2026-03-02,1433,6.5,7805.0,88.5,4.51,0.974,1,292,2025-05-14,32085.0,62.4,2122,High
BLW-LOC-0455,Wheel Assembly,Locomotive,Critical,0,5475,2022-08-28,2026-03-17,1448,6.5,7902.5,53.5,4.65,0.85,3,228,2025-08-01,100680.0,74.3,2410,High
BLW-LOC-0455,Wheel Assembly,Locomotive,Critical,0,5475,2022-08-28,2026-04-01,1463,6.5,8000.0,103.8,2.37,0.973,8,191,2025-09-22,85818.0,55.1,2078,High
BLW-LOC-0455,Wheel Assembly,Locomotive,Critical,0,5475,2022-08-28,2026-04-16,1478,6.5,8097.5,79.5,3.08,1.04,7,34,2026-03-13,145775.0,68.7,2269,Medium
BLW-LOC-0455,Wheel Assembly,Locomotive,Critical,0,5475,2022-08-28,2026-05-01,1493,6.5,8195.0,78.6,4.05,0.998,2,298,2025-07-07,64922.0,66.9,2320,High
BLW-LOC-0455,Wheel Assembly,Locomotive,Critical,0,5475,2022-08-28,2026-05-16,1508,6.5,8292.5,85.6,5.0,0.731,8,20,2026-04-26,38676.0,59.9,2025,Medium
BLW-MFG-0456,Hydraulic Press,Manufacturing,High,55,5475,2021-09-07,2026-01-01,1728,7.9,12429.0,61.1,4.6,0.8,0,190,2025-06-25,13699.0,78.5,2639,High
BLW-MFG-0456,Hydraulic Press,Manufacturing,High,55,5475,2021-09-07,2026-01-16,1743,7.9,12547.5,51.6,1.19,0.907,0,57,2025-11-20,81062.0,87.6,2634,Low
BLW-MFG-0456,Hydraulic Press,Manufacturing,High,55,5475,2021-09-07,2026-01-31,1758,7.9,12666.0,78.9,1.98,0.753,4,299,2025-04-07,81925.0,70.7,2315,High
BLW-MFG-0456,Hydraulic Press,Manufacturing,High,55,5475,2021-09-07,2026-02-15,1773,7.9,12784.5,52.3,2.54,0.811,4,70,2025-12-07,51332.0,78.7,2599,Low
BLW-MFG-0456,Hydraulic Press,Manufacturing,High,55,5475,2021-09-07,2026-03-02,1788,7.9,12903.0,86.3,3.24,0.899,3,245,2025-06-30,121178.0,64.2,2306,High
BLW-MFG-0456,Hydraulic Press,Manufacturing,High,55,5475,2021-09-07,2026-03-17,1803,7.9,13021.5,80.2,2.15,0.871,3,339,2025-04-12,73840.0,68.5,2691,High
BLW-MFG-0456,Hydraulic Press,Manufacturing,High,55,5475,2021-09-07,2026-04-01,1818,7.9,13140.0,93.2,3.16,0.964,7,109,2025-12-13,19362.0,54.5,2287,Medium
BLW-MFG-0456,Hydraulic Press,Manufacturing,High,55,5475,2021-09-07,2026-04-16,1833,7.9,13258.5,61.9,2.93,0.899,6,283,2025-07-07,96843.0,68.4,2683,High
BLW-MFG-0456,Hydraulic Press,Manufacturing,High,55,5475,2021-09-07,2026-05-01,1848,7.9,13377.0,90.5,2.85,0.751,8,36,2026-03-26,26186.0,63.4,2247,Medium
BLW-MFG-0456,Hydraulic Press,Manufacturing,High,55,5475,2021-09-07,2026-05-16,1863,7.9,13495.5,95.3,4.03,0.733,2,261,2025-08-28,26083.0,60.8,1949,High
BLW-MFG-0457,CNC Turning Center,Manufacturing,High,22,3650,2022-09-05,2026-01-01,1365,13.2,17950.0,65.1,2.73,0.658,2,126,2025-08-28,95906.0,73.8,1847,Medium
BLW-MFG-0457,CNC Turning Center,Manufacturing,High,22,3650,2022-09-05,2026-01-16,1380,13.2,18148.0,68.7,2.69,1.006,6,320,2025-03-02,57450.0,60.5,1587,High
BLW-MFG-0457,CNC Turning Center,Manufacturing,High,22,3650,2022-09-05,2026-01-31,1395,13.2,18346.0,78.5,2.54,0.755,3,134,2025-09-19,63927.0,64.9,1457,Medium
BLW-MFG-0457,CNC Turning Center,Manufacturing,High,22,3650,2022-09-05,2026-02-15,1410,13.2,18544.0,56.0,3.09,0.774,6,21,2026-01-25,131247.0,75.0,1567,Low
BLW-MFG-0457,CNC Turning Center,Manufacturing,High,22,3650,2022-09-05,2026-03-02,1425,13.2,18742.0,85.0,3.2,0.921,6,14,2026-02-16,32928.0,62.7,1229,Medium
BLW-MFG-0457,CNC Turning Center,Manufacturing,High,22,3650,2022-09-05,2026-03-17,1440,13.2,18940.0,68.9,2.81,0.732,5,200,2025-08-29,70225.0,66.5,1728,High
BLW-MFG-0457,CNC Turning Center,Manufacturing,High,22,3650,2022-09-05,2026-04-01,1455,13.2,19138.0,37.7,2.62,0.725,3,65,2026-01-26,74508.0,77.4,1689,Low
BLW-MFG-0457,CNC Turning Center,Manufacturing,High,22,3650,2022-09-05,2026-04-16,1470,13.2,19336.0,63.3,3.77,1.019,8,208,2025-09-20,98676.0,63.6,1492,High
BLW-MFG-0457,CNC Turning Center,Manufacturing,High,22,3650,2022-09-05,2026-05-01,1485,13.2,19534.0,49.5,3.7,1.021,2,123,2025-12-29,91852.0,75.5,1772,Medium
BLW-MFG-0457,CNC Turning Center,Manufacturing,High,22,3650,2022-09-05,2026-05-16,1500,13.2,19732.0,69.5,2.7,0.877,4,254,2025-09-04,117099.0,65.7,1655,High
BLW-LOC-0458,Wheel Assembly,Locomotive,Critical,0,5475,2023-05-13,2026-01-01,1115,6.4,5137.0,92.5,4.76,0.911,1,360,2025-01-06,134289.0,62.0,2235,High
BLW-LOC-0458,Wheel Assembly,Locomotive,Critical,0,5475,2023-05-13,2026-01-16,1130,6.4,5233.0,49.4,3.8,0.861,2,328,2025-02-22,10793.0,77.0,2776,High
BLW-LOC-0458,Wheel Assembly,Locomotive,Critical,0,5475,2023-05-13,2026-01-31,1145,6.4,5329.0,86.1,2.91,0.996,4,201,2025-07-14,45721.0,69.5,2461,High
BLW-LOC-0458,Wheel Assembly,Locomotive,Critical,0,5475,2023-05-13,2026-02-15,1160,6.4,5425.0,69.9,4.63,0.89,5,155,2025-09-13,126267.0,68.5,2477,Medium
BLW-LOC-0458,Wheel Assembly,Locomotive,Critical,0,5475,2023-05-13,2026-03-02,1175,6.4,5521.0,90.6,4.36,0.928,5,157,2025-09-26,129030.0,62.2,2289,Medium
BLW-LOC-0458,Wheel Assembly,Locomotive,Critical,0,5475,2023-05-13,2026-03-17,1190,6.4,5617.0,100.6,4.63,0.805,7,261,2025-06-29,75729.0,49.2,1900,High
BLW-LOC-0458,Wheel Assembly,Locomotive,Critical,0,5475,2023-05-13,2026-04-01,1205,6.4,5713.0,112.1,4.14,1.135,8,349,2025-04-17,92755.0,44.1,1788,High
BLW-LOC-0458,Wheel Assembly,Locomotive,Critical,0,5475,2023-05-13,2026-04-16,1220,6.4,5809.0,82.5,3.74,0.792,2,240,2025-08-19,53876.0,68.5,2487,High
BLW-LOC-0458,Wheel Assembly,Locomotive,Critical,0,5475,2023-05-13,2026-05-01,1235,6.4,5905.0,100.2,6.83,0.838,7,175,2025-11-07,82247.0,46.2,1624,High
BLW-LOC-0458,Wheel Assembly,Locomotive,Critical,0,5475,2023-05-13,2026-05-16,1250,6.4,6001.0,102.1,4.93,0.79,1,128,2026-01-08,96223.0,62.4,2064,Medium
BLW-LOC-0459,Traction Motor,Locomotive,Critical,350,4380,2024-11-26,2026-01-01,552,10.0,4714.0,83.7,4.41,0.744,5,165,2025-07-20,136547.0,63.0,1801,Medium
BLW-LOC-0459,Traction Motor,Locomotive,Critical,350,4380,2024-11-26,2026-01-16,567,10.0,4864.0,89.1,6.08,0.803,3,178,2025-07-22,145989.0,65.3,1738,Medium
BLW-LOC-0459,Traction Motor,Locomotive,Critical,350,4380,2024-11-26,2026-01-31,582,10.0,5014.0,58.7,3.86,0.964,3,171,2025-08-13,80062.0,76.8,2343,Medium
BLW-LOC-0459,Traction Motor,Locomotive,Critical,350,4380,2024-11-26,2026-02-15,597,10.0,5164.0,98.0,4.13,0.858,6,142,2025-09-26,43267.0,59.5,1692,Medium
BLW-LOC-0459,Traction Motor,Locomotive,Critical,350,4380,2024-11-26,2026-03-02,612,10.0,5314.0,63.6,2.87,0.82,6,342,2025-03-25,100571.0,72.0,2225,High
BLW-LOC-0459,Traction Motor,Locomotive,Critical,350,4380,2024-11-26,2026-03-17,627,10.0,5464.0,69.0,4.66,0.919,2,352,2025-03-30,47777.0,70.4,2136,High
BLW-LOC-0459,Traction Motor,Locomotive,Critical,350,4380,2024-11-26,2026-04-01,642,10.0,5614.0,76.0,3.88,0.997,5,364,2025-04-02,83703.0,64.2,1917,High
BLW-LOC-0459,Traction Motor,Locomotive,Critical,350,4380,2024-11-26,2026-04-16,657,10.0,5764.0,81.4,2.21,0.852,5,104,2026-01-02,120714.0,74.6,1868,Low
BLW-LOC-0459,Traction Motor,Locomotive,Critical,350,4380,2024-11-26,2026-05-01,672,10.0,5914.0,92.4,3.68,1.032,8,88,2026-02-02,21996.0,61.6,1876,Medium
BLW-LOC-0459,Traction Motor,Locomotive,Critical,350,4380,2024-11-26,2026-05-16,687,10.0,6064.0,103.1,3.79,0.895,4,326,2025-06-24,40819.0,54.9,1805,High
BLW-LOC-0460,Alternator,Locomotive,Critical,110,4380,2021-01-09,2026-01-01,1969,18.4,34160.0,75.8,2.29,0.939,5,125,2025-08-29,61786.0,58.3,1629,Medium
BLW-LOC-0460,Alternator,Locomotive,Critical,110,4380,2021-01-09,2026-01-16,1984,18.4,34436.0,92.4,3.02,0.769,4,290,2025-04-01,71566.0,49.4,1246,High
BLW-LOC-0460,Alternator,Locomotive,Critical,110,4380,2021-01-09,2026-01-31,1999,18.4,34712.0,90.3,3.45,0.827,5,74,2025-11-18,41935.0,53.3,1361,Medium
BLW-LOC-0460,Alternator,Locomotive,Critical,110,4380,2021-01-09,2026-02-15,2014,18.4,34988.0,90.2,3.59,0.702,1,129,2025-10-09,23042.0,59.9,1424,Medium
BLW-LOC-0460,Alternator,Locomotive,Critical,110,4380,2021-01-09,2026-03-02,2029,18.4,35264.0,84.3,4.99,0.874,6,281,2025-05-25,147661.0,45.6,1366,High
BLW-LOC-0460,Alternator,Locomotive,Critical,110,4380,2021-01-09,2026-03-17,2044,18.4,35540.0,90.7,2.85,0.859,0,34,2026-02-11,32395.0,67.3,1356,Medium
BLW-LOC-0460,Alternator,Locomotive,Critical,110,4380,2021-01-09,2026-04-01,2059,18.4,35816.0,76.9,3.39,0.776,4,253,2025-07-22,70940.0,57.4,1581,High
BLW-LOC-0460,Alternator,Locomotive,Critical,110,4380,2021-01-09,2026-04-16,2074,18.4,36092.0,72.9,4.58,0.866,8,298,2025-06-22,124068.0,44.3,1394,High
BLW-LOC-0460,Alternator,Locomotive,Critical,110,4380,2021-01-09,2026-05-01,2089,18.4,36368.0,90.9,5.03,0.832,8,290,2025-07-15,65972.0,38.2,1257,High
BLW-LOC-0460,Alternator,Locomotive,Critical,110,4380,2021-01-09,2026-05-16,2104,18.4,36644.0,66.3,4.38,0.995,4,26,2026-04-20,147329.0,63.5,1693,Medium
BLW-LOC-0461,Diesel Engine Auxiliary,Locomotive,High,85,3650,2023-05-04,2026-01-01,1124,7.5,7007.0,111.0,3.91,0.822,5,61,2025-11-01,25260.0,56.5,1252,Medium
BLW-LOC-0461,Diesel Engine Auxiliary,Locomotive,High,85,3650,2023-05-04,2026-01-16,1139,7.5,7119.5,41.0,3.55,0.808,1,185,2025-07-15,115218.0,80.4,1784,High
BLW-LOC-0461,Diesel Engine Auxiliary,Locomotive,High,85,3650,2023-05-04,2026-01-31,1154,7.5,7232.0,78.3,2.56,0.948,0,21,2026-01-10,127840.0,84.3,1623,Low
BLW-LOC-0461,Diesel Engine Auxiliary,Locomotive,High,85,3650,2023-05-04,2026-02-15,1169,7.5,7344.5,59.4,3.67,0.862,4,55,2025-12-22,84531.0,79.5,1658,Low
BLW-LOC-0461,Diesel Engine Auxiliary,Locomotive,High,85,3650,2023-05-04,2026-03-02,1184,7.5,7457.0,73.1,1.12,1.035,4,65,2025-12-27,118661.0,77.6,1719,Low
BLW-LOC-0461,Diesel Engine Auxiliary,Locomotive,High,85,3650,2023-05-04,2026-03-17,1199,7.5,7569.5,62.2,2.27,0.925,6,104,2025-12-03,10791.0,74.4,1846,Low
BLW-LOC-0461,Diesel Engine Auxiliary,Locomotive,High,85,3650,2023-05-04,2026-04-01,1214,7.5,7682.0,113.4,3.38,0.765,0,5,2026-03-27,21158.0,67.7,1183,Medium
BLW-LOC-0461,Diesel Engine Auxiliary,Locomotive,High,85,3650,2023-05-04,2026-04-16,1229,7.5,7794.5,109.4,5.53,0.865,4,145,2025-11-22,67321.0,48.5,1075,High
BLW-LOC-0461,Diesel Engine Auxiliary,Locomotive,High,85,3650,2023-05-04,2026-05-01,1244,7.5,7907.0,80.0,4.36,1.015,3,112,2026-01-09,94655.0,66.3,1586,Medium
BLW-LOC-0461,Diesel Engine Auxiliary,Locomotive,High,85,3650,2023-05-04,2026-05-16,1259,7.5,8019.5,94.5,3.34,0.765,4,282,2025-08-07,56265.0,58.8,1353,High
BLW-MFG-0462,Material Handling Crane,Manufacturing,Critical,75,7300,2020-11-06,2026-01-01,2033,6.3,11210.0,77.3,1.79,0.875,3,87,2025-10-06,121828.0,77.7,3380,Low
BLW-MFG-0462,Material Handling Crane,Manufacturing,Critical,75,7300,2020-11-06,2026-01-16,2048,6.3,11304.5,64.6,3.82,0.706,6,104,2025-10-04,83548.0,70.9,3276,Low
BLW-MFG-0462,Material Handling Crane,Manufacturing,Critical,75,7300,2020-11-06,2026-01-31,2063,6.3,11399.0,66.1,2.28,0.653,0,82,2025-11-10,18221.0,85.4,4035,Low
BLW-MFG-0462,Material Handling Crane,Manufacturing,Critical,75,7300,2020-11-06,2026-02-15,2078,6.3,11493.5,70.4,3.14,0.807,4,248,2025-06-12,23062.0,70.8,3350,High
BLW-MFG-0462,Material Handling Crane,Manufacturing,Critical,75,7300,2020-11-06,2026-03-02,2093,6.3,11588.0,74.5,3.09,0.723,3,208,2025-08-06,37041.0,72.6,2947,High
BLW-MFG-0462,Material Handling Crane,Manufacturing,Critical,75,7300,2020-11-06,2026-03-17,2108,6.3,11682.5,74.0,1.78,0.835,7,312,2025-05-09,29018.0,63.9,3480,High
BLW-MFG-0462,Material Handling Crane,Manufacturing,Critical,75,7300,2020-11-06,2026-04-01,2123,6.3,11777.0,76.7,4.45,0.696,2,112,2025-12-10,45523.0,73.2,3126,Low
BLW-MFG-0462,Material Handling Crane,Manufacturing,Critical,75,7300,2020-11-06,2026-04-16,2138,6.3,11871.5,65.2,3.83,0.831,0,122,2025-12-15,102318.0,82.6,3321,Medium
BLW-MFG-0462,Material Handling Crane,Manufacturing,Critical,75,7300,2020-11-06,2026-05-01,2153,6.3,11966.0,63.8,4.05,1.009,6,296,2025-07-09,129830.0,65.8,2912,High
BLW-MFG-0462,Material Handling Crane,Manufacturing,Critical,75,7300,2020-11-06,2026-05-16,2168,6.3,12060.5,69.8,3.28,0.842,6,228,2025-09-30,35941.0,68.1,3298,High
BLW-MFG-0463,Welding Robot,Manufacturing,Medium,18,2920,2024-10-01,2026-01-01,608,7.1,3944.0,75.1,1.75,0.944,7,76,2025-10-17,112179.0,75.7,1383,Low
BLW-MFG-0463,Welding Robot,Manufacturing,Medium,18,2920,2024-10-01,2026-01-16,623,7.1,4050.5,54.8,3.22,0.706,6,314,2025-03-08,113851.0,70.2,1586,High
BLW-MFG-0463,Welding Robot,Manufacturing,Medium,18,2920,2024-10-01,2026-01-31,638,7.1,4157.0,75.5,4.68,0.847,0,277,2025-04-29,115933.0,71.3,1332,High
BLW-MFG-0463,Welding Robot,Manufacturing,Medium,18,2920,2024-10-01,2026-02-15,653,7.1,4263.5,65.6,2.83,0.833,3,344,2025-03-08,76270.0,73.1,1522,High
BLW-MFG-0463,Welding Robot,Manufacturing,Medium,18,2920,2024-10-01,2026-03-02,668,7.1,4370.0,51.3,2.35,0.828,8,175,2025-09-08,51702.0,70.4,1603,Medium
BLW-MFG-0463,Welding Robot,Manufacturing,Medium,18,2920,2024-10-01,2026-03-17,683,7.1,4476.5,44.4,3.65,0.716,7,259,2025-07-01,94267.0,68.8,1509,High
BLW-MFG-0463,Welding Robot,Manufacturing,Medium,18,2920,2024-10-01,2026-04-01,698,7.1,4583.0,96.2,3.2,0.652,7,310,2025-05-26,34793.0,56.3,1191,High
BLW-MFG-0463,Welding Robot,Manufacturing,Medium,18,2920,2024-10-01,2026-04-16,713,7.1,4689.5,71.4,3.65,0.632,2,360,2025-04-21,16217.0,71.0,1382,High
BLW-MFG-0463,Welding Robot,Manufacturing,Medium,18,2920,2024-10-01,2026-05-01,728,7.1,4796.0,86.1,3.85,0.697,6,86,2026-02-04,119270.0,66.9,1282,Medium
BLW-MFG-0463,Welding Robot,Manufacturing,Medium,18,2920,2024-10-01,2026-05-16,743,7.1,4902.5,53.6,3.3,0.968,3,111,2026-01-25,50561.0,79.9,1623,Low
BLW-LOC-0464,Brake System,Locomotive,Critical,12,2920,2021-07-15,2026-01-01,1782,9.5,13327.0,55.3,2.55,0.737,3,194,2025-06-21,92063.0,71.7,1218,High
BLW-LOC-0464,Brake System,Locomotive,Critical,12,2920,2021-07-15,2026-01-16,1797,9.5,13469.5,61.4,4.08,0.934,7,12,2026-01-04,104541.0,63.4,1093,Medium
BLW-LOC-0464,Brake System,Locomotive,Critical,12,2920,2021-07-15,2026-01-31,1812,9.5,13612.0,83.4,2.82,1.061,3,330,2025-03-07,106149.0,57.4,1082,High
BLW-LOC-0464,Brake System,Locomotive,Critical,12,2920,2021-07-15,2026-02-15,1827,9.5,13754.5,92.3,4.27,0.716,7,365,2025-02-15,121015.0,40.7,830,High
BLW-LOC-0464,Brake System,Locomotive,Critical,12,2920,2021-07-15,2026-03-02,1842,9.5,13897.0,100.2,4.67,0.936,6,292,2025-05-14,55052.0,36.6,733,High
BLW-LOC-0464,Brake System,Locomotive,Critical,12,2920,2021-07-15,2026-03-17,1857,9.5,14039.5,73.6,4.05,0.825,6,10,2026-03-07,76189.0,59.0,1034,Medium
BLW-LOC-0464,Brake System,Locomotive,Critical,12,2920,2021-07-15,2026-04-01,1872,9.5,14182.0,76.3,3.95,0.698,7,217,2025-08-27,17972.0,49.8,1019,High
BLW-LOC-0464,Brake System,Locomotive,Critical,12,2920,2021-07-15,2026-04-16,1887,9.5,14324.5,65.1,5.34,1.002,4,178,2025-10-20,38141.0,57.5,1166,Medium
BLW-LOC-0464,Brake System,Locomotive,Critical,12,2920,2021-07-15,2026-05-01,1902,9.5,14467.0,103.0,2.76,0.98,5,133,2025-12-19,74387.0,50.0,812,Medium
BLW-LOC-0464,Brake System,Locomotive,Critical,12,2920,2021-07-15,2026-05-16,1917,9.5,14609.5,69.2,5.14,0.823,2,112,2026-01-24,128779.0,62.1,959,Medium
BLW-MFG-0465,Paint Booth Ventilation,Manufacturing,Low,15,2555,2024-09-28,2026-01-01,611,6.5,3235.0,56.0,2.69,0.859,0,117,2025-09-06,18046.0,84.4,1374,Low
BLW-MFG-0465,Paint Booth Ventilation,Manufacturing,Low,15,2555,2024-09-28,2026-01-16,626,6.5,3332.5,56.8,4.11,1.119,2,47,2025-11-30,94240.0,81.9,1179,Low
BLW-MFG-0465,Paint Booth Ventilation,Manufacturing,Low,15,2555,2024-09-28,2026-01-31,641,6.5,3430.0,68.0,2.72,1.027,8,25,2026-01-06,41307.0,75.7,1329,Low
BLW-MFG-0465,Paint Booth Ventilation,Manufacturing,Low,15,2555,2024-09-28,2026-02-15,656,6.5,3527.5,60.4,3.56,0.862,8,130,2025-10-08,70700.0,71.1,1183,Medium
BLW-MFG-0465,Paint Booth Ventilation,Manufacturing,Low,15,2555,2024-09-28,2026-03-02,671,6.5,3625.0,80.9,3.1,0.83,4,72,2025-12-20,129483.0,71.9,1141,Low
BLW-MFG-0465,Paint Booth Ventilation,Manufacturing,Low,15,2555,2024-09-28,2026-03-17,686,6.5,3722.5,72.8,1.48,0.924,4,95,2025-12-12,38218.0,77.1,1166,Low
BLW-MFG-0465,Paint Booth Ventilation,Manufacturing,Low,15,2555,2024-09-28,2026-04-01,701,6.5,3820.0,91.7,2.33,0.778,4,85,2026-01-06,80474.0,72.1,1261,Low
BLW-MFG-0465,Paint Booth Ventilation,Manufacturing,Low,15,2555,2024-09-28,2026-04-16,716,6.5,3917.5,52.2,2.29,0.767,3,47,2026-02-28,95037.0,87.5,1490,Low
BLW-MFG-0465,Paint Booth Ventilation,Manufacturing,Low,15,2555,2024-09-28,2026-05-01,731,6.5,4015.0,58.4,4.47,0.789,2,147,2025-12-05,84451.0,79.0,1191,Medium
BLW-MFG-0465,Paint Booth Ventilation,Manufacturing,Low,15,2555,2024-09-28,2026-05-16,746,6.5,4112.5,70.7,3.15,0.833,6,85,2026-02-20,39256.0,73.3,1182,Low
BLW-MFG-0466,Paint Booth Ventilation,Manufacturing,Low,15,2555,2023-05-19,2026-01-01,1109,16.0,12779.0,54.4,3.19,0.954,1,137,2025-08-17,123507.0,75.9,1213,Medium
BLW-MFG-0466,Paint Booth Ventilation,Manufacturing,Low,15,2555,2023-05-19,2026-01-16,1124,16.0,13019.0,74.9,3.6,0.73,2,273,2025-04-18,23000.0,62.0,1019,High
BLW-MFG-0466,Paint Booth Ventilation,Manufacturing,Low,15,2555,2023-05-19,2026-01-31,1139,16.0,13259.0,89.7,3.36,0.876,7,283,2025-04-23,115325.0,49.2,878,High
BLW-MFG-0466,Paint Booth Ventilation,Manufacturing,Low,15,2555,2023-05-19,2026-02-15,1154,16.0,13499.0,90.7,3.38,0.907,2,78,2025-11-29,82380.0,60.2,997,Medium
BLW-MFG-0466,Paint Booth Ventilation,Manufacturing,Low,15,2555,2023-05-19,2026-03-02,1169,16.0,13739.0,63.9,1.81,0.745,2,125,2025-10-28,119102.0,74.5,1134,Medium
BLW-MFG-0466,Paint Booth Ventilation,Manufacturing,Low,15,2555,2023-05-19,2026-03-17,1184,16.0,13979.0,69.7,2.7,0.878,5,87,2025-12-20,116121.0,70.2,1113,Low
BLW-MFG-0466,Paint Booth Ventilation,Manufacturing,Low,15,2555,2023-05-19,2026-04-01,1199,16.0,14219.0,42.9,2.88,0.969,8,10,2026-03-22,77632.0,67.6,1250,Medium
BLW-MFG-0466,Paint Booth Ventilation,Manufacturing,Low,15,2555,2023-05-19,2026-04-16,1214,16.0,14459.0,76.0,1.5,0.866,0,201,2025-09-27,24568.0,73.5,1202,High
BLW-MFG-0466,Paint Booth Ventilation,Manufacturing,Low,15,2555,2023-05-19,2026-05-01,1229,16.0,14699.0,93.2,4.02,0.904,0,240,2025-09-03,27607.0,60.1,913,High
BLW-MFG-0466,Paint Booth Ventilation,Manufacturing,Low,15,2555,2023-05-19,2026-05-16,1244,16.0,14939.0,54.6,3.29,0.902,2,123,2026-01-13,129945.0,72.4,1251,Medium
BLW-LOC-0467,Cooling System,Locomotive,High,18,3285,2023-03-21,2026-01-01,1168,17.0,16654.0,93.1,1.85,1.014,7,89,2025-10-04,107980.0,57.8,1203,Medium
BLW-LOC-0467,Cooling System,Locomotive,High,18,3285,2023-03-21,2026-01-16,1183,17.0,16909.0,95.0,3.49,1.083,3,82,2025-10-26,97820.0,59.1,1057,Medium
BLW-LOC-0467,Cooling System,Locomotive,High,18,3285,2023-03-21,2026-01-31,1198,17.0,17164.0,75.4,4.55,0.749,0,34,2025-12-28,147514.0,69.8,1306,Medium
BLW-LOC-0467,Cooling System,Locomotive,High,18,3285,2023-03-21,2026-02-15,1213,17.0,17419.0,58.4,4.02,0.824,2,0,2026-02-15,46644.0,77.6,1359,Low
BLW-LOC-0467,Cooling System,Locomotive,High,18,3285,2023-03-21,2026-03-02,1228,17.0,17674.0,100.7,3.48,0.962,8,250,2025-06-25,103241.0,45.9,1005,High
BLW-LOC-0467,Cooling System,Locomotive,High,18,3285,2023-03-21,2026-03-17,1243,17.0,17929.0,95.2,2.04,0.711,6,281,2025-06-09,83513.0,56.7,1305,High
BLW-LOC-0467,Cooling System,Locomotive,High,18,3285,2023-03-21,2026-04-01,1258,17.0,18184.0,113.9,3.36,0.892,6,268,2025-07-07,72660.0,45.0,964,High
BLW-LOC-0467,Cooling System,Locomotive,High,18,3285,2023-03-21,2026-04-16,1273,17.0,18439.0,72.4,2.77,0.911,8,181,2025-10-17,119026.0,58.3,1309,High
BLW-LOC-0467,Cooling System,Locomotive,High,18,3285,2023-03-21,2026-05-01,1288,17.0,18694.0,90.3,3.79,1.002,6,128,2025-12-24,80903.0,54.1,1124,Medium
BLW-LOC-0467,Cooling System,Locomotive,High,18,3285,2023-03-21,2026-05-16,1303,17.0,18949.0,91.6,2.98,0.816,6,85,2026-02-20,77957.0,56.9,1191,Medium
BLW-LOC-0468,Diesel Engine Auxiliary,Locomotive,High,85,3650,2020-09-15,2026-01-01,2085,17.3,27488.0,104.6,1.85,1.005,5,152,2025-08-02,21753.0,49.2,1152,High
BLW-LOC-0468,Diesel Engine Auxiliary,Locomotive,High,85,3650,2020-09-15,2026-01-16,2100,17.3,27747.5,125.9,5.27,0.966,6,195,2025-07-05,59512.0,31.2,543,High
BLW-LOC-0468,Diesel Engine Auxiliary,Locomotive,High,85,3650,2020-09-15,2026-01-31,2115,17.3,28007.0,85.0,1.56,0.934,5,12,2026-01-19,50609.0,56.6,1349,Medium
BLW-LOC-0468,Diesel Engine Auxiliary,Locomotive,High,85,3650,2020-09-15,2026-02-15,2130,17.3,28266.5,75.6,3.8,0.775,3,8,2026-02-07,36258.0,59.1,1326,Medium
BLW-LOC-0468,Diesel Engine Auxiliary,Locomotive,High,85,3650,2020-09-15,2026-03-02,2145,17.3,28526.0,101.2,3.28,0.949,2,230,2025-07-15,130454.0,48.3,1043,High
BLW-LOC-0468,Diesel Engine Auxiliary,Locomotive,High,85,3650,2020-09-15,2026-03-17,2160,17.3,28785.5,93.4,4.42,1.036,2,332,2025-04-19,120095.0,46.5,1022,High
BLW-LOC-0468,Diesel Engine Auxiliary,Locomotive,High,85,3650,2020-09-15,2026-04-01,2175,17.3,29045.0,71.4,3.23,0.977,6,125,2025-11-27,25636.0,54.4,1385,Medium
BLW-LOC-0468,Diesel Engine Auxiliary,Locomotive,High,85,3650,2020-09-15,2026-04-16,2190,17.3,29304.5,79.4,2.87,0.753,3,224,2025-09-04,41673.0,58.2,1281,High
BLW-LOC-0468,Diesel Engine Auxiliary,Locomotive,High,85,3650,2020-09-15,2026-05-01,2205,17.3,29564.0,108.2,2.38,0.821,6,238,2025-09-05,108369.0,41.2,955,High
BLW-LOC-0468,Diesel Engine Auxiliary,Locomotive,High,85,3650,2020-09-15,2026-05-16,2220,17.3,29823.5,85.3,4.33,0.953,5,104,2026-02-01,72178.0,52.4,1017,Medium
BLW-LOC-0469,Wheel Assembly,Locomotive,Critical,0,5475,2020-04-15,2026-01-01,2238,9.4,15645.0,83.1,2.72,0.902,1,151,2025-08-03,59235.0,71.5,2143,Medium
BLW-LOC-0469,Wheel Assembly,Locomotive,Critical,0,5475,2020-04-15,2026-01-16,2253,9.4,15786.0,65.3,4.16,0.858,5,238,2025-05-23,136862.0,63.7,2393,High
BLW-LOC-0469,Wheel Assembly,Locomotive,Critical,0,5475,2020-04-15,2026-01-31,2268,9.4,15927.0,90.6,2.96,0.758,6,39,2025-12-23,91744.0,59.4,2039,Medium
BLW-LOC-0469,Wheel Assembly,Locomotive,Critical,0,5475,2020-04-15,2026-02-15,2283,9.4,16068.0,59.1,3.77,1.011,5,262,2025-05-29,84983.0,66.1,2386,High
BLW-LOC-0469,Wheel Assembly,Locomotive,Critical,0,5475,2020-04-15,2026-03-02,2298,9.4,16209.0,111.2,5.51,0.778,0,245,2025-06-30,14825.0,51.1,1486,High
BLW-LOC-0469,Wheel Assembly,Locomotive,Critical,0,5475,2020-04-15,2026-03-17,2313,9.4,16350.0,85.1,5.93,0.885,5,99,2025-12-08,50000.0,55.0,1834,Medium
BLW-LOC-0469,Wheel Assembly,Locomotive,Critical,0,5475,2020-04-15,2026-04-01,2328,9.4,16491.0,100.6,4.92,0.945,8,84,2026-01-07,6603.0,44.2,1565,High
BLW-LOC-0469,Wheel Assembly,Locomotive,Critical,0,5475,2020-04-15,2026-04-16,2343,9.4,16632.0,95.9,4.15,0.984,1,74,2026-02-01,112929.0,66.4,1758,Medium
BLW-LOC-0469,Wheel Assembly,Locomotive,Critical,0,5475,2020-04-15,2026-05-01,2358,9.4,16773.0,101.5,3.5,1.002,8,138,2025-12-14,13684.0,48.9,1952,High
BLW-LOC-0469,Wheel Assembly,Locomotive,Critical,0,5475,2020-04-15,2026-05-16,2373,9.4,16914.0,87.2,3.18,0.945,8,111,2026-01-25,96448.0,56.8,2154,Medium
BLW-LOC-0470,Cooling System,Locomotive,High,18,3285,2020-02-19,2026-01-01,2294,12.3,22579.0,84.7,6.47,0.837,7,177,2025-07-08,95157.0,36.5,741,High
BLW-LOC-0470,Cooling System,Locomotive,High,18,3285,2020-02-19,2026-01-16,2309,12.3,22763.5,80.1,3.83,0.889,4,188,2025-07-12,12383.0,51.6,988,High
BLW-LOC-0470,Cooling System,Locomotive,High,18,3285,2020-02-19,2026-01-31,2324,12.3,22948.0,66.4,3.15,0.997,8,299,2025-04-07,22878.0,50.8,1162,High
BLW-LOC-0470,Cooling System,Locomotive,High,18,3285,2020-02-19,2026-02-15,2339,12.3,23132.5,66.3,3.55,1.116,7,249,2025-06-11,67844.0,52.3,1178,High
BLW-LOC-0470,Cooling System,Locomotive,High,18,3285,2020-02-19,2026-03-02,2354,12.3,23317.0,95.6,5.55,0.732,8,18,2026-02-12,101616.0,37.1,700,High
BLW-LOC-0470,Cooling System,Locomotive,High,18,3285,2020-02-19,2026-03-17,2369,12.3,23501.5,90.8,3.94,0.966,8,289,2025-06-01,78362.0,36.1,939,High
BLW-LOC-0470,Cooling System,Locomotive,High,18,3285,2020-02-19,2026-04-01,2384,12.3,23686.0,81.8,4.63,1.023,2,193,2025-09-20,52872.0,53.5,978,High
BLW-LOC-0470,Cooling System,Locomotive,High,18,3285,2020-02-19,2026-04-16,2399,12.3,23870.5,95.9,5.94,0.947,7,325,2025-05-26,43730.0,28.5,716,Critical
BLW-LOC-0470,Cooling System,Locomotive,High,18,3285,2020-02-19,2026-05-01,2414,12.3,24055.0,83.8,1.08,0.945,2,100,2026-01-21,18512.0,61.7,1194,Medium
BLW-LOC-0470,Cooling System,Locomotive,High,18,3285,2020-02-19,2026-05-16,2429,12.3,24239.5,73.9,2.14,0.915,6,141,2025-12-26,62188.0,57.3,1188,Medium
BLW-MFG-0471,CNC Milling Machine,Manufacturing,High,30,3650,2020-03-31,2026-01-01,2253,10.2,22660.0,65.2,1.84,0.806,3,214,2025-06-01,87548.0,65.9,1596,High
BLW-MFG-0471,CNC Milling Machine,Manufacturing,High,30,3650,2020-03-31,2026-01-16,2268,10.2,22813.0,70.4,2.6,0.997,6,77,2025-10-31,66902.0,60.6,1426,Medium
BLW-MFG-0471,CNC Milling Machine,Manufacturing,High,30,3650,2020-03-31,2026-01-31,2283,10.2,22966.0,64.6,4.37,0.839,4,107,2025-10-16,5082.0,60.9,1316,Medium
BLW-MFG-0471,CNC Milling Machine,Manufacturing,High,30,3650,2020-03-31,2026-02-15,2298,10.2,23119.0,69.8,4.03,0.92,1,83,2025-11-24,129532.0,65.8,1436,Medium
BLW-MFG-0471,CNC Milling Machine,Manufacturing,High,30,3650,2020-03-31,2026-03-02,2313,10.2,23272.0,78.7,2.61,0.702,4,247,2025-06-28,119117.0,55.9,1343,High
BLW-MFG-0471,CNC Milling Machine,Manufacturing,High,30,3650,2020-03-31,2026-03-17,2328,10.2,23425.0,76.2,4.27,0.736,3,239,2025-07-21,137694.0,53.9,1148,High
BLW-MFG-0471,CNC Milling Machine,Manufacturing,High,30,3650,2020-03-31,2026-04-01,2343,10.2,23578.0,53.7,2.53,0.887,2,344,2025-04-22,76555.0,66.3,1464,High
BLW-MFG-0471,CNC Milling Machine,Manufacturing,High,30,3650,2020-03-31,2026-04-16,2358,10.2,23731.0,60.9,1.55,0.876,1,342,2025-05-09,71643.0,67.1,1708,High
BLW-MFG-0471,CNC Milling Machine,Manufacturing,High,30,3650,2020-03-31,2026-05-01,2373,10.2,23884.0,76.3,3.05,0.796,5,315,2025-06-20,110549.0,50.2,1209,High
BLW-MFG-0471,CNC Milling Machine,Manufacturing,High,30,3650,2020-03-31,2026-05-16,2388,10.2,24037.0,64.7,2.62,0.765,5,240,2025-09-18,143572.0,61.1,1492,High
BLW-LOC-0472,Traction Motor,Locomotive,Critical,350,4380,2023-03-27,2026-01-01,1162,13.8,15502.0,71.1,5.82,0.64,5,323,2025-02-12,101417.0,56.5,1680,High
BLW-LOC-0472,Traction Motor,Locomotive,Critical,350,4380,2023-03-27,2026-01-16,1177,13.8,15709.0,70.5,2.71,0.854,8,79,2025-10-29,101824.0,67.0,1943,Medium
BLW-LOC-0472,Traction Motor,Locomotive,Critical,350,4380,2023-03-27,2026-01-31,1192,13.8,15916.0,60.1,1.66,0.825,8,349,2025-02-16,45450.0,65.5,2167,High
BLW-LOC-0472,Traction Motor,Locomotive,Critical,350,4380,2023-03-27,2026-02-15,1207,13.8,16123.0,78.8,3.02,0.84,3,115,2025-10-23,123165.0,69.8,2039,Medium
BLW-LOC-0472,Traction Motor,Locomotive,Critical,350,4380,2023-03-27,2026-03-02,1222,13.8,16330.0,69.2,3.25,0.783,6,247,2025-06-28,44467.0,64.1,1969,High
BLW-LOC-0472,Traction Motor,Locomotive,Critical,350,4380,2023-03-27,2026-03-17,1237,13.8,16537.0,80.5,3.2,0.841,8,153,2025-10-15,77337.0,58.7,1838,Medium
BLW-LOC-0472,Traction Motor,Locomotive,Critical,350,4380,2023-03-27,2026-04-01,1252,13.8,16744.0,113.6,2.75,0.927,6,26,2026-03-06,143055.0,56.6,1480,Medium
BLW-LOC-0472,Traction Motor,Locomotive,Critical,350,4380,2023-03-27,2026-04-16,1267,13.8,16951.0,94.1,4.1,0.88,4,131,2025-12-06,20442.0,58.8,1516,Medium
BLW-LOC-0472,Traction Motor,Locomotive,Critical,350,4380,2023-03-27,2026-05-01,1282,13.8,17158.0,82.9,2.36,0.819,2,284,2025-07-21,37426.0,70.2,1926,High
BLW-LOC-0472,Traction Motor,Locomotive,Critical,350,4380,2023-03-27,2026-05-16,1297,13.8,17365.0,98.6,5.71,0.874,3,127,2026-01-09,72330.0,55.1,1348,Medium
BLW-MFG-0473,Hydraulic Press,Manufacturing,High,55,5475,2020-07-20,2026-01-01,2142,15.8,28826.0,55.2,1.94,0.904,6,204,2025-06-11,65797.0,69.4,2816,High
BLW-MFG-0473,Hydraulic Press,Manufacturing,High,55,5475,2020-07-20,2026-01-16,2157,15.8,29063.0,77.5,2.19,0.909,5,153,2025-08-16,16764.0,64.3,2431,Medium
BLW-MFG-0473,Hydraulic Press,Manufacturing,High,55,5475,2020-07-20,2026-01-31,2172,15.8,29300.0,60.8,1.95,0.75,2,319,2025-03-18,74770.0,71.7,2506,High
BLW-MFG-0473,Hydraulic Press,Manufacturing,High,55,5475,2020-07-20,2026-02-15,2187,15.8,29537.0,60.5,3.72,1.015,1,160,2025-09-08,139288.0,72.0,2583,Medium
BLW-MFG-0473,Hydraulic Press,Manufacturing,High,55,5475,2020-07-20,2026-03-02,2202,15.8,29774.0,62.5,3.31,0.675,0,223,2025-07-22,63859.0,75.3,2212,High
BLW-MFG-0473,Hydraulic Press,Manufacturing,High,55,5475,2020-07-20,2026-03-17,2217,15.8,30011.0,72.8,3.28,0.864,6,78,2025-12-29,65062.0,62.6,2285,Medium
BLW-MFG-0473,Hydraulic Press,Manufacturing,High,55,5475,2020-07-20,2026-04-01,2232,15.8,30248.0,74.5,2.91,0.917,0,170,2025-10-13,140951.0,72.2,2378,Medium
BLW-MFG-0473,Hydraulic Press,Manufacturing,High,55,5475,2020-07-20,2026-04-16,2247,15.8,30485.0,69.1,3.35,0.912,1,157,2025-11-10,39174.0,71.1,2193,Medium
BLW-MFG-0473,Hydraulic Press,Manufacturing,High,55,5475,2020-07-20,2026-05-01,2262,15.8,30722.0,74.7,4.27,0.89,7,202,2025-10-11,90321.0,55.2,2059,High
BLW-MFG-0473,Hydraulic Press,Manufacturing,High,55,5475,2020-07-20,2026-05-16,2277,15.8,30959.0,81.1,3.08,0.82,6,220,2025-10-08,128170.0,58.7,2060,High
BLW-LOC-0474,Air Compressor,Locomotive,High,22,3650,2021-05-13,2026-01-01,1845,14.5,20050.0,91.3,4.83,0.918,2,306,2025-03-01,52436.0,48.0,1121,High
BLW-LOC-0474,Air Compressor,Locomotive,High,22,3650,2021-05-13,2026-01-16,1860,14.5,20267.5,75.8,2.95,0.872,6,42,2025-12-05,19596.0,63.0,1365,Medium
BLW-LOC-0474,Air Compressor,Locomotive,High,22,3650,2021-05-13,2026-01-31,1875,14.5,20485.0,77.0,3.31,1.0,1,4,2026-01-27,26757.0,70.0,1312,Low
BLW-LOC-0474,Air Compressor,Locomotive,High,22,3650,2021-05-13,2026-02-15,1890,14.5,20702.5,56.8,4.09,0.774,6,252,2025-06-08,135004.0,60.0,1376,High
BLW-LOC-0474,Air Compressor,Locomotive,High,22,3650,2021-05-13,2026-03-02,1905,14.5,20920.0,73.1,2.1,0.922,2,26,2026-02-04,5303.0,74.1,1552,Low
BLW-LOC-0474,Air Compressor,Locomotive,High,22,3650,2021-05-13,2026-03-17,1920,14.5,21137.5,65.7,2.86,0.903,2,16,2026-03-01,24355.0,71.6,1526,Low
BLW-LOC-0474,Air Compressor,Locomotive,High,22,3650,2021-05-13,2026-04-01,1935,14.5,21355.0,105.6,3.58,0.701,5,347,2025-04-19,104421.0,40.5,1009,High
BLW-LOC-0474,Air Compressor,Locomotive,High,22,3650,2021-05-13,2026-04-16,1950,14.5,21572.5,115.7,5.85,0.973,5,341,2025-05-10,87940.0,32.5,801,High
BLW-LOC-0474,Air Compressor,Locomotive,High,22,3650,2021-05-13,2026-05-01,1965,14.5,21790.0,67.4,5.19,1.001,0,84,2026-02-06,134468.0,67.9,1437,Medium
BLW-LOC-0474,Air Compressor,Locomotive,High,22,3650,2021-05-13,2026-05-16,1980,14.5,22007.5,78.5,2.43,1.012,5,51,2026-03-26,10647.0,63.8,1461,Medium
BLW-MFG-0475,CNC Turning Center,Manufacturing,High,22,3650,2020-03-21,2026-01-01,2263,14.6,31270.0,86.9,2.15,0.806,3,87,2025-10-06,135073.0,60.2,1235,Medium
BLW-MFG-0475,CNC Turning Center,Manufacturing,High,22,3650,2020-03-21,2026-01-16,2278,14.6,31489.0,57.4,1.99,0.772,7,55,2025-11-22,43763.0,61.7,1474,Medium
BLW-MFG-0475,CNC Turning Center,Manufacturing,High,22,3650,2020-03-21,2026-01-31,2293,14.6,31708.0,67.5,3.15,0.746,4,315,2025-03-22,126343.0,54.4,1177,High
BLW-MFG-0475,CNC Turning Center,Manufacturing,High,22,3650,2020-03-21,2026-02-15,2308,14.6,31927.0,69.1,4.01,0.693,1,313,2025-04-08,46245.0,57.5,1214,High
BLW-MFG-0475,CNC Turning Center,Manufacturing,High,22,3650,2020-03-21,2026-03-02,2323,14.6,32146.0,77.8,3.14,0.88,1,236,2025-07-09,92894.0,58.1,1311,High
BLW-MFG-0475,CNC Turning Center,Manufacturing,High,22,3650,2020-03-21,2026-03-17,2338,14.6,32365.0,73.2,2.42,0.855,4,80,2025-12-27,98302.0,60.4,1320,Medium
BLW-MFG-0475,CNC Turning Center,Manufacturing,High,22,3650,2020-03-21,2026-04-01,2353,14.6,32584.0,64.8,2.49,0.87,8,49,2026-02-11,76980.0,57.8,1431,Medium
BLW-MFG-0475,CNC Turning Center,Manufacturing,High,22,3650,2020-03-21,2026-04-16,2368,14.6,32803.0,65.6,1.37,0.819,3,352,2025-04-29,46136.0,57.0,1461,High
BLW-MFG-0475,CNC Turning Center,Manufacturing,High,22,3650,2020-03-21,2026-05-01,2383,14.6,33022.0,51.3,2.31,0.824,6,173,2025-11-09,101426.0,62.7,1363,Medium
BLW-MFG-0475,CNC Turning Center,Manufacturing,High,22,3650,2020-03-21,2026-05-16,2398,14.6,33241.0,72.3,3.77,1.013,7,231,2025-09-27,57019.0,48.8,1252,High
BLW-LOC-0476,Air Compressor,Locomotive,High,22,3650,2021-08-24,2026-01-01,1742,15.1,24841.0,91.0,2.05,0.893,6,120,2025-09-03,120167.0,56.5,1221,Medium
BLW-LOC-0476,Air Compressor,Locomotive,High,22,3650,2021-08-24,2026-01-16,1757,15.1,25067.5,70.1,2.59,0.948,4,341,2025-02-09,52358.0,59.4,1454,High
BLW-LOC-0476,Air Compressor,Locomotive,High,22,3650,2021-08-24,2026-01-31,1772,15.1,25294.0,60.4,3.52,0.792,3,236,2025-06-09,26565.0,65.6,1428,High
BLW-LOC-0476,Air Compressor,Locomotive,High,22,3650,2021-08-24,2026-02-15,1787,15.1,25520.5,83.1,3.12,0.715,2,18,2026-01-28,16521.0,63.3,1238,Medium
BLW-LOC-0476,Air Compressor,Locomotive,High,22,3650,2021-08-24,2026-03-02,1802,15.1,25747.0,78.1,3.85,0.902,1,75,2025-12-17,20613.0,65.7,1269,Medium
BLW-LOC-0476,Air Compressor,Locomotive,High,22,3650,2021-08-24,2026-03-17,1817,15.1,25973.5,97.9,3.22,0.929,7,64,2026-01-12,26652.0,48.5,1130,High
BLW-LOC-0476,Air Compressor,Locomotive,High,22,3650,2021-08-24,2026-04-01,1832,15.1,26200.0,79.6,4.27,0.879,1,144,2025-11-08,116703.0,62.7,1218,Medium
BLW-LOC-0476,Air Compressor,Locomotive,High,22,3650,2021-08-24,2026-04-16,1847,15.1,26426.5,57.1,2.68,1.013,5,296,2025-06-24,39692.0,62.5,1575,High
BLW-LOC-0476,Air Compressor,Locomotive,High,22,3650,2021-08-24,2026-05-01,1862,15.1,26653.0,68.6,3.98,0.767,7,222,2025-09-21,64433.0,52.5,1331,High
BLW-LOC-0476,Air Compressor,Locomotive,High,22,3650,2021-08-24,2026-05-16,1877,15.1,26879.5,91.9,4.61,0.964,8,300,2025-07-20,48869.0,36.2,1054,High
BLW-MFG-0477,Paint Booth Ventilation,Manufacturing,Low,15,2555,2022-08-27,2026-01-01,1374,15.2,16901.0,62.6,1.42,0.822,6,98,2025-09-25,55037.0,66.0,1151,Medium
BLW-MFG-0477,Paint Booth Ventilation,Manufacturing,Low,15,2555,2022-08-27,2026-01-16,1389,15.2,17129.0,66.8,2.36,0.918,0,16,2025-12-31,126963.0,73.4,1105,Low
BLW-MFG-0477,Paint Booth Ventilation,Manufacturing,Low,15,2555,2022-08-27,2026-01-31,1404,15.2,17357.0,45.4,2.08,0.882,4,199,2025-07-16,32052.0,66.1,1065,High
BLW-MFG-0477,Paint Booth Ventilation,Manufacturing,Low,15,2555,2022-08-27,2026-02-15,1419,15.2,17585.0,96.0,1.73,1.0,7,237,2025-06-23,100458.0,47.1,867,High
BLW-MFG-0477,Paint Booth Ventilation,Manufacturing,Low,15,2555,2022-08-27,2026-03-02,1434,15.2,17813.0,75.0,4.2,0.725,6,363,2025-03-04,130073.0,46.8,965,High
BLW-MFG-0477,Paint Booth Ventilation,Manufacturing,Low,15,2555,2022-08-27,2026-03-17,1449,15.2,18041.0,72.5,4.04,0.897,7,68,2026-01-08,123288.0,58.1,954,Medium
BLW-MFG-0477,Paint Booth Ventilation,Manufacturing,Low,15,2555,2022-08-27,2026-04-01,1464,15.2,18269.0,72.5,3.39,0.836,6,337,2025-04-29,50644.0,52.9,996,High
BLW-MFG-0477,Paint Booth Ventilation,Manufacturing,Low,15,2555,2022-08-27,2026-04-16,1479,15.2,18497.0,80.1,4.0,0.898,2,3,2026-04-13,131030.0,64.0,877,Medium
BLW-MFG-0477,Paint Booth Ventilation,Manufacturing,Low,15,2555,2022-08-27,2026-05-01,1494,15.2,18725.0,64.8,3.96,1.002,2,128,2025-12-24,65291.0,63.1,1000,Medium
BLW-MFG-0477,Paint Booth Ventilation,Manufacturing,Low,15,2555,2022-08-27,2026-05-16,1509,15.2,18953.0,72.5,2.46,0.783,7,171,2025-11-26,26484.0,58.0,1107,Medium
BLW-MFG-0478,Hydraulic Press,Manufacturing,High,55,5475,2021-05-06,2026-01-01,1852,13.2,20745.0,40.6,2.65,0.866,4,103,2025-09-20,109514.0,77.7,2692,Low
BLW-MFG-0478,Hydraulic Press,Manufacturing,High,55,5475,2021-05-06,2026-01-16,1867,13.2,20943.0,86.9,2.88,0.956,6,19,2025-12-28,116775.0,62.8,2178,Medium
BLW-MFG-0478,Hydraulic Press,Manufacturing,High,55,5475,2021-05-06,2026-01-31,1882,13.2,21141.0,52.0,3.71,0.818,5,364,2025-02-01,54730.0,64.9,2472,High
BLW-MFG-0478,Hydraulic Press,Manufacturing,High,55,5475,2021-05-06,2026-02-15,1897,13.2,21339.0,74.4,3.31,0.736,5,172,2025-08-27,5397.0,63.6,2328,Medium
BLW-MFG-0478,Hydraulic Press,Manufacturing,High,55,5475,2021-05-06,2026-03-02,1912,13.2,21537.0,76.1,4.68,0.87,7,256,2025-06-19,34248.0,55.8,1945,High
BLW-MFG-0478,Hydraulic Press,Manufacturing,High,55,5475,2021-05-06,2026-03-17,1927,13.2,21735.0,93.2,3.6,0.84,2,170,2025-09-28,103652.0,61.8,1924,Medium
BLW-MFG-0478,Hydraulic Press,Manufacturing,High,55,5475,2021-05-06,2026-04-01,1942,13.2,21933.0,59.9,4.82,0.751,8,140,2025-11-12,81976.0,60.2,2259,Medium
BLW-MFG-0478,Hydraulic Press,Manufacturing,High,55,5475,2021-05-06,2026-04-16,1957,13.2,22131.0,56.2,3.16,0.964,8,302,2025-06-18,93807.0,61.3,2364,High
BLW-MFG-0478,Hydraulic Press,Manufacturing,High,55,5475,2021-05-06,2026-05-01,1972,13.2,22329.0,74.9,3.15,0.96,3,222,2025-09-21,116608.0,66.8,2336,High
BLW-MFG-0478,Hydraulic Press,Manufacturing,High,55,5475,2021-05-06,2026-05-16,1987,13.2,22527.0,70.4,3.33,0.826,0,232,2025-09-26,144801.0,73.1,2228,High
BLW-LOC-0479,Air Compressor,Locomotive,High,22,3650,2023-01-08,2026-01-01,1240,20.0,20756.0,69.5,4.36,0.952,4,170,2025-07-15,7598.0,62.6,1563,Medium
BLW-LOC-0479,Air Compressor,Locomotive,High,22,3650,2023-01-08,2026-01-16,1255,20.0,21056.0,78.4,1.94,0.657,1,242,2025-05-19,125285.0,72.0,1556,High
BLW-LOC-0479,Air Compressor,Locomotive,High,22,3650,2023-01-08,2026-01-31,1270,20.0,21356.0,61.4,0.89,0.813,6,237,2025-06-08,137545.0,68.8,1662,High
BLW-LOC-0479,Air Compressor,Locomotive,High,22,3650,2023-01-08,2026-02-15,1285,20.0,21656.0,64.6,2.99,1.014,3,161,2025-09-07,126046.0,69.3,1583,Medium
BLW-LOC-0479,Air Compressor,Locomotive,High,22,3650,2023-01-08,2026-03-02,1300,20.0,21956.0,99.4,4.29,0.891,3,230,2025-07-15,43382.0,50.7,1168,High
BLW-LOC-0479,Air Compressor,Locomotive,High,22,3650,2023-01-08,2026-03-17,1315,20.0,22256.0,73.9,2.72,0.745,0,117,2025-11-20,101923.0,76.3,1580,Low
BLW-LOC-0479,Air Compressor,Locomotive,High,22,3650,2023-01-08,2026-04-01,1330,20.0,22556.0,87.5,3.98,0.933,4,202,2025-09-11,43478.0,56.0,1276,High
BLW-LOC-0479,Air Compressor,Locomotive,High,22,3650,2023-01-08,2026-04-16,1345,20.0,22856.0,71.4,2.15,0.75,8,117,2025-12-20,10879.0,62.9,1461,Medium
BLW-LOC-0479,Air Compressor,Locomotive,High,22,3650,2023-01-08,2026-05-01,1360,20.0,23156.0,63.7,5.15,0.917,7,122,2025-12-30,62562.0,58.5,1605,Medium
BLW-LOC-0479,Air Compressor,Locomotive,High,22,3650,2023-01-08,2026-05-16,1375,20.0,23456.0,60.5,5.12,0.882,6,24,2026-04-22,144002.0,66.2,1493,Medium
BLW-LOC-0480,Traction Motor,Locomotive,Critical,350,4380,2023-01-01,2026-01-01,1247,17.4,18746.0,49.9,3.61,0.89,6,8,2025-12-24,77754.0,69.8,2201,Medium
BLW-LOC-0480,Traction Motor,Locomotive,Critical,350,4380,2023-01-01,2026-01-16,1262,17.4,19007.0,83.5,4.36,0.715,4,307,2025-03-15,101181.0,57.8,1734,High
BLW-LOC-0480,Traction Motor,Locomotive,Critical,350,4380,2023-01-01,2026-01-31,1277,17.4,19268.0,83.4,3.59,0.753,7,297,2025-04-09,35945.0,53.7,1647,High
BLW-LOC-0480,Traction Motor,Locomotive,Critical,350,4380,2023-01-01,2026-02-15,1292,17.4,19529.0,89.0,2.63,0.933,8,147,2025-09-21,118053.0,55.7,1678,Medium
BLW-LOC-0480,Traction Motor,Locomotive,Critical,350,4380,2023-01-01,2026-03-02,1307,17.4,19790.0,90.4,2.86,0.948,3,199,2025-08-15,86309.0,64.1,1689,High
BLW-LOC-0480,Traction Motor,Locomotive,Critical,350,4380,2023-01-01,2026-03-17,1322,17.4,20051.0,99.4,3.84,1.007,5,90,2025-12-17,84034.0,58.9,1458,Medium
BLW-LOC-0480,Traction Motor,Locomotive,Critical,350,4380,2023-01-01,2026-04-01,1337,17.4,20312.0,92.5,3.03,0.756,3,7,2026-03-25,104337.0,67.0,1554,Medium
BLW-LOC-0480,Traction Motor,Locomotive,Critical,350,4380,2023-01-01,2026-04-16,1352,17.4,20573.0,69.5,4.56,0.823,1,168,2025-10-30,98792.0,72.1,1868,Medium
BLW-LOC-0480,Traction Motor,Locomotive,Critical,350,4380,2023-01-01,2026-05-01,1367,17.4,20834.0,112.2,4.53,1.024,7,10,2026-04-21,19422.0,49.1,1238,High
BLW-LOC-0480,Traction Motor,Locomotive,Critical,350,4380,2023-01-01,2026-05-16,1382,17.4,21095.0,102.7,4.75,0.92,4,86,2026-02-19,100331.0,54.3,1390,Medium
BLW-LOC-0481,Traction Motor,Locomotive,Critical,350,4380,2022-05-01,2026-01-01,1492,8.3,10253.0,67.9,2.64,1.021,2,185,2025-06-30,19153.0,79.2,1979,High
BLW-LOC-0481,Traction Motor,Locomotive,Critical,350,4380,2022-05-01,2026-01-16,1507,8.3,10377.5,68.8,4.92,0.919,4,158,2025-08-11,149693.0,67.4,1899,Medium
BLW-LOC-0481,Traction Motor,Locomotive,Critical,350,4380,2022-05-01,2026-01-31,1522,8.3,10502.0,76.0,4.0,0.89,8,327,2025-03-10,14946.0,53.1,1800,High
BLW-LOC-0481,Traction Motor,Locomotive,Critical,350,4380,2022-05-01,2026-02-15,1537,8.3,10626.5,99.0,3.25,0.883,2,62,2025-12-15,128689.0,65.9,1584,Medium
BLW-LOC-0481,Traction Motor,Locomotive,Critical,350,4380,2022-05-01,2026-03-02,1552,8.3,10751.0,91.4,2.88,1.03,0,122,2025-10-31,14567.0,72.6,1681,Medium
BLW-LOC-0481,Traction Motor,Locomotive,Critical,350,4380,2022-05-01,2026-03-17,1567,8.3,10875.5,107.5,3.95,0.788,4,91,2025-12-16,21439.0,57.3,1440,Medium
BLW-LOC-0481,Traction Motor,Locomotive,Critical,350,4380,2022-05-01,2026-04-01,1582,8.3,11000.0,56.2,3.17,0.913,7,172,2025-10-11,22609.0,66.1,2083,Medium
BLW-LOC-0481,Traction Motor,Locomotive,Critical,350,4380,2022-05-01,2026-04-16,1597,8.3,11124.5,86.0,2.43,0.917,8,238,2025-08-21,79063.0,57.6,1688,High
BLW-LOC-0481,Traction Motor,Locomotive,Critical,350,4380,2022-05-01,2026-05-01,1612,8.3,11249.0,98.2,4.91,0.855,7,342,2025-05-24,94083.0,43.9,1452,High
BLW-LOC-0481,Traction Motor,Locomotive,Critical,350,4380,2022-05-01,2026-05-16,1627,8.3,11373.5,82.2,1.63,0.953,1,182,2025-11-15,119405.0,73.3,1923,High
BLW-LOC-0482,Cooling System,Locomotive,High,18,3285,2020-12-27,2026-01-01,1982,11.4,17100.0,99.9,3.34,0.85,4,9,2025-12-23,137083.0,54.8,994,Medium
BLW-LOC-0482,Cooling System,Locomotive,High,18,3285,2020-12-27,2026-01-16,1997,11.4,17271.0,65.0,3.48,0.859,1,32,2025-12-15,28532.0,72.7,1332,Low
BLW-LOC-0482,Cooling System,Locomotive,High,18,3285,2020-12-27,2026-01-31,2012,11.4,17442.0,118.4,2.19,0.978,5,82,2025-11-10,80703.0,51.4,889,Medium
BLW-LOC-0482,Cooling System,Locomotive,High,18,3285,2020-12-27,2026-02-15,2027,11.4,17613.0,70.6,5.65,0.602,8,99,2025-11-08,74410.0,48.1,1114,High
BLW-LOC-0482,Cooling System,Locomotive,High,18,3285,2020-12-27,2026-03-02,2042,11.4,17784.0,75.6,5.62,0.689,5,15,2026-02-15,54326.0,53.2,1002,Medium
BLW-LOC-0482,Cooling System,Locomotive,High,18,3285,2020-12-27,2026-03-17,2057,11.4,17955.0,88.3,3.48,0.816,6,221,2025-08-08,20018.0,50.9,1134,High
BLW-LOC-0482,Cooling System,Locomotive,High,18,3285,2020-12-27,2026-04-01,2072,11.4,18126.0,76.6,1.75,0.621,8,206,2025-09-07,35792.0,55.0,1296,High
BLW-LOC-0482,Cooling System,Locomotive,High,18,3285,2020-12-27,2026-04-16,2087,11.4,18297.0,84.5,3.76,0.788,3,317,2025-06-03,97436.0,53.1,1185,High
BLW-LOC-0482,Cooling System,Locomotive,High,18,3285,2020-12-27,2026-05-01,2102,11.4,18468.0,51.1,3.81,0.774,1,116,2026-01-05,126004.0,68.7,1261,Medium
BLW-LOC-0482,Cooling System,Locomotive,High,18,3285,2020-12-27,2026-05-16,2117,11.4,18639.0,90.9,4.44,1.07,7,285,2025-08-04,116772.0,41.2,870,High
BLW-LOC-0483,Brake System,Locomotive,Critical,12,2920,2021-10-21,2026-01-01,1684,15.0,19191.0,74.4,1.84,0.705,0,18,2025-12-14,70672.0,74.9,1154,Low
BLW-LOC-0483,Brake System,Locomotive,Critical,12,2920,2021-10-21,2026-01-16,1699,15.0,19416.0,87.6,3.12,0.95,0,292,2025-03-30,56536.0,57.1,1007,High
BLW-LOC-0483,Brake System,Locomotive,Critical,12,2920,2021-10-21,2026-01-31,1714,15.0,19641.0,84.8,3.35,0.885,5,332,2025-03-05,54115.0,48.0,1002,High
BLW-LOC-0483,Brake System,Locomotive,Critical,12,2920,2021-10-21,2026-02-15,1729,15.0,19866.0,84.1,3.65,0.836,0,161,2025-09-07,129991.0,62.5,983,Medium
BLW-LOC-0483,Brake System,Locomotive,Critical,12,2920,2021-10-21,2026-03-02,1744,15.0,20091.0,77.1,2.31,0.762,1,68,2025-12-24,127238.0,68.5,1165,Medium
BLW-LOC-0483,Brake System,Locomotive,Critical,12,2920,2021-10-21,2026-03-17,1759,15.0,20316.0,78.2,3.04,0.664,8,287,2025-06-03,116088.0,49.7,1013,High
BLW-LOC-0483,Brake System,Locomotive,Critical,12,2920,2021-10-21,2026-04-01,1774,15.0,20541.0,94.7,4.95,0.86,2,242,2025-08-02,76680.0,47.3,814,High
BLW-LOC-0483,Brake System,Locomotive,Critical,12,2920,2021-10-21,2026-04-16,1789,15.0,20766.0,86.3,4.56,0.989,8,174,2025-10-24,22364.0,43.8,809,High
BLW-LOC-0483,Brake System,Locomotive,Critical,12,2920,2021-10-21,2026-05-01,1804,15.0,20991.0,83.9,4.83,0.983,0,326,2025-06-09,50975.0,54.9,898,High
BLW-LOC-0483,Brake System,Locomotive,Critical,12,2920,2021-10-21,2026-05-16,1819,15.0,21216.0,94.1,3.41,0.825,4,274,2025-08-15,124214.0,48.7,825,High
BLW-LOC-0484,Air Compressor,Locomotive,High,22,3650,2020-03-20,2026-01-01,2264,18.0,29198.0,77.7,5.15,0.996,4,340,2025-01-26,144791.0,44.9,1049,High
BLW-LOC-0484,Air Compressor,Locomotive,High,22,3650,2020-03-20,2026-01-16,2279,18.0,29468.0,76.9,4.59,0.851,2,356,2025-01-25,42451.0,48.7,1204,High
BLW-LOC-0484,Air Compressor,Locomotive,High,22,3650,2020-03-20,2026-01-31,2294,18.0,29738.0,82.3,2.91,0.917,6,78,2025-11-14,45697.0,54.4,1117,Medium
BLW-LOC-0484,Air Compressor,Locomotive,High,22,3650,2020-03-20,2026-02-15,2309,18.0,30008.0,77.4,3.35,0.919,6,38,2026-01-08,146394.0,55.7,1161,Medium
BLW-LOC-0484,Air Compressor,Locomotive,High,22,3650,2020-03-20,2026-03-02,2324,18.0,30278.0,58.8,4.94,0.736,5,38,2026-01-23,77252.0,59.1,1251,Medium
BLW-LOC-0484,Air Compressor,Locomotive,High,22,3650,2020-03-20,2026-03-17,2339,18.0,30548.0,84.4,5.73,1.24,4,208,2025-08-21,8296.0,41.2,995,High
BLW-LOC-0484,Air Compressor,Locomotive,High,22,3650,2020-03-20,2026-04-01,2354,18.0,30818.0,80.5,5.06,0.995,4,167,2025-10-16,31793.0,50.5,1057,Medium
BLW-LOC-0484,Air Compressor,Locomotive,High,22,3650,2020-03-20,2026-04-16,2369,18.0,31088.0,70.3,4.96,0.899,1,70,2026-02-05,140054.0,60.5,1155,Medium
BLW-LOC-0484,Air Compressor,Locomotive,High,22,3650,2020-03-20,2026-05-01,2384,18.0,31358.0,99.5,5.82,0.747,1,185,2025-10-28,21439.0,44.3,793,High
BLW-LOC-0484,Air Compressor,Locomotive,High,22,3650,2020-03-20,2026-05-16,2399,18.0,31628.0,63.2,4.13,0.795,4,170,2025-11-27,51155.0,55.6,1248,Medium
BLW-MFG-0485,Welding Robot,Manufacturing,Medium,18,2920,2021-01-09,2026-01-01,1969,14.1,24283.0,52.7,2.22,0.687,1,118,2025-09-05,12116.0,69.8,1151,Medium
BLW-MFG-0485,Welding Robot,Manufacturing,Medium,18,2920,2021-01-09,2026-01-16,1984,14.1,24494.5,70.3,3.38,0.851,4,281,2025-04-10,114452.0,52.5,1007,High
BLW-MFG-0485,Welding Robot,Manufacturing,Medium,18,2920,2021-01-09,2026-01-31,1999,14.1,24706.0,56.6,2.17,0.9,1,364,2025-02-01,84596.0,61.2,1192,High
BLW-MFG-0485,Welding Robot,Manufacturing,Medium,18,2920,2021-01-09,2026-02-15,2014,14.1,24917.5,63.5,3.49,0.692,8,152,2025-09-16,136416.0,51.6,1061,Medium
BLW-MFG-0485,Welding Robot,Manufacturing,Medium,18,2920,2021-01-09,2026-03-02,2029,14.1,25129.0,45.3,2.03,0.831,4,51,2026-01-10,134822.0,68.2,1197,Medium
BLW-MFG-0485,Welding Robot,Manufacturing,Medium,18,2920,2021-01-09,2026-03-17,2044,14.1,25340.5,75.7,2.08,0.686,0,159,2025-10-09,138232.0,65.3,1015,Medium
BLW-MFG-0485,Welding Robot,Manufacturing,Medium,18,2920,2021-01-09,2026-04-01,2059,14.1,25552.0,59.4,3.94,0.869,6,47,2026-02-13,100395.0,57.3,1020,Medium
BLW-MFG-0485,Welding Robot,Manufacturing,Medium,18,2920,2021-01-09,2026-04-16,2074,14.1,25763.5,78.1,3.34,0.734,4,26,2026-03-21,24849.0,54.0,1050,Medium
BLW-MFG-0485,Welding Robot,Manufacturing,Medium,18,2920,2021-01-09,2026-05-01,2089,14.1,25975.0,56.7,3.67,1.011,1,301,2025-07-04,5581.0,61.2,1072,High
BLW-MFG-0485,Welding Robot,Manufacturing,Medium,18,2920,2021-01-09,2026-05-16,2104,14.1,26186.5,55.1,1.95,0.903,7,21,2026-04-25,73037.0,65.1,1145,Medium
BLW-LOC-0486,Cooling System,Locomotive,High,18,3285,2022-04-11,2026-01-01,1512,13.6,16025.0,69.7,4.34,0.768,8,126,2025-08-28,16891.0,56.3,1248,Medium
BLW-LOC-0486,Cooling System,Locomotive,High,18,3285,2022-04-11,2026-01-16,1527,13.6,16229.0,72.7,3.53,1.067,2,94,2025-10-14,99030.0,69.7,1392,Medium
BLW-LOC-0486,Cooling System,Locomotive,High,18,3285,2022-04-11,2026-01-31,1542,13.6,16433.0,65.8,4.92,0.937,1,322,2025-03-15,122776.0,60.6,1329,High
BLW-LOC-0486,Cooling System,Locomotive,High,18,3285,2022-04-11,2026-02-15,1557,13.6,16637.0,72.7,1.8,0.881,7,111,2025-10-27,110669.0,64.7,1401,Medium
BLW-LOC-0486,Cooling System,Locomotive,High,18,3285,2022-04-11,2026-03-02,1572,13.6,16841.0,79.6,3.3,1.166,2,86,2025-12-06,111990.0,65.2,1326,Medium
BLW-LOC-0486,Cooling System,Locomotive,High,18,3285,2022-04-11,2026-03-17,1587,13.6,17045.0,82.2,2.72,0.869,8,122,2025-11-15,148499.0,53.8,1205,Medium
BLW-LOC-0486,Cooling System,Locomotive,High,18,3285,2022-04-11,2026-04-01,1602,13.6,17249.0,82.1,1.94,0.941,0,348,2025-04-18,80831.0,64.7,1256,High
BLW-LOC-0486,Cooling System,Locomotive,High,18,3285,2022-04-11,2026-04-16,1617,13.6,17453.0,67.4,6.46,0.648,4,295,2025-06-25,120226.0,53.6,1104,High
BLW-LOC-0486,Cooling System,Locomotive,High,18,3285,2022-04-11,2026-05-01,1632,13.6,17657.0,79.1,4.62,0.957,3,252,2025-08-22,84397.0,55.8,1094,High
BLW-LOC-0486,Cooling System,Locomotive,High,18,3285,2022-04-11,2026-05-16,1647,13.6,17861.0,94.5,4.61,0.861,0,220,2025-10-08,35596.0,57.6,1028,High
BLW-LOC-0487,Brake System,Locomotive,Critical,12,2920,2021-01-29,2026-01-01,1949,17.6,27024.0,65.6,3.5,0.912,2,207,2025-06-08,146190.0,59.5,1011,High
BLW-LOC-0487,Brake System,Locomotive,Critical,12,2920,2021-01-29,2026-01-16,1964,17.6,27288.0,67.4,5.45,0.814,6,296,2025-03-26,46711.0,42.6,761,High
BLW-LOC-0487,Brake System,Locomotive,Critical,12,2920,2021-01-29,2026-01-31,1979,17.6,27552.0,76.7,4.24,0.952,3,315,2025-03-22,129140.0,49.9,855,High
BLW-LOC-0487,Brake System,Locomotive,Critical,12,2920,2021-01-29,2026-02-15,1994,17.6,27816.0,84.6,3.11,0.786,1,361,2025-02-19,65933.0,51.6,893,High
BLW-LOC-0487,Brake System,Locomotive,Critical,12,2920,2021-01-29,2026-03-02,2009,17.6,28080.0,65.0,4.57,0.948,7,0,2026-03-02,146783.0,51.1,910,Medium
BLW-LOC-0487,Brake System,Locomotive,Critical,12,2920,2021-01-29,2026-03-17,2024,17.6,28344.0,66.3,0.83,0.856,6,302,2025-05-19,32719.0,53.8,1045,High
BLW-LOC-0487,Brake System,Locomotive,Critical,12,2920,2021-01-29,2026-04-01,2039,17.6,28608.0,125.8,4.25,0.898,4,353,2025-04-13,23588.0,32.0,387,High
BLW-LOC-0487,Brake System,Locomotive,Critical,12,2920,2021-01-29,2026-04-16,2054,17.6,28872.0,97.5,4.28,0.923,2,328,2025-05-23,89130.0,39.6,604,High
BLW-LOC-0487,Brake System,Locomotive,Critical,12,2920,2021-01-29,2026-05-01,2069,17.6,29136.0,76.9,4.24,0.837,3,67,2026-02-23,108105.0,54.8,822,Medium
BLW-LOC-0487,Brake System,Locomotive,Critical,12,2920,2021-01-29,2026-05-16,2084,17.6,29400.0,91.7,2.78,0.918,3,127,2026-01-09,113008.0,50.2,737,Medium
BLW-MFG-0488,CNC Turning Center,Manufacturing,High,22,3650,2023-11-01,2026-01-01,943,11.5,10731.0,63.0,4.18,0.674,4,57,2025-11-05,88313.0,74.8,1760,Low
BLW-MFG-0488,CNC Turning Center,Manufacturing,High,22,3650,2023-11-01,2026-01-16,958,11.5,10903.5,93.4,2.41,0.762,3,56,2025-11-21,125346.0,67.9,1607,Medium
BLW-MFG-0488,CNC Turning Center,Manufacturing,High,22,3650,2023-11-01,2026-01-31,973,11.5,11076.0,56.2,2.57,0.645,0,211,2025-07-04,20508.0,84.9,1994,High
BLW-MFG-0488,CNC Turning Center,Manufacturing,High,22,3650,2023-11-01,2026-02-15,988,11.5,11248.5,77.5,1.51,0.896,3,228,2025-07-02,25936.0,69.9,1725,High
BLW-MFG-0488,CNC Turning Center,Manufacturing,High,22,3650,2023-11-01,2026-03-02,1003,11.5,11421.0,70.7,3.28,0.893,1,188,2025-08-26,52141.0,76.0,1540,High
BLW-MFG-0488,CNC Turning Center,Manufacturing,High,22,3650,2023-11-01,2026-03-17,1018,11.5,11593.5,75.4,3.14,0.755,6,193,2025-09-05,100630.0,63.1,1752,High
BLW-MFG-0488,CNC Turning Center,Manufacturing,High,22,3650,2023-11-01,2026-04-01,1033,11.5,11766.0,84.6,3.74,0.782,4,227,2025-08-17,101152.0,58.8,1557,High
BLW-MFG-0488,CNC Turning Center,Manufacturing,High,22,3650,2023-11-01,2026-04-16,1048,11.5,11938.5,75.0,2.81,0.967,2,105,2026-01-01,61436.0,77.5,1706,Low
BLW-MFG-0488,CNC Turning Center,Manufacturing,High,22,3650,2023-11-01,2026-05-01,1063,11.5,12111.0,71.8,3.25,0.928,3,340,2025-05-26,129426.0,66.6,1717,High
BLW-MFG-0488,CNC Turning Center,Manufacturing,High,22,3650,2023-11-01,2026-05-16,1078,11.5,12283.5,61.2,4.45,0.918,3,250,2025-09-08,75892.0,70.0,1705,High
BLW-LOC-0489,Traction Motor,Locomotive,Critical,350,4380,2022-06-14,2026-01-01,1448,6.7,6800.0,65.2,5.3,1.045,7,81,2025-10-12,13904.0,65.7,1979,Medium
BLW-LOC-0489,Traction Motor,Locomotive,Critical,350,4380,2022-06-14,2026-01-16,1463,6.7,6900.5,81.1,4.47,1.002,0,234,2025-05-27,81021.0,69.1,1789,High
BLW-LOC-0489,Traction Motor,Locomotive,Critical,350,4380,2022-06-14,2026-01-31,1478,6.7,7001.0,93.6,4.38,0.769,3,211,2025-07-04,21010.0,56.3,1582,High
BLW-LOC-0489,Traction Motor,Locomotive,Critical,350,4380,2022-06-14,2026-02-15,1493,6.7,7101.5,48.9,2.46,0.76,4,72,2025-12-05,46100.0,80.0,2307,Low
BLW-LOC-0489,Traction Motor,Locomotive,Critical,350,4380,2022-06-14,2026-03-02,1508,6.7,7202.0,96.8,4.31,0.946,2,218,2025-07-27,116513.0,61.1,1375,High
BLW-LOC-0489,Traction Motor,Locomotive,Critical,350,4380,2022-06-14,2026-03-17,1523,6.7,7302.5,82.2,1.59,0.936,7,271,2025-06-19,14468.0,59.3,1921,High
BLW-LOC-0489,Traction Motor,Locomotive,Critical,350,4380,2022-06-14,2026-04-01,1538,6.7,7403.0,91.0,2.46,0.995,7,178,2025-10-05,48963.0,60.9,1811,Medium
BLW-LOC-0489,Traction Motor,Locomotive,Critical,350,4380,2022-06-14,2026-04-16,1553,6.7,7503.5,94.1,3.42,0.903,3,230,2025-08-29,34134.0,61.8,1683,High
BLW-LOC-0489,Traction Motor,Locomotive,Critical,350,4380,2022-06-14,2026-05-01,1568,6.7,7604.0,74.3,2.41,0.85,4,244,2025-08-30,144709.0,69.9,1958,High
BLW-LOC-0489,Traction Motor,Locomotive,Critical,350,4380,2022-06-14,2026-05-16,1583,6.7,7704.5,98.0,2.54,0.874,4,82,2026-02-23,74651.0,66.9,1787,Medium
BLW-LOC-0490,Axle Bearing Assembly,Locomotive,Critical,0,4015,2020-09-30,2026-01-01,2070,6.2,9886.0,96.2,2.79,0.944,7,196,2025-06-19,36737.0,50.1,1350,High
BLW-LOC-0490,Axle Bearing Assembly,Locomotive,Critical,0,4015,2020-09-30,2026-01-16,2085,6.2,9979.0,76.1,2.86,0.812,8,260,2025-05-01,98074.0,55.2,1517,High
BLW-LOC-0490,Axle Bearing Assembly,Locomotive,Critical,0,4015,2020-09-30,2026-01-31,2100,6.2,10072.0,92.4,3.38,0.884,2,56,2025-12-06,43813.0,64.6,1413,Medium
BLW-LOC-0490,Axle Bearing Assembly,Locomotive,Critical,0,4015,2020-09-30,2026-02-15,2115,6.2,10165.0,81.8,3.28,1.035,5,267,2025-05-24,41948.0,58.8,1519,High
BLW-LOC-0490,Axle Bearing Assembly,Locomotive,Critical,0,4015,2020-09-30,2026-03-02,2130,6.2,10258.0,74.5,3.56,0.92,1,139,2025-10-14,129990.0,72.7,1507,Medium
BLW-LOC-0490,Axle Bearing Assembly,Locomotive,Critical,0,4015,2020-09-30,2026-03-17,2145,6.2,10351.0,91.9,5.1,0.697,8,158,2025-10-10,113228.0,45.5,1138,High
BLW-LOC-0490,Axle Bearing Assembly,Locomotive,Critical,0,4015,2020-09-30,2026-04-01,2160,6.2,10444.0,89.3,3.37,0.864,0,32,2026-02-28,87238.0,69.3,1520,Medium
BLW-LOC-0490,Axle Bearing Assembly,Locomotive,Critical,0,4015,2020-09-30,2026-04-16,2175,6.2,10537.0,87.0,4.13,0.904,1,123,2025-12-14,135322.0,65.1,1398,Medium
BLW-LOC-0490,Axle Bearing Assembly,Locomotive,Critical,0,4015,2020-09-30,2026-05-01,2190,6.2,10630.0,109.9,2.42,0.683,4,125,2025-12-27,114872.0,52.0,1135,Medium
BLW-LOC-0490,Axle Bearing Assembly,Locomotive,Critical,0,4015,2020-09-30,2026-05-16,2205,6.2,10723.0,95.3,4.61,1.04,8,314,2025-07-06,88290.0,40.0,1251,High
BLW-MFG-0491,Compressor Unit,Manufacturing,Medium,37,3650,2023-07-09,2026-01-01,1058,13.0,11808.0,65.7,2.95,0.883,2,10,2025-12-22,52470.0,80.0,1994,Low
BLW-MFG-0491,Compressor Unit,Manufacturing,Medium,37,3650,2023-07-09,2026-01-16,1073,13.0,12003.0,81.8,2.37,0.716,8,214,2025-06-16,87353.0,59.9,1612,High
BLW-MFG-0491,Compressor Unit,Manufacturing,Medium,37,3650,2023-07-09,2026-01-31,1088,13.0,12198.0,79.4,1.85,0.859,0,246,2025-05-30,33046.0,73.3,1752,High
BLW-MFG-0491,Compressor Unit,Manufacturing,Medium,37,3650,2023-07-09,2026-02-15,1103,13.0,12393.0,66.1,4.69,0.68,1,156,2025-09-12,109528.0,75.6,1498,Medium
BLW-MFG-0491,Compressor Unit,Manufacturing,Medium,37,3650,2023-07-09,2026-03-02,1118,13.0,12588.0,52.3,1.49,0.865,6,128,2025-10-25,105924.0,74.0,1737,Medium
BLW-MFG-0491,Compressor Unit,Manufacturing,Medium,37,3650,2023-07-09,2026-03-17,1133,13.0,12783.0,71.4,3.46,0.849,4,300,2025-05-21,33923.0,65.4,1804,High
BLW-MFG-0491,Compressor Unit,Manufacturing,Medium,37,3650,2023-07-09,2026-04-01,1148,13.0,12978.0,71.6,3.83,0.864,6,342,2025-04-24,127077.0,58.1,1650,High
BLW-MFG-0491,Compressor Unit,Manufacturing,Medium,37,3650,2023-07-09,2026-04-16,1163,13.0,13173.0,62.7,3.07,0.886,5,49,2026-02-26,60089.0,72.6,1620,Low
BLW-MFG-0491,Compressor Unit,Manufacturing,Medium,37,3650,2023-07-09,2026-05-01,1178,13.0,13368.0,82.3,2.6,0.798,3,125,2025-12-27,52084.0,70.8,1585,Medium
BLW-MFG-0491,Compressor Unit,Manufacturing,Medium,37,3650,2023-07-09,2026-05-16,1193,13.0,13563.0,77.2,3.2,0.885,5,182,2025-11-15,73351.0,64.6,1621,High
BLW-MFG-0492,Material Handling Crane,Manufacturing,Critical,75,7300,2022-12-26,2026-01-01,1253,10.7,10300.0,78.3,2.29,0.912,8,8,2025-12-24,105011.0,71.9,3597,Low
BLW-MFG-0492,Material Handling Crane,Manufacturing,Critical,75,7300,2022-12-26,2026-01-16,1268,10.7,10460.5,67.3,2.82,0.86,1,289,2025-04-02,134909.0,81.4,3790,High
BLW-MFG-0492,Material Handling Crane,Manufacturing,Critical,75,7300,2022-12-26,2026-01-31,1283,10.7,10621.0,72.3,2.57,0.987,3,210,2025-07-05,130650.0,77.9,3656,High
BLW-MFG-0492,Material Handling Crane,Manufacturing,Critical,75,7300,2022-12-26,2026-02-15,1298,10.7,10781.5,65.9,3.83,0.774,3,239,2025-06-21,64792.0,72.2,3588,High
BLW-MFG-0492,Material Handling Crane,Manufacturing,Critical,75,7300,2022-12-26,2026-03-02,1313,10.7,10942.0,82.5,4.43,0.829,1,52,2026-01-09,103739.0,75.3,3230,Low
BLW-MFG-0492,Material Handling Crane,Manufacturing,Critical,75,7300,2022-12-26,2026-03-17,1328,10.7,11102.5,65.8,3.51,0.836,8,225,2025-08-04,109172.0,68.8,3671,High
BLW-MFG-0492,Material Handling Crane,Manufacturing,Critical,75,7300,2022-12-26,2026-04-01,1343,10.7,11263.0,79.5,2.92,1.043,3,109,2025-12-13,36678.0,76.5,3470,Low
BLW-MFG-0492,Material Handling Crane,Manufacturing,Critical,75,7300,2022-12-26,2026-04-16,1358,10.7,11423.5,61.5,3.06,0.866,1,18,2026-03-29,42186.0,87.5,3777,Low
BLW-MFG-0492,Material Handling Crane,Manufacturing,Critical,75,7300,2022-12-26,2026-05-01,1373,10.7,11584.0,69.4,3.25,0.684,6,61,2026-03-01,148741.0,74.6,3475,Low
BLW-MFG-0492,Material Handling Crane,Manufacturing,Critical,75,7300,2022-12-26,2026-05-16,1388,10.7,11744.5,71.9,4.18,1.07,7,107,2026-01-29,18555.0,68.9,3112,Medium
BLW-MFG-0493,Material Handling Crane,Manufacturing,Critical,75,7300,2023-06-06,2026-01-01,1091,7.7,7910.0,60.9,3.34,0.868,8,322,2025-02-13,141049.0,69.4,3711,High
BLW-MFG-0493,Material Handling Crane,Manufacturing,Critical,75,7300,2023-06-06,2026-01-16,1106,7.7,8025.5,61.4,4.43,0.831,3,22,2025-12-25,74022.0,80.3,3895,Low
BLW-MFG-0493,Material Handling Crane,Manufacturing,Critical,75,7300,2023-06-06,2026-01-31,1121,7.7,8141.0,48.6,-0.25,0.907,4,277,2025-04-29,29220.0,82.1,4123,High
BLW-MFG-0493,Material Handling Crane,Manufacturing,Critical,75,7300,2023-06-06,2026-02-15,1136,7.7,8256.5,51.8,2.9,0.807,0,250,2025-06-10,123474.0,85.2,4241,High
BLW-MFG-0493,Material Handling Crane,Manufacturing,Critical,75,7300,2023-06-06,2026-03-02,1151,7.7,8372.0,55.6,3.28,0.959,3,210,2025-08-04,133683.0,81.2,4085,High
BLW-MFG-0493,Material Handling Crane,Manufacturing,Critical,75,7300,2023-06-06,2026-03-17,1166,7.7,8487.5,75.8,3.44,0.882,1,45,2026-01-31,78037.0,82.9,3442,Low
BLW-MFG-0493,Material Handling Crane,Manufacturing,Critical,75,7300,2023-06-06,2026-04-01,1181,7.7,8603.0,54.2,3.96,0.966,3,294,2025-06-11,45262.0,76.6,3633,High
BLW-MFG-0493,Material Handling Crane,Manufacturing,Critical,75,7300,2023-06-06,2026-04-16,1196,7.7,8718.5,51.9,3.23,0.72,6,356,2025-04-25,55599.0,69.0,3798,High
BLW-MFG-0493,Material Handling Crane,Manufacturing,Critical,75,7300,2023-06-06,2026-05-01,1211,7.7,8834.0,62.2,3.51,0.844,5,231,2025-09-12,85662.0,73.9,3408,High
BLW-MFG-0493,Material Handling Crane,Manufacturing,Critical,75,7300,2023-06-06,2026-05-16,1226,7.7,8949.5,62.0,2.52,0.742,2,13,2026-05-03,112141.0,88.8,3719,Low
BLW-MFG-0494,CNC Wheel Lathe,Manufacturing,High,45,3650,2023-09-28,2026-01-01,977,9.9,7270.0,63.0,3.02,0.737,2,119,2025-09-04,111934.0,81.6,1702,Low
BLW-MFG-0494,CNC Wheel Lathe,Manufacturing,High,45,3650,2023-09-28,2026-01-16,992,9.9,7418.5,52.5,2.75,0.894,2,100,2025-10-08,124955.0,84.8,2030,Low
BLW-MFG-0494,CNC Wheel Lathe,Manufacturing,High,45,3650,2023-09-28,2026-01-31,1007,9.9,7567.0,62.1,2.79,0.727,3,67,2025-11-25,47775.0,79.8,1866,Low
BLW-MFG-0494,CNC Wheel Lathe,Manufacturing,High,45,3650,2023-09-28,2026-02-15,1022,9.9,7715.5,58.1,4.06,0.689,0,338,2025-03-14,70173.0,77.3,1702,High
BLW-MFG-0494,CNC Wheel Lathe,Manufacturing,High,45,3650,2023-09-28,2026-03-02,1037,9.9,7864.0,58.4,3.49,0.772,2,16,2026-02-14,22092.0,82.9,1747,Low
BLW-MFG-0494,CNC Wheel Lathe,Manufacturing,High,45,3650,2023-09-28,2026-03-17,1052,9.9,8012.5,90.4,2.49,0.85,3,187,2025-09-11,95934.0,67.6,1588,High
BLW-MFG-0494,CNC Wheel Lathe,Manufacturing,High,45,3650,2023-09-28,2026-04-01,1067,9.9,8161.0,62.4,2.92,0.889,4,351,2025-04-15,67614.0,70.2,1923,High
BLW-MFG-0494,CNC Wheel Lathe,Manufacturing,High,45,3650,2023-09-28,2026-04-16,1082,9.9,8309.5,84.8,3.7,0.862,1,81,2026-01-25,73691.0,68.6,1584,Medium
BLW-MFG-0494,CNC Wheel Lathe,Manufacturing,High,45,3650,2023-09-28,2026-05-01,1097,9.9,8458.0,66.7,2.98,0.67,0,87,2026-02-03,59308.0,84.9,1676,Low
BLW-MFG-0494,CNC Wheel Lathe,Manufacturing,High,45,3650,2023-09-28,2026-05-16,1112,9.9,8606.5,73.6,4.06,0.818,8,89,2026-02-16,104244.0,65.5,1522,Medium
BLW-LOC-0495,Wheel Assembly,Locomotive,Critical,0,5475,2020-08-10,2026-01-01,2121,7.2,11412.0,87.0,1.93,0.974,1,78,2025-10-15,65183.0,76.2,2394,Low
BLW-LOC-0495,Wheel Assembly,Locomotive,Critical,0,5475,2020-08-10,2026-01-16,2136,7.2,11520.0,72.9,1.87,0.808,6,117,2025-09-21,106455.0,72.1,2522,Low
BLW-LOC-0495,Wheel Assembly,Locomotive,Critical,0,5475,2020-08-10,2026-01-31,2151,7.2,11628.0,56.3,2.25,1.01,2,136,2025-09-17,108486.0,82.3,2570,Medium
BLW-LOC-0495,Wheel Assembly,Locomotive,Critical,0,5475,2020-08-10,2026-02-15,2166,7.2,11736.0,53.9,2.9,0.643,8,346,2025-03-06,81976.0,62.7,2897,High
BLW-LOC-0495,Wheel Assembly,Locomotive,Critical,0,5475,2020-08-10,2026-03-02,2181,7.2,11844.0,57.2,3.48,1.027,5,231,2025-07-14,27823.0,70.9,2529,High
BLW-LOC-0495,Wheel Assembly,Locomotive,Critical,0,5475,2020-08-10,2026-03-17,2196,7.2,11952.0,79.8,2.36,0.843,8,338,2025-04-13,87258.0,57.2,2450,High
BLW-LOC-0495,Wheel Assembly,Locomotive,Critical,0,5475,2020-08-10,2026-04-01,2211,7.2,12060.0,73.5,3.57,0.766,7,217,2025-08-27,29960.0,61.2,2379,High
BLW-LOC-0495,Wheel Assembly,Locomotive,Critical,0,5475,2020-08-10,2026-04-16,2226,7.2,12168.0,93.0,2.45,0.903,7,142,2025-11-25,50781.0,57.5,2213,Medium
BLW-LOC-0495,Wheel Assembly,Locomotive,Critical,0,5475,2020-08-10,2026-05-01,2241,7.2,12276.0,82.0,2.08,0.864,3,10,2026-04-21,33459.0,75.6,2415,Low
BLW-LOC-0495,Wheel Assembly,Locomotive,Critical,0,5475,2020-08-10,2026-05-16,2256,7.2,12384.0,77.5,3.25,0.776,4,192,2025-11-05,117021.0,65.8,2204,High
BLW-LOC-0496,Axle Bearing Assembly,Locomotive,Critical,0,4015,2020-07-05,2026-01-01,2157,18.2,28839.0,92.6,2.42,0.865,2,27,2025-12-05,38312.0,61.7,1362,Medium
BLW-LOC-0496,Axle Bearing Assembly,Locomotive,Critical,0,4015,2020-07-05,2026-01-16,2172,18.2,29112.0,95.1,4.39,0.897,8,57,2025-11-20,86209.0,41.5,979,High
BLW-LOC-0496,Axle Bearing Assembly,Locomotive,Critical,0,4015,2020-07-05,2026-01-31,2187,18.2,29385.0,66.9,4.5,0.869,6,332,2025-03-05,89196.0,51.3,1453,High
BLW-LOC-0496,Axle Bearing Assembly,Locomotive,Critical,0,4015,2020-07-05,2026-02-15,2202,18.2,29658.0,69.5,3.69,0.863,2,27,2026-01-19,80103.0,66.6,1425,Medium
BLW-LOC-0496,Axle Bearing Assembly,Locomotive,Critical,0,4015,2020-07-05,2026-03-02,2217,18.2,29931.0,99.0,3.76,0.872,8,118,2025-11-04,120847.0,40.5,1080,High
BLW-LOC-0496,Axle Bearing Assembly,Locomotive,Critical,0,4015,2020-07-05,2026-03-17,2232,18.2,30204.0,66.9,4.3,0.933,3,25,2026-02-20,78720.0,63.9,1453,Medium
BLW-LOC-0496,Axle Bearing Assembly,Locomotive,Critical,0,4015,2020-07-05,2026-04-01,2247,18.2,30477.0,85.6,3.75,0.882,8,37,2026-02-23,40017.0,49.5,1215,High
BLW-LOC-0496,Axle Bearing Assembly,Locomotive,Critical,0,4015,2020-07-05,2026-04-16,2262,18.2,30750.0,84.5,2.53,0.867,8,42,2026-03-05,54171.0,53.7,1337,Medium
BLW-LOC-0496,Axle Bearing Assembly,Locomotive,Critical,0,4015,2020-07-05,2026-05-01,2277,18.2,31023.0,98.7,4.64,0.786,8,47,2026-03-15,42650.0,40.9,954,High
BLW-LOC-0496,Axle Bearing Assembly,Locomotive,Critical,0,4015,2020-07-05,2026-05-16,2292,18.2,31296.0,85.1,3.95,0.968,5,281,2025-08-08,24746.0,47.8,1299,High
BLW-MFG-0497,Compressor Unit,Manufacturing,Medium,37,3650,2020-03-31,2026-01-01,2253,12.0,25821.0,67.9,2.05,0.773,3,71,2025-10-22,121416.0,69.0,1363,Medium
BLW-MFG-0497,Compressor Unit,Manufacturing,Medium,37,3650,2020-03-31,2026-01-16,2268,12.0,26001.0,49.6,2.86,0.92,3,357,2025-01-24,97256.0,62.9,1485,High
BLW-MFG-0497,Compressor Unit,Manufacturing,Medium,37,3650,2020-03-31,2026-01-31,2283,12.0,26181.0,79.3,2.97,0.677,8,75,2025-11-17,95602.0,51.7,1218,Medium
BLW-MFG-0497,Compressor Unit,Manufacturing,Medium,37,3650,2020-03-31,2026-02-15,2298,12.0,26361.0,78.4,2.93,0.707,1,216,2025-07-14,109533.0,58.6,1324,High
BLW-MFG-0497,Compressor Unit,Manufacturing,Medium,37,3650,2020-03-31,2026-03-02,2313,12.0,26541.0,39.2,2.53,0.863,8,41,2026-01-20,111972.0,60.1,1560,Medium
BLW-MFG-0497,Compressor Unit,Manufacturing,Medium,37,3650,2020-03-31,2026-03-17,2328,12.0,26721.0,83.3,2.13,0.815,5,235,2025-07-25,28872.0,55.1,1304,High
BLW-MFG-0497,Compressor Unit,Manufacturing,Medium,37,3650,2020-03-31,2026-04-01,2343,12.0,26901.0,53.1,2.97,0.765,4,172,2025-10-11,9344.0,65.6,1530,Medium
BLW-MFG-0497,Compressor Unit,Manufacturing,Medium,37,3650,2020-03-31,2026-04-16,2358,12.0,27081.0,66.8,3.28,0.724,0,13,2026-04-03,117419.0,70.8,1536,Low
BLW-MFG-0497,Compressor Unit,Manufacturing,Medium,37,3650,2020-03-31,2026-05-01,2373,12.0,27261.0,72.0,4.04,0.883,0,15,2026-04-16,17127.0,69.4,1183,Medium
BLW-MFG-0497,Compressor Unit,Manufacturing,Medium,37,3650,2020-03-31,2026-05-16,2388,12.0,27441.0,69.9,4.73,0.961,2,326,2025-06-24,89947.0,56.0,1267,High
BLW-MFG-0498,CNC Turning Center,Manufacturing,High,22,3650,2023-11-09,2026-01-01,935,8.7,8020.0,58.6,1.88,0.71,1,224,2025-05-22,118629.0,85.3,1997,High
BLW-MFG-0498,CNC Turning Center,Manufacturing,High,22,3650,2023-11-09,2026-01-16,950,8.7,8150.5,65.0,3.31,0.839,8,331,2025-02-19,58873.0,64.0,1814,High
BLW-MFG-0498,CNC Turning Center,Manufacturing,High,22,3650,2023-11-09,2026-01-31,965,8.7,8281.0,53.8,3.15,0.663,0,76,2025-11-16,148318.0,86.8,1921,Low
BLW-MFG-0498,CNC Turning Center,Manufacturing,High,22,3650,2023-11-09,2026-02-15,980,8.7,8411.5,51.6,2.58,0.836,5,194,2025-08-05,102466.0,76.4,1842,High
BLW-MFG-0498,CNC Turning Center,Manufacturing,High,22,3650,2023-11-09,2026-03-02,995,8.7,8542.0,54.1,2.95,0.675,8,330,2025-04-06,47030.0,65.4,1773,High
BLW-MFG-0498,CNC Turning Center,Manufacturing,High,22,3650,2023-11-09,2026-03-17,1010,8.7,8672.5,67.4,2.55,0.694,4,133,2025-11-04,28095.0,76.1,1884,Medium
BLW-MFG-0498,CNC Turning Center,Manufacturing,High,22,3650,2023-11-09,2026-04-01,1025,8.7,8803.0,84.9,5.3,1.019,8,75,2026-01-16,92051.0,54.0,1337,Medium
BLW-MFG-0498,CNC Turning Center,Manufacturing,High,22,3650,2023-11-09,2026-04-16,1040,8.7,8933.5,70.3,3.07,0.862,8,244,2025-08-15,46642.0,67.2,1603,High
BLW-MFG-0498,CNC Turning Center,Manufacturing,High,22,3650,2023-11-09,2026-05-01,1055,8.7,9064.0,62.8,4.68,0.798,8,39,2026-03-23,26834.0,68.1,1732,Medium
BLW-MFG-0498,CNC Turning Center,Manufacturing,High,22,3650,2023-11-09,2026-05-16,1070,8.7,9194.5,78.0,3.42,0.959,4,256,2025-09-02,95140.0,65.0,1580,High
BLW-MFG-0499,CNC Milling Machine,Manufacturing,High,30,3650,2021-10-05,2026-01-01,1700,11.3,13680.0,71.4,0.94,0.962,6,239,2025-05-07,8806.0,64.5,1614,High
BLW-MFG-0499,CNC Milling Machine,Manufacturing,High,30,3650,2021-10-05,2026-01-16,1715,11.3,13849.5,46.2,1.69,0.785,0,1,2026-01-15,100995.0,87.2,1588,Low
BLW-MFG-0499,CNC Milling Machine,Manufacturing,High,30,3650,2021-10-05,2026-01-31,1730,11.3,14019.0,76.1,2.58,0.808,3,193,2025-07-22,55076.0,67.4,1552,High
BLW-MFG-0499,CNC Milling Machine,Manufacturing,High,30,3650,2021-10-05,2026-02-15,1745,11.3,14188.5,58.9,3.51,0.603,5,45,2026-01-01,57413.0,70.5,1623,Low
BLW-MFG-0499,CNC Milling Machine,Manufacturing,High,30,3650,2021-10-05,2026-03-02,1760,11.3,14358.0,64.1,1.36,0.916,8,140,2025-10-13,81855.0,64.2,1656,Medium
BLW-MFG-0499,CNC Milling Machine,Manufacturing,High,30,3650,2021-10-05,2026-03-17,1775,11.3,14527.5,70.8,3.07,0.962,6,193,2025-09-05,86635.0,62.2,1556,High
BLW-MFG-0499,CNC Milling Machine,Manufacturing,High,30,3650,2021-10-05,2026-04-01,1790,11.3,14697.0,69.1,3.65,0.989,3,211,2025-09-02,26645.0,66.4,1580,High
BLW-MFG-0499,CNC Milling Machine,Manufacturing,High,30,3650,2021-10-05,2026-04-16,1805,11.3,14866.5,88.1,4.37,0.816,4,261,2025-07-29,38037.0,54.8,1270,High
BLW-MFG-0499,CNC Milling Machine,Manufacturing,High,30,3650,2021-10-05,2026-05-01,1820,11.3,15036.0,84.8,3.71,0.888,5,189,2025-10-24,100892.0,57.4,1350,High
BLW-MFG-0499,CNC Milling Machine,Manufacturing,High,30,3650,2021-10-05,2026-05-16,1835,11.3,15205.5,75.7,3.11,0.84,5,158,2025-12-09,124129.0,65.6,1512,Medium
BLW-LOC-0500,Brake System,Locomotive,Critical,12,2920,2024-02-03,2026-01-01,849,6.6,5123.0,69.4,3.17,0.977,7,27,2025-12-05,63976.0,70.3,1243,Low
BLW-LOC-0500,Brake System,Locomotive,Critical,12,2920,2024-02-03,2026-01-16,864,6.6,5222.0,57.7,1.48,0.699,3,210,2025-06-20,92305.0,79.0,1636,High
BLW-LOC-0500,Brake System,Locomotive,Critical,12,2920,2024-02-03,2026-01-31,879,6.6,5321.0,78.9,3.16,0.687,8,235,2025-06-10,94623.0,59.8,1144,High
BLW-LOC-0500,Brake System,Locomotive,Critical,12,2920,2024-02-03,2026-02-15,894,6.6,5420.0,74.9,6.13,0.945,0,319,2025-04-02,117899.0,64.5,1189,High
BLW-LOC-0500,Brake System,Locomotive,Critical,12,2920,2024-02-03,2026-03-02,909,6.6,5519.0,73.4,2.74,1.074,8,94,2025-11-28,23236.0,65.7,1306,Medium
BLW-LOC-0500,Brake System,Locomotive,Critical,12,2920,2024-02-03,2026-03-17,924,6.6,5618.0,86.6,2.63,0.953,0,137,2025-10-31,121289.0,75.2,1319,Medium
BLW-LOC-0500,Brake System,Locomotive,Critical,12,2920,2024-02-03,2026-04-01,939,6.6,5717.0,91.6,3.51,1.085,1,200,2025-09-13,41658.0,66.5,1247,High
BLW-LOC-0500,Brake System,Locomotive,Critical,12,2920,2024-02-03,2026-04-16,954,6.6,5816.0,101.2,5.98,0.906,8,63,2026-02-12,134080.0,46.2,963,High
BLW-LOC-0500,Brake System,Locomotive,Critical,12,2920,2024-02-03,2026-05-01,969,6.6,5915.0,79.4,2.92,0.867,8,2,2026-04-29,42933.0,65.5,1298,Medium
BLW-LOC-0500,Brake System,Locomotive,Critical,12,2920,2024-02-03,2026-05-16,984,6.6,6014.0,76.1,3.61,1.011,4,329,2025-06-21,30730.0,65.3,1277,High
